#
# There is insufficient memory for the Java Runtime Environment to continue.
# Native memory allocation (mmap) failed to map 258998272 bytes. Error detail: G1 virtual space
# Possible reasons:
#   The system is out of physical RAM or swap space
#   This process is running with CompressedOops enabled, and the Java Heap may be blocking the growth of the native heap
# Possible solutions:
#   Reduce memory load on the system
#   Increase physical memory or swap space
#   Check if swap backing store is full
#   Decrease Java heap size (-Xmx/-Xms)
#   Decrease number of Java threads
#   Decrease Java thread stack sizes (-Xss)
#   Set larger code cache with -XX:ReservedCodeCacheSize=
#   JVM is running with Unscaled Compressed Oops mode in which the Java heap is
#     placed in the first 4GB address space. The Java Heap base address is the
#     maximum limit for the native heap growth. Please use -XX:HeapBaseMinAddress
#     to set the Java Heap base and to place the Java Heap above 4GB virtual address.
# This output file may be truncated or incomplete.
#
#  Out of Memory Error (os_windows.cpp:3713), pid=42536, tid=14104
#
# JRE version: OpenJDK Runtime Environment Temurin-21.0.8+9 (21.0.8+9) (build 21.0.8+9-LTS)
# Java VM: OpenJDK 64-Bit Server VM Temurin-21.0.8+9 (21.0.8+9-LTS, mixed mode, tiered, compressed oops, compressed class ptrs, g1 gc, windows-amd64)
# No core dump will be written. Minidumps are not enabled by default on client versions of Windows
#

---------------  S U M M A R Y ------------

Command Line: -Xms64m -Xmx2048m -Dapp.name=ltex-ls-plus -Dapp.repo=c:\Users\Legion_5\.vscode\extensions\ltex-plus.vscode-ltex-plus-15.6.1\lib\ltex-ls-plus-18.6.1\lib -Dapp.home=c:\Users\Legion_5\.vscode\extensions\ltex-plus.vscode-ltex-plus-15.6.1\lib\ltex-ls-plus-18.6.1 -Dbasedir=c:\Users\Legion_5\.vscode\extensions\ltex-plus.vscode-ltex-plus-15.6.1\lib\ltex-ls-plus-18.6.1 org.bsplines.ltexls.LtexLanguageServerLauncher

Host: Intel(R) Core(TM) i7-14650HX, 24 cores, 15G,  Windows 11 , 64 bit Build 26100 (10.0.26100.8328)
Time: Fri May 22 07:24:18 2026 Belarus Standard Time elapsed time: 6.528455 seconds (0d 0h 0m 6s)

---------------  T H R E A D  ---------------

Current thread (0x0000025d7c186490):  VMThread "VM Thread"          [id=14104, stack(0x0000009d9ed00000,0x0000009d9ee00000) (1024K)]

Stack: [0x0000009d9ed00000,0x0000009d9ee00000]
Native frames: (J=compiled Java code, j=interpreted, Vv=VM code, C=native code)
V  [jvm.dll+0x6d2449]
V  [jvm.dll+0x8ae341]
V  [jvm.dll+0x8b08be]
V  [jvm.dll+0x8b0fa3]
V  [jvm.dll+0x280c96]
V  [jvm.dll+0x6cec15]
V  [jvm.dll+0x6c2c3a]
V  [jvm.dll+0x35867a]
V  [jvm.dll+0x360246]
V  [jvm.dll+0x3b1f9e]
V  [jvm.dll+0x3b2248]
V  [jvm.dll+0x32c8fc]
V  [jvm.dll+0x32c987]
V  [jvm.dll+0x3706fc]
V  [jvm.dll+0x36ef48]
V  [jvm.dll+0x32c0c1]
V  [jvm.dll+0x36e5ba]
V  [jvm.dll+0x8b6cbf]
V  [jvm.dll+0x8b8044]
V  [jvm.dll+0x8b8580]
V  [jvm.dll+0x8b8823]
V  [jvm.dll+0x857e6b]
V  [jvm.dll+0x6d0b0d]
C  [ucrtbase.dll+0x37b0]
C  [KERNEL32.DLL+0x2e957]
C  [ntdll.dll+0x427c]

VM_Operation (0x0000009d9e6fdf40): G1CollectForAllocation, mode: safepoint, requested by thread 0x0000025d72b89bb0


---------------  P R O C E S S  ---------------

Threads class SMR info:
_java_thread_list=0x0000025d7d30db30, length=19, elements={
0x0000025d72b89bb0, 0x0000025d7c1e34a0, 0x0000025d7c20d670, 0x0000025d7c1fbb70,
0x0000025d7c1fc1d0, 0x0000025d7c1fcc20, 0x0000025d7c1f6020, 0x0000025d7c232fa0,
0x0000025d7c2429b0, 0x0000025d7c34afd0, 0x0000025d7c5120c0, 0x0000025d7c512750,
0x0000025d7cb140d0, 0x0000025d7cfc6d90, 0x0000025d7cc973d0, 0x0000025d7dc98370,
0x0000025d7d6db5d0, 0x0000025d7d6630a0, 0x0000025d7d680ea0
}

Java Threads: ( => current thread )
  0x0000025d72b89bb0 JavaThread "main"                              [_thread_blocked, id=24572, stack(0x0000009d9e600000,0x0000009d9e700000) (1024K)]
  0x0000025d7c1e34a0 JavaThread "Reference Handler"          daemon [_thread_blocked, id=4300, stack(0x0000009d9ee00000,0x0000009d9ef00000) (1024K)]
  0x0000025d7c20d670 JavaThread "Finalizer"                  daemon [_thread_blocked, id=40904, stack(0x0000009d9ef00000,0x0000009d9f000000) (1024K)]
  0x0000025d7c1fbb70 JavaThread "Signal Dispatcher"          daemon [_thread_blocked, id=51928, stack(0x0000009d9f000000,0x0000009d9f100000) (1024K)]
  0x0000025d7c1fc1d0 JavaThread "Attach Listener"            daemon [_thread_blocked, id=10080, stack(0x0000009d9f100000,0x0000009d9f200000) (1024K)]
  0x0000025d7c1fcc20 JavaThread "Service Thread"             daemon [_thread_blocked, id=49200, stack(0x0000009d9f200000,0x0000009d9f300000) (1024K)]
  0x0000025d7c1f6020 JavaThread "Monitor Deflation Thread"   daemon [_thread_blocked, id=51360, stack(0x0000009d9f300000,0x0000009d9f400000) (1024K)]
  0x0000025d7c232fa0 JavaThread "C2 CompilerThread0"         daemon [_thread_blocked, id=37592, stack(0x0000009d9f400000,0x0000009d9f500000) (1024K)]
  0x0000025d7c2429b0 JavaThread "C1 CompilerThread0"         daemon [_thread_blocked, id=30428, stack(0x0000009d9f500000,0x0000009d9f600000) (1024K)]
  0x0000025d7c34afd0 JavaThread "C1 CompilerThread1"         daemon [_thread_blocked, id=17536, stack(0x0000009d9f600000,0x0000009d9f700000) (1024K)]
  0x0000025d7c5120c0 JavaThread "Notification Thread"        daemon [_thread_blocked, id=41568, stack(0x0000009d9f700000,0x0000009d9f800000) (1024K)]
  0x0000025d7c512750 JavaThread "Common-Cleaner"             daemon [_thread_blocked, id=51060, stack(0x0000009d9f800000,0x0000009d9f900000) (1024K)]
  0x0000025d7cb140d0 JavaThread "C1 CompilerThread2"         daemon [_thread_blocked, id=10480, stack(0x0000009d9fa00000,0x0000009d9fb00000) (1024K)]
  0x0000025d7cfc6d90 JavaThread "C1 CompilerThread3"         daemon [_thread_blocked, id=35320, stack(0x0000009d9fb00000,0x0000009d9fc00000) (1024K)]
  0x0000025d7cc973d0 JavaThread "C2 CompilerThread1"         daemon [_thread_blocked, id=31564, stack(0x0000009d9f900000,0x0000009d9fa00000) (1024K)]
  0x0000025d7dc98370 JavaThread "C2 CompilerThread2"         daemon [_thread_blocked, id=51216, stack(0x0000009da0100000,0x0000009da0200000) (1024K)]
  0x0000025d7d6db5d0 JavaThread "C2 CompilerThread3"         daemon [_thread_blocked, id=33364, stack(0x0000009da0200000,0x0000009da0300000) (1024K)]
  0x0000025d7d6630a0 JavaThread "C2 CompilerThread4"         daemon [_thread_blocked, id=41180, stack(0x0000009da0d00000,0x0000009da0e00000) (1024K)]
  0x0000025d7d680ea0 JavaThread "C2 CompilerThread5"         daemon [_thread_blocked, id=5700, stack(0x0000009da0e00000,0x0000009da0f00000) (1024K)]
Total: 19

Other Threads:
=>0x0000025d7c186490 VMThread "VM Thread"                           [id=14104, stack(0x0000009d9ed00000,0x0000009d9ee00000) (1024K)]
  0x0000025d7b56bbb0 WatcherThread "VM Periodic Task Thread"        [id=38640, stack(0x0000009d9ec00000,0x0000009d9ed00000) (1024K)]
  0x0000025d72be2a50 WorkerThread "GC Thread#0"                     [id=25808, stack(0x0000009d9e700000,0x0000009d9e800000) (1024K)]
  0x0000025d7d3057c0 WorkerThread "GC Thread#1"                     [id=13392, stack(0x0000009d9fc00000,0x0000009d9fd00000) (1024K)]
  0x0000025d7d01e740 WorkerThread "GC Thread#2"                     [id=28004, stack(0x0000009d9fd00000,0x0000009d9fe00000) (1024K)]
  0x0000025d7d3d3830 WorkerThread "GC Thread#3"                     [id=41192, stack(0x0000009d9fe00000,0x0000009d9ff00000) (1024K)]
  0x0000025d7d3d3bd0 WorkerThread "GC Thread#4"                     [id=46416, stack(0x0000009d9ff00000,0x0000009da0000000) (1024K)]
  0x0000025d7d3d3f70 WorkerThread "GC Thread#5"                     [id=20524, stack(0x0000009da0000000,0x0000009da0100000) (1024K)]
  0x0000025d7d6d6740 WorkerThread "GC Thread#6"                     [id=5048, stack(0x0000009da0300000,0x0000009da0400000) (1024K)]
  0x0000025d7d6d6ae0 WorkerThread "GC Thread#7"                     [id=6256, stack(0x0000009da0400000,0x0000009da0500000) (1024K)]
  0x0000025d7d6d7490 WorkerThread "GC Thread#8"                     [id=34504, stack(0x0000009da0500000,0x0000009da0600000) (1024K)]
  0x0000025d7d6d7a40 WorkerThread "GC Thread#9"                     [id=50524, stack(0x0000009da0600000,0x0000009da0700000) (1024K)]
  0x0000025d7d6d7de0 WorkerThread "GC Thread#10"                    [id=27572, stack(0x0000009da0700000,0x0000009da0800000) (1024K)]
  0x0000025d7d6d8cb0 WorkerThread "GC Thread#11"                    [id=6988, stack(0x0000009da0800000,0x0000009da0900000) (1024K)]
  0x0000025d7d6d9790 WorkerThread "GC Thread#12"                    [id=44540, stack(0x0000009da1100000,0x0000009da1200000) (1024K)]
  0x0000025d7d6d8570 WorkerThread "GC Thread#13"                    [id=36084, stack(0x0000009da1200000,0x0000009da1300000) (1024K)]
  0x0000025d7dbaef50 WorkerThread "GC Thread#14"                    [id=30304, stack(0x0000009da1300000,0x0000009da1400000) (1024K)]
  0x0000025d7dbafa30 WorkerThread "GC Thread#15"                    [id=50920, stack(0x0000009da1400000,0x0000009da1500000) (1024K)]
  0x0000025d7dbaf690 WorkerThread "GC Thread#16"                    [id=48532, stack(0x0000009da1500000,0x0000009da1600000) (1024K)]
  0x0000025d7dbb0170 WorkerThread "GC Thread#17"                    [id=25288, stack(0x0000009da1600000,0x0000009da1700000) (1024K)]
  0x0000025d72c32010 ConcurrentGCThread "G1 Main Marker"            [id=32056, stack(0x0000009d9e800000,0x0000009d9e900000) (1024K)]
  0x0000025d72c32a10 WorkerThread "G1 Conc#0"                       [id=24308, stack(0x0000009d9e900000,0x0000009d9ea00000) (1024K)]
  0x0000025d7d6d9050 WorkerThread "G1 Conc#1"                       [id=50024, stack(0x0000009da0900000,0x0000009da0a00000) (1024K)]
  0x0000025d7d6d9b30 WorkerThread "G1 Conc#2"                       [id=14836, stack(0x0000009da0a00000,0x0000009da0b00000) (1024K)]
  0x0000025d7d6d81d0 WorkerThread "G1 Conc#3"                       [id=44016, stack(0x0000009da0b00000,0x0000009da0c00000) (1024K)]
  0x0000025d7d6d93f0 WorkerThread "G1 Conc#4"                       [id=49576, stack(0x0000009da0c00000,0x0000009da0d00000) (1024K)]
  0x0000025d7b43c780 ConcurrentGCThread "G1 Refine#0"               [id=32376, stack(0x0000009d9ea00000,0x0000009d9eb00000) (1024K)]
  0x0000025d7b43d1f0 ConcurrentGCThread "G1 Service"                [id=23020, stack(0x0000009d9eb00000,0x0000009d9ec00000) (1024K)]
Total: 28

Threads with active compile tasks:
C2 CompilerThread0  6549 4488   !   4       morfologik.stemming.DictionaryLookup::lookup (613 bytes)
C2 CompilerThread1  6549 4512       4       java.util.HashMap::containsKey (14 bytes)
C2 CompilerThread2  6549 4491   !   4       org.languagetool.tagging.MorfologikTagger::tag (216 bytes)
C2 CompilerThread3  6549 4489       4       org.languagetool.tagging.CombiningTagger::tag (86 bytes)
C2 CompilerThread4  6549 4503   !   4       org.languagetool.tokenizers.pl.PolishWordTokenizer::tokenize (665 bytes)
C2 CompilerThread5  6549 4514       4       morfologik.fsa.FSATraversal::match (168 bytes)
Total: 6

VM state: at safepoint (normal execution)

VM Mutex/Monitor currently owned by a thread:  ([mutex/lock_event])
[0x00007ff813655458] Threads_lock - owner thread: 0x0000025d7c186490
[0x00007ff813655558] Heap_lock - owner thread: 0x0000025d72b89bb0

Heap address: 0x0000000080000000, size: 2048 MB, Compressed Oops mode: 32-bit

CDS archive(s) not mapped
Compressed class space mapped at: 0x0000000100000000-0x0000000140000000, reserved size: 1073741824
Narrow klass base: 0x0000000000000000, Narrow klass shift: 3, Narrow klass range: 0x140000000

GC Precious Log:
 CardTable entry size: 512
 Card Set container configuration: InlinePtr #cards 5 size 8 Array Of Cards #cards 12 size 40 Howl #buckets 4 coarsen threshold 1843 Howl Bitmap #cards 512 size 80 coarsen threshold 460 Card regions per heap region 1 cards per card region 2048
 CPUs: 24 total, 24 available
 Memory: 16091M
 Large Page Support: Disabled
 NUMA Support: Disabled
 Compressed Oops: Enabled (32-bit)
 Heap Region Size: 1M
 Heap Min Capacity: 64M
 Heap Initial Capacity: 64M
 Heap Max Capacity: 2G
 Pre-touch: Disabled
 Parallel Workers: 18
 Concurrent Workers: 5
 Concurrent Refinement Workers: 18
 Periodic GC: Disabled

Heap:
 garbage-first heap   total 429056K, used 267427K [0x0000000080000000, 0x0000000100000000)
  region size 1024K, 16 young (16384K), 16 survivors (16384K)
 Metaspace       used 25729K, committed 25984K, reserved 1114112K
  class space    used 2565K, committed 2688K, reserved 1048576K

Heap Regions: E=young(eden), S=young(survivor), O=old, HS=humongous(starts), HC=humongous(continues), CS=collection set, F=free, TAMS=top-at-mark-start, PB=parsable bottom
|   0|0x0000000080000000, 0x0000000080100000, 0x0000000080100000|100%| O|  |TAMS 0x0000000080000000| PB 0x0000000080000000| Untracked 
|   1|0x0000000080100000, 0x0000000080200000, 0x0000000080200000|100%| O|  |TAMS 0x0000000080100000| PB 0x0000000080100000| Untracked 
|   2|0x0000000080200000, 0x0000000080300000, 0x0000000080300000|100%| O|  |TAMS 0x0000000080200000| PB 0x0000000080200000| Untracked 
|   3|0x0000000080300000, 0x0000000080400000, 0x0000000080400000|100%| O|  |TAMS 0x0000000080300000| PB 0x0000000080300000| Untracked 
|   4|0x0000000080400000, 0x0000000080500000, 0x0000000080500000|100%| O|  |TAMS 0x0000000080400000| PB 0x0000000080400000| Untracked 
|   5|0x0000000080500000, 0x0000000080600000, 0x0000000080600000|100%| O|  |TAMS 0x0000000080500000| PB 0x0000000080500000| Untracked 
|   6|0x0000000080600000, 0x0000000080700000, 0x0000000080700000|100%| O|  |TAMS 0x0000000080600000| PB 0x0000000080600000| Untracked 
|   7|0x0000000080700000, 0x0000000080800000, 0x0000000080800000|100%| O|  |TAMS 0x0000000080700000| PB 0x0000000080700000| Untracked 
|   8|0x0000000080800000, 0x0000000080900000, 0x0000000080900000|100%| O|  |TAMS 0x0000000080800000| PB 0x0000000080800000| Untracked 
|   9|0x0000000080900000, 0x0000000080a00000, 0x0000000080a00000|100%| O|  |TAMS 0x0000000080900000| PB 0x0000000080900000| Untracked 
|  10|0x0000000080a00000, 0x0000000080b00000, 0x0000000080b00000|100%| O|  |TAMS 0x0000000080a00000| PB 0x0000000080a00000| Untracked 
|  11|0x0000000080b00000, 0x0000000080c00000, 0x0000000080c00000|100%| O|  |TAMS 0x0000000080b00000| PB 0x0000000080b00000| Untracked 
|  12|0x0000000080c00000, 0x0000000080d00000, 0x0000000080d00000|100%| O|  |TAMS 0x0000000080c00000| PB 0x0000000080c00000| Untracked 
|  13|0x0000000080d00000, 0x0000000080d00000, 0x0000000080e00000|  0%| F|  |TAMS 0x0000000080d00000| PB 0x0000000080d00000| Untracked 
|  14|0x0000000080e00000, 0x0000000080f00000, 0x0000000080f00000|100%| O|  |TAMS 0x0000000080e00000| PB 0x0000000080e00000| Untracked 
|  15|0x0000000080f00000, 0x0000000081000000, 0x0000000081000000|100%| O|  |TAMS 0x0000000080f00000| PB 0x0000000080f00000| Untracked 
|  16|0x0000000081000000, 0x0000000081100000, 0x0000000081100000|100%| O|  |TAMS 0x0000000081000000| PB 0x0000000081000000| Untracked 
|  17|0x0000000081100000, 0x0000000081200000, 0x0000000081200000|100%| O|  |TAMS 0x0000000081100000| PB 0x0000000081100000| Untracked 
|  18|0x0000000081200000, 0x0000000081300000, 0x0000000081300000|100%| O|  |TAMS 0x0000000081200000| PB 0x0000000081200000| Untracked 
|  19|0x0000000081300000, 0x0000000081400000, 0x0000000081400000|100%| O|  |TAMS 0x0000000081300000| PB 0x0000000081300000| Untracked 
|  20|0x0000000081400000, 0x0000000081500000, 0x0000000081500000|100%| O|  |TAMS 0x0000000081400000| PB 0x0000000081400000| Untracked 
|  21|0x0000000081500000, 0x0000000081600000, 0x0000000081600000|100%| O|  |TAMS 0x0000000081500000| PB 0x0000000081500000| Untracked 
|  22|0x0000000081600000, 0x0000000081700000, 0x0000000081700000|100%| O|  |TAMS 0x0000000081600000| PB 0x0000000081600000| Untracked 
|  23|0x0000000081700000, 0x0000000081800000, 0x0000000081800000|100%| O|  |TAMS 0x0000000081700000| PB 0x0000000081700000| Untracked 
|  24|0x0000000081800000, 0x0000000081900000, 0x0000000081900000|100%| O|  |TAMS 0x0000000081800000| PB 0x0000000081800000| Untracked 
|  25|0x0000000081900000, 0x0000000081a00000, 0x0000000081a00000|100%|HS|  |TAMS 0x0000000081900000| PB 0x0000000081900000| Complete 
|  26|0x0000000081a00000, 0x0000000081b00000, 0x0000000081b00000|100%| O|  |TAMS 0x0000000081a00000| PB 0x0000000081a00000| Untracked 
|  27|0x0000000081b00000, 0x0000000081c00000, 0x0000000081c00000|100%| O|  |TAMS 0x0000000081b00000| PB 0x0000000081b00000| Untracked 
|  28|0x0000000081c00000, 0x0000000081d00000, 0x0000000081d00000|100%| O|  |TAMS 0x0000000081c00000| PB 0x0000000081c00000| Untracked 
|  29|0x0000000081d00000, 0x0000000081e00000, 0x0000000081e00000|100%| O|  |TAMS 0x0000000081d00000| PB 0x0000000081d00000| Untracked 
|  30|0x0000000081e00000, 0x0000000081f00000, 0x0000000081f00000|100%| O|  |TAMS 0x0000000081e00000| PB 0x0000000081e00000| Untracked 
|  31|0x0000000081f00000, 0x0000000082000000, 0x0000000082000000|100%| O|  |TAMS 0x0000000081f00000| PB 0x0000000081f00000| Untracked 
|  32|0x0000000082000000, 0x0000000082100000, 0x0000000082100000|100%| O|  |TAMS 0x0000000082000000| PB 0x0000000082000000| Untracked 
|  33|0x0000000082100000, 0x0000000082200000, 0x0000000082200000|100%| O|  |TAMS 0x0000000082100000| PB 0x0000000082100000| Untracked 
|  34|0x0000000082200000, 0x0000000082300000, 0x0000000082300000|100%| O|  |TAMS 0x0000000082200000| PB 0x0000000082200000| Untracked 
|  35|0x0000000082300000, 0x0000000082400000, 0x0000000082400000|100%| O|  |TAMS 0x0000000082300000| PB 0x0000000082300000| Untracked 
|  36|0x0000000082400000, 0x0000000082500000, 0x0000000082500000|100%| O|  |TAMS 0x0000000082400000| PB 0x0000000082400000| Untracked 
|  37|0x0000000082500000, 0x0000000082600000, 0x0000000082600000|100%| O|  |TAMS 0x0000000082500000| PB 0x0000000082500000| Untracked 
|  38|0x0000000082600000, 0x0000000082700000, 0x0000000082700000|100%| O|  |TAMS 0x0000000082600000| PB 0x0000000082600000| Untracked 
|  39|0x0000000082700000, 0x0000000082800000, 0x0000000082800000|100%| O|  |TAMS 0x0000000082700000| PB 0x0000000082700000| Untracked 
|  40|0x0000000082800000, 0x0000000082900000, 0x0000000082900000|100%| O|  |TAMS 0x0000000082800000| PB 0x0000000082800000| Untracked 
|  41|0x0000000082900000, 0x0000000082a00000, 0x0000000082a00000|100%| O|  |TAMS 0x0000000082900000| PB 0x0000000082900000| Untracked 
|  42|0x0000000082a00000, 0x0000000082b00000, 0x0000000082b00000|100%| O|  |TAMS 0x0000000082a00000| PB 0x0000000082a00000| Untracked 
|  43|0x0000000082b00000, 0x0000000082c00000, 0x0000000082c00000|100%| O|  |TAMS 0x0000000082b00000| PB 0x0000000082b00000| Untracked 
|  44|0x0000000082c00000, 0x0000000082d00000, 0x0000000082d00000|100%| O|  |TAMS 0x0000000082c00000| PB 0x0000000082c00000| Untracked 
|  45|0x0000000082d00000, 0x0000000082e00000, 0x0000000082e00000|100%| O|  |TAMS 0x0000000082d00000| PB 0x0000000082d00000| Untracked 
|  46|0x0000000082e00000, 0x0000000082f00000, 0x0000000082f00000|100%| O|  |TAMS 0x0000000082e00000| PB 0x0000000082e00000| Untracked 
|  47|0x0000000082f00000, 0x0000000083000000, 0x0000000083000000|100%| O|  |TAMS 0x0000000082f00000| PB 0x0000000082f00000| Untracked 
|  48|0x0000000083000000, 0x0000000083100000, 0x0000000083100000|100%| O|  |TAMS 0x0000000083000000| PB 0x0000000083000000| Untracked 
|  49|0x0000000083100000, 0x0000000083200000, 0x0000000083200000|100%| O|  |TAMS 0x0000000083100000| PB 0x0000000083100000| Untracked 
|  50|0x0000000083200000, 0x0000000083300000, 0x0000000083300000|100%| O|  |TAMS 0x0000000083200000| PB 0x0000000083200000| Untracked 
|  51|0x0000000083300000, 0x0000000083400000, 0x0000000083400000|100%| O|  |TAMS 0x0000000083300000| PB 0x0000000083300000| Untracked 
|  52|0x0000000083400000, 0x0000000083500000, 0x0000000083500000|100%| O|  |TAMS 0x0000000083400000| PB 0x0000000083400000| Untracked 
|  53|0x0000000083500000, 0x0000000083600000, 0x0000000083600000|100%| O|  |TAMS 0x0000000083500000| PB 0x0000000083500000| Untracked 
|  54|0x0000000083600000, 0x0000000083700000, 0x0000000083700000|100%| O|  |TAMS 0x0000000083600000| PB 0x0000000083600000| Untracked 
|  55|0x0000000083700000, 0x0000000083800000, 0x0000000083800000|100%| O|  |TAMS 0x0000000083700000| PB 0x0000000083700000| Untracked 
|  56|0x0000000083800000, 0x0000000083900000, 0x0000000083900000|100%| O|  |TAMS 0x0000000083800000| PB 0x0000000083800000| Untracked 
|  57|0x0000000083900000, 0x0000000083a00000, 0x0000000083a00000|100%| O|  |TAMS 0x0000000083900000| PB 0x0000000083900000| Untracked 
|  58|0x0000000083a00000, 0x0000000083b00000, 0x0000000083b00000|100%| O|  |TAMS 0x0000000083a00000| PB 0x0000000083a00000| Untracked 
|  59|0x0000000083b00000, 0x0000000083c00000, 0x0000000083c00000|100%| O|  |TAMS 0x0000000083b00000| PB 0x0000000083b00000| Untracked 
|  60|0x0000000083c00000, 0x0000000083d00000, 0x0000000083d00000|100%| O|  |TAMS 0x0000000083c00000| PB 0x0000000083c00000| Untracked 
|  61|0x0000000083d00000, 0x0000000083e00000, 0x0000000083e00000|100%|HS|  |TAMS 0x0000000083d00000| PB 0x0000000083d00000| Complete 
|  62|0x0000000083e00000, 0x0000000083f00000, 0x0000000083f00000|100%|HC|  |TAMS 0x0000000083e00000| PB 0x0000000083e00000| Complete 
|  63|0x0000000083f00000, 0x0000000084000000, 0x0000000084000000|100%|HC|  |TAMS 0x0000000083f00000| PB 0x0000000083f00000| Complete 
|  64|0x0000000084000000, 0x0000000084100000, 0x0000000084100000|100%| O|  |TAMS 0x0000000084000000| PB 0x0000000084000000| Untracked 
|  65|0x0000000084100000, 0x0000000084200000, 0x0000000084200000|100%| O|  |TAMS 0x0000000084100000| PB 0x0000000084100000| Untracked 
|  66|0x0000000084200000, 0x0000000084300000, 0x0000000084300000|100%| O|  |TAMS 0x0000000084200000| PB 0x0000000084200000| Untracked 
|  67|0x0000000084300000, 0x0000000084400000, 0x0000000084400000|100%| O|  |TAMS 0x0000000084300000| PB 0x0000000084300000| Untracked 
|  68|0x0000000084400000, 0x0000000084500000, 0x0000000084500000|100%| O|  |TAMS 0x0000000084400000| PB 0x0000000084400000| Untracked 
|  69|0x0000000084500000, 0x0000000084600000, 0x0000000084600000|100%| O|  |TAMS 0x0000000084500000| PB 0x0000000084500000| Untracked 
|  70|0x0000000084600000, 0x0000000084700000, 0x0000000084700000|100%| O|  |TAMS 0x0000000084600000| PB 0x0000000084600000| Untracked 
|  71|0x0000000084700000, 0x0000000084800000, 0x0000000084800000|100%| O|  |TAMS 0x0000000084700000| PB 0x0000000084700000| Untracked 
|  72|0x0000000084800000, 0x0000000084900000, 0x0000000084900000|100%| O|  |TAMS 0x0000000084800000| PB 0x0000000084800000| Untracked 
|  73|0x0000000084900000, 0x0000000084a00000, 0x0000000084a00000|100%| O|  |TAMS 0x0000000084900000| PB 0x0000000084900000| Untracked 
|  74|0x0000000084a00000, 0x0000000084b00000, 0x0000000084b00000|100%| O|  |TAMS 0x0000000084a00000| PB 0x0000000084a00000| Untracked 
|  75|0x0000000084b00000, 0x0000000084c00000, 0x0000000084c00000|100%| O|  |TAMS 0x0000000084b00000| PB 0x0000000084b00000| Untracked 
|  76|0x0000000084c00000, 0x0000000084d00000, 0x0000000084d00000|100%| O|  |TAMS 0x0000000084c00000| PB 0x0000000084c00000| Untracked 
|  77|0x0000000084d00000, 0x0000000084e00000, 0x0000000084e00000|100%| O|  |TAMS 0x0000000084d00000| PB 0x0000000084d00000| Untracked 
|  78|0x0000000084e00000, 0x0000000084f00000, 0x0000000084f00000|100%| O|  |TAMS 0x0000000084e00000| PB 0x0000000084e00000| Untracked 
|  79|0x0000000084f00000, 0x0000000085000000, 0x0000000085000000|100%| O|  |TAMS 0x0000000084f00000| PB 0x0000000084f00000| Untracked 
|  80|0x0000000085000000, 0x0000000085100000, 0x0000000085100000|100%| O|  |TAMS 0x0000000085000000| PB 0x0000000085000000| Untracked 
|  81|0x0000000085100000, 0x0000000085200000, 0x0000000085200000|100%| O|  |TAMS 0x0000000085100000| PB 0x0000000085100000| Untracked 
|  82|0x0000000085200000, 0x0000000085300000, 0x0000000085300000|100%| O|  |TAMS 0x0000000085200000| PB 0x0000000085200000| Untracked 
|  83|0x0000000085300000, 0x0000000085400000, 0x0000000085400000|100%| O|  |TAMS 0x0000000085300000| PB 0x0000000085300000| Untracked 
|  84|0x0000000085400000, 0x0000000085500000, 0x0000000085500000|100%| O|  |TAMS 0x0000000085400000| PB 0x0000000085400000| Untracked 
|  85|0x0000000085500000, 0x0000000085600000, 0x0000000085600000|100%| O|  |TAMS 0x0000000085500000| PB 0x0000000085500000| Untracked 
|  86|0x0000000085600000, 0x0000000085700000, 0x0000000085700000|100%| O|  |TAMS 0x0000000085600000| PB 0x0000000085600000| Untracked 
|  87|0x0000000085700000, 0x0000000085800000, 0x0000000085800000|100%| O|  |TAMS 0x0000000085700000| PB 0x0000000085700000| Untracked 
|  88|0x0000000085800000, 0x0000000085900000, 0x0000000085900000|100%| O|  |TAMS 0x0000000085800000| PB 0x0000000085800000| Untracked 
|  89|0x0000000085900000, 0x0000000085a00000, 0x0000000085a00000|100%| O|  |TAMS 0x0000000085900000| PB 0x0000000085900000| Untracked 
|  90|0x0000000085a00000, 0x0000000085b00000, 0x0000000085b00000|100%| O|  |TAMS 0x0000000085a00000| PB 0x0000000085a00000| Untracked 
|  91|0x0000000085b00000, 0x0000000085c00000, 0x0000000085c00000|100%| O|  |TAMS 0x0000000085b00000| PB 0x0000000085b00000| Untracked 
|  92|0x0000000085c00000, 0x0000000085d00000, 0x0000000085d00000|100%| O|  |TAMS 0x0000000085c00000| PB 0x0000000085c00000| Untracked 
|  93|0x0000000085d00000, 0x0000000085e00000, 0x0000000085e00000|100%| O|  |TAMS 0x0000000085d00000| PB 0x0000000085d00000| Untracked 
|  94|0x0000000085e00000, 0x0000000085f00000, 0x0000000085f00000|100%|HS|  |TAMS 0x0000000085e00000| PB 0x0000000085e00000| Complete 
|  95|0x0000000085f00000, 0x0000000086000000, 0x0000000086000000|100%| O|  |TAMS 0x0000000085f00000| PB 0x0000000085f00000| Untracked 
|  96|0x0000000086000000, 0x0000000086100000, 0x0000000086100000|100%| O|  |TAMS 0x0000000086000000| PB 0x0000000086000000| Untracked 
|  97|0x0000000086100000, 0x0000000086200000, 0x0000000086200000|100%| O|  |TAMS 0x0000000086100000| PB 0x0000000086100000| Untracked 
|  98|0x0000000086200000, 0x0000000086300000, 0x0000000086300000|100%| O|  |TAMS 0x0000000086200000| PB 0x0000000086200000| Untracked 
|  99|0x0000000086300000, 0x0000000086300000, 0x0000000086400000|  0%| F|  |TAMS 0x0000000086300000| PB 0x0000000086300000| Untracked 
| 100|0x0000000086400000, 0x0000000086500000, 0x0000000086500000|100%| O|  |TAMS 0x0000000086400000| PB 0x0000000086400000| Untracked 
| 101|0x0000000086500000, 0x0000000086600000, 0x0000000086600000|100%| O|  |TAMS 0x0000000086500000| PB 0x0000000086500000| Untracked 
| 102|0x0000000086600000, 0x0000000086700000, 0x0000000086700000|100%| O|  |TAMS 0x0000000086600000| PB 0x0000000086600000| Untracked 
| 103|0x0000000086700000, 0x0000000086800000, 0x0000000086800000|100%| O|  |TAMS 0x0000000086700000| PB 0x0000000086700000| Untracked 
| 104|0x0000000086800000, 0x0000000086900000, 0x0000000086900000|100%| O|  |TAMS 0x0000000086800000| PB 0x0000000086800000| Untracked 
| 105|0x0000000086900000, 0x0000000086a00000, 0x0000000086a00000|100%| O|  |TAMS 0x0000000086900000| PB 0x0000000086900000| Untracked 
| 106|0x0000000086a00000, 0x0000000086b00000, 0x0000000086b00000|100%| O|  |TAMS 0x0000000086a00000| PB 0x0000000086a00000| Untracked 
| 107|0x0000000086b00000, 0x0000000086c00000, 0x0000000086c00000|100%| O|  |TAMS 0x0000000086b00000| PB 0x0000000086b00000| Untracked 
| 108|0x0000000086c00000, 0x0000000086c00000, 0x0000000086d00000|  0%| F|  |TAMS 0x0000000086c00000| PB 0x0000000086c00000| Untracked 
| 109|0x0000000086d00000, 0x0000000086e00000, 0x0000000086e00000|100%| O|  |TAMS 0x0000000086d00000| PB 0x0000000086d00000| Untracked 
| 110|0x0000000086e00000, 0x0000000086f00000, 0x0000000086f00000|100%| O|  |TAMS 0x0000000086e00000| PB 0x0000000086e00000| Untracked 
| 111|0x0000000086f00000, 0x0000000087000000, 0x0000000087000000|100%| O|  |TAMS 0x0000000086f00000| PB 0x0000000086f00000| Untracked 
| 112|0x0000000087000000, 0x0000000087100000, 0x0000000087100000|100%| O|  |TAMS 0x0000000087000000| PB 0x0000000087000000| Untracked 
| 113|0x0000000087100000, 0x0000000087200000, 0x0000000087200000|100%|HS|  |TAMS 0x0000000087100000| PB 0x0000000087100000| Complete 
| 114|0x0000000087200000, 0x0000000087300000, 0x0000000087300000|100%|HC|  |TAMS 0x0000000087200000| PB 0x0000000087200000| Complete 
| 115|0x0000000087300000, 0x0000000087400000, 0x0000000087400000|100%| O|  |TAMS 0x0000000087300000| PB 0x0000000087300000| Untracked 
| 116|0x0000000087400000, 0x0000000087500000, 0x0000000087500000|100%| O|  |TAMS 0x0000000087400000| PB 0x0000000087400000| Untracked 
| 117|0x0000000087500000, 0x0000000087600000, 0x0000000087600000|100%| O|  |TAMS 0x0000000087500000| PB 0x0000000087500000| Untracked 
| 118|0x0000000087600000, 0x0000000087700000, 0x0000000087700000|100%| O|  |TAMS 0x0000000087600000| PB 0x0000000087600000| Untracked 
| 119|0x0000000087700000, 0x0000000087800000, 0x0000000087800000|100%| O|  |TAMS 0x0000000087700000| PB 0x0000000087700000| Untracked 
| 120|0x0000000087800000, 0x0000000087900000, 0x0000000087900000|100%|HS|  |TAMS 0x0000000087800000| PB 0x0000000087800000| Complete 
| 121|0x0000000087900000, 0x0000000087a00000, 0x0000000087a00000|100%|HC|  |TAMS 0x0000000087900000| PB 0x0000000087900000| Complete 
| 122|0x0000000087a00000, 0x0000000087b00000, 0x0000000087b00000|100%|HC|  |TAMS 0x0000000087a00000| PB 0x0000000087a00000| Complete 
| 123|0x0000000087b00000, 0x0000000087c00000, 0x0000000087c00000|100%| O|  |TAMS 0x0000000087b00000| PB 0x0000000087b00000| Untracked 
| 124|0x0000000087c00000, 0x0000000087d00000, 0x0000000087d00000|100%|HS|  |TAMS 0x0000000087c00000| PB 0x0000000087c00000| Complete 
| 125|0x0000000087d00000, 0x0000000087e00000, 0x0000000087e00000|100%| O|  |TAMS 0x0000000087d00000| PB 0x0000000087d00000| Untracked 
| 126|0x0000000087e00000, 0x0000000087f00000, 0x0000000087f00000|100%| O|  |TAMS 0x0000000087e00000| PB 0x0000000087e00000| Untracked 
| 127|0x0000000087f00000, 0x0000000088000000, 0x0000000088000000|100%|HS|  |TAMS 0x0000000087f00000| PB 0x0000000087f00000| Complete 
| 128|0x0000000088000000, 0x0000000088100000, 0x0000000088100000|100%|HC|  |TAMS 0x0000000088000000| PB 0x0000000088000000| Complete 
| 129|0x0000000088100000, 0x0000000088200000, 0x0000000088200000|100%|HS|  |TAMS 0x0000000088100000| PB 0x0000000088100000| Complete 
| 130|0x0000000088200000, 0x0000000088300000, 0x0000000088300000|100%| O|  |TAMS 0x0000000088200000| PB 0x0000000088200000| Untracked 
| 131|0x0000000088300000, 0x0000000088400000, 0x0000000088400000|100%| O|  |TAMS 0x0000000088300000| PB 0x0000000088300000| Untracked 
| 132|0x0000000088400000, 0x0000000088500000, 0x0000000088500000|100%| O|  |TAMS 0x0000000088400000| PB 0x0000000088400000| Untracked 
| 133|0x0000000088500000, 0x0000000088600000, 0x0000000088600000|100%|HS|  |TAMS 0x0000000088500000| PB 0x0000000088500000| Complete 
| 134|0x0000000088600000, 0x0000000088700000, 0x0000000088700000|100%|HC|  |TAMS 0x0000000088600000| PB 0x0000000088600000| Complete 
| 135|0x0000000088700000, 0x0000000088800000, 0x0000000088800000|100%| O|  |TAMS 0x0000000088700000| PB 0x0000000088700000| Untracked 
| 136|0x0000000088800000, 0x0000000088900000, 0x0000000088900000|100%|HS|  |TAMS 0x0000000088800000| PB 0x0000000088800000| Complete 
| 137|0x0000000088900000, 0x0000000088a00000, 0x0000000088a00000|100%|HC|  |TAMS 0x0000000088900000| PB 0x0000000088900000| Complete 
| 138|0x0000000088a00000, 0x0000000088b00000, 0x0000000088b00000|100%| O|  |TAMS 0x0000000088a00000| PB 0x0000000088a00000| Untracked 
| 139|0x0000000088b00000, 0x0000000088c00000, 0x0000000088c00000|100%| O|  |TAMS 0x0000000088b00000| PB 0x0000000088b00000| Untracked 
| 140|0x0000000088c00000, 0x0000000088d00000, 0x0000000088d00000|100%| O|  |TAMS 0x0000000088c00000| PB 0x0000000088c00000| Untracked 
| 141|0x0000000088d00000, 0x0000000088e00000, 0x0000000088e00000|100%| O|  |TAMS 0x0000000088d00000| PB 0x0000000088d00000| Untracked 
| 142|0x0000000088e00000, 0x0000000088f00000, 0x0000000088f00000|100%| O|  |TAMS 0x0000000088e00000| PB 0x0000000088e00000| Untracked 
| 143|0x0000000088f00000, 0x0000000089000000, 0x0000000089000000|100%| O|  |TAMS 0x0000000088f00000| PB 0x0000000088f00000| Untracked 
| 144|0x0000000089000000, 0x0000000089100000, 0x0000000089100000|100%| O|  |TAMS 0x0000000089000000| PB 0x0000000089000000| Untracked 
| 145|0x0000000089100000, 0x0000000089200000, 0x0000000089200000|100%| O|  |TAMS 0x0000000089100000| PB 0x0000000089100000| Untracked 
| 146|0x0000000089200000, 0x0000000089300000, 0x0000000089300000|100%| O|  |TAMS 0x0000000089200000| PB 0x0000000089200000| Untracked 
| 147|0x0000000089300000, 0x0000000089400000, 0x0000000089400000|100%| O|  |TAMS 0x0000000089300000| PB 0x0000000089300000| Untracked 
| 148|0x0000000089400000, 0x0000000089500000, 0x0000000089500000|100%| O|  |TAMS 0x0000000089400000| PB 0x0000000089400000| Untracked 
| 149|0x0000000089500000, 0x0000000089600000, 0x0000000089600000|100%| O|  |TAMS 0x0000000089500000| PB 0x0000000089500000| Untracked 
| 150|0x0000000089600000, 0x0000000089700000, 0x0000000089700000|100%| O|  |TAMS 0x0000000089600000| PB 0x0000000089600000| Untracked 
| 151|0x0000000089700000, 0x0000000089800000, 0x0000000089800000|100%| O|  |TAMS 0x0000000089700000| PB 0x0000000089700000| Untracked 
| 152|0x0000000089800000, 0x0000000089900000, 0x0000000089900000|100%| O|  |TAMS 0x0000000089800000| PB 0x0000000089800000| Untracked 
| 153|0x0000000089900000, 0x0000000089a00000, 0x0000000089a00000|100%| O|  |TAMS 0x0000000089900000| PB 0x0000000089900000| Untracked 
| 154|0x0000000089a00000, 0x0000000089b00000, 0x0000000089b00000|100%| O|  |TAMS 0x0000000089a00000| PB 0x0000000089a00000| Untracked 
| 155|0x0000000089b00000, 0x0000000089c00000, 0x0000000089c00000|100%| O|  |TAMS 0x0000000089b00000| PB 0x0000000089b00000| Untracked 
| 156|0x0000000089c00000, 0x0000000089d00000, 0x0000000089d00000|100%| O|  |TAMS 0x0000000089c00000| PB 0x0000000089c00000| Untracked 
| 157|0x0000000089d00000, 0x0000000089e00000, 0x0000000089e00000|100%| O|  |TAMS 0x0000000089d00000| PB 0x0000000089d00000| Untracked 
| 158|0x0000000089e00000, 0x0000000089f00000, 0x0000000089f00000|100%| O|  |TAMS 0x0000000089e00000| PB 0x0000000089e00000| Untracked 
| 159|0x0000000089f00000, 0x000000008a000000, 0x000000008a000000|100%| O|  |TAMS 0x0000000089f00000| PB 0x0000000089f00000| Untracked 
| 160|0x000000008a000000, 0x000000008a100000, 0x000000008a100000|100%| O|  |TAMS 0x000000008a000000| PB 0x000000008a000000| Untracked 
| 161|0x000000008a100000, 0x000000008a200000, 0x000000008a200000|100%| O|  |TAMS 0x000000008a100000| PB 0x000000008a100000| Untracked 
| 162|0x000000008a200000, 0x000000008a300000, 0x000000008a300000|100%| O|  |TAMS 0x000000008a200000| PB 0x000000008a200000| Untracked 
| 163|0x000000008a300000, 0x000000008a400000, 0x000000008a400000|100%| O|  |TAMS 0x000000008a300000| PB 0x000000008a300000| Untracked 
| 164|0x000000008a400000, 0x000000008a500000, 0x000000008a500000|100%| O|  |TAMS 0x000000008a400000| PB 0x000000008a400000| Untracked 
| 165|0x000000008a500000, 0x000000008a600000, 0x000000008a600000|100%| O|  |TAMS 0x000000008a500000| PB 0x000000008a500000| Untracked 
| 166|0x000000008a600000, 0x000000008a700000, 0x000000008a700000|100%| O|  |TAMS 0x000000008a600000| PB 0x000000008a600000| Untracked 
| 167|0x000000008a700000, 0x000000008a800000, 0x000000008a800000|100%| O|  |TAMS 0x000000008a700000| PB 0x000000008a700000| Untracked 
| 168|0x000000008a800000, 0x000000008a900000, 0x000000008a900000|100%| O|  |TAMS 0x000000008a800000| PB 0x000000008a800000| Untracked 
| 169|0x000000008a900000, 0x000000008aa00000, 0x000000008aa00000|100%| O|  |TAMS 0x000000008a900000| PB 0x000000008a900000| Untracked 
| 170|0x000000008aa00000, 0x000000008ab00000, 0x000000008ab00000|100%| O|  |TAMS 0x000000008aa00000| PB 0x000000008aa00000| Untracked 
| 171|0x000000008ab00000, 0x000000008ac00000, 0x000000008ac00000|100%| O|  |TAMS 0x000000008ab00000| PB 0x000000008ab00000| Untracked 
| 172|0x000000008ac00000, 0x000000008ac00000, 0x000000008ad00000|  0%| F|  |TAMS 0x000000008ac00000| PB 0x000000008ac00000| Untracked 
| 173|0x000000008ad00000, 0x000000008ae00000, 0x000000008ae00000|100%| O|  |TAMS 0x000000008ad00000| PB 0x000000008ad00000| Untracked 
| 174|0x000000008ae00000, 0x000000008ae00000, 0x000000008af00000|  0%| F|  |TAMS 0x000000008ae00000| PB 0x000000008ae00000| Untracked 
| 175|0x000000008af00000, 0x000000008b000000, 0x000000008b000000|100%| O|  |TAMS 0x000000008af00000| PB 0x000000008af00000| Untracked 
| 176|0x000000008b000000, 0x000000008b100000, 0x000000008b100000|100%| O|  |TAMS 0x000000008b000000| PB 0x000000008b000000| Untracked 
| 177|0x000000008b100000, 0x000000008b200000, 0x000000008b200000|100%| O|  |TAMS 0x000000008b100000| PB 0x000000008b100000| Untracked 
| 178|0x000000008b200000, 0x000000008b300000, 0x000000008b300000|100%| O|  |TAMS 0x000000008b200000| PB 0x000000008b200000| Untracked 
| 179|0x000000008b300000, 0x000000008b400000, 0x000000008b400000|100%| O|  |TAMS 0x000000008b300000| PB 0x000000008b300000| Untracked 
| 180|0x000000008b400000, 0x000000008b500000, 0x000000008b500000|100%| O|  |TAMS 0x000000008b400000| PB 0x000000008b400000| Untracked 
| 181|0x000000008b500000, 0x000000008b600000, 0x000000008b600000|100%| O|  |TAMS 0x000000008b500000| PB 0x000000008b500000| Untracked 
| 182|0x000000008b600000, 0x000000008b700000, 0x000000008b700000|100%| O|  |TAMS 0x000000008b600000| PB 0x000000008b600000| Untracked 
| 183|0x000000008b700000, 0x000000008b800000, 0x000000008b800000|100%| O|  |TAMS 0x000000008b700000| PB 0x000000008b700000| Untracked 
| 184|0x000000008b800000, 0x000000008b900000, 0x000000008b900000|100%| O|  |TAMS 0x000000008b800000| PB 0x000000008b800000| Untracked 
| 185|0x000000008b900000, 0x000000008ba00000, 0x000000008ba00000|100%| O|  |TAMS 0x000000008b900000| PB 0x000000008b900000| Untracked 
| 186|0x000000008ba00000, 0x000000008bb00000, 0x000000008bb00000|100%| O|  |TAMS 0x000000008ba00000| PB 0x000000008ba00000| Untracked 
| 187|0x000000008bb00000, 0x000000008bc00000, 0x000000008bc00000|100%| O|  |TAMS 0x000000008bb00000| PB 0x000000008bb00000| Untracked 
| 188|0x000000008bc00000, 0x000000008bd00000, 0x000000008bd00000|100%| O|  |TAMS 0x000000008bc00000| PB 0x000000008bc00000| Untracked 
| 189|0x000000008bd00000, 0x000000008be00000, 0x000000008be00000|100%|HS|  |TAMS 0x000000008bd00000| PB 0x000000008bd00000| Complete 
| 190|0x000000008be00000, 0x000000008bf00000, 0x000000008bf00000|100%|HS|  |TAMS 0x000000008be00000| PB 0x000000008be00000| Complete 
| 191|0x000000008bf00000, 0x000000008c000000, 0x000000008c000000|100%|HS|  |TAMS 0x000000008bf00000| PB 0x000000008bf00000| Complete 
| 192|0x000000008c000000, 0x000000008c100000, 0x000000008c100000|100%|HS|  |TAMS 0x000000008c000000| PB 0x000000008c000000| Complete 
| 193|0x000000008c100000, 0x000000008c200000, 0x000000008c200000|100%|HC|  |TAMS 0x000000008c100000| PB 0x000000008c100000| Complete 
| 194|0x000000008c200000, 0x000000008c300000, 0x000000008c300000|100%| O|  |TAMS 0x000000008c200000| PB 0x000000008c200000| Untracked 
| 195|0x000000008c300000, 0x000000008c400000, 0x000000008c400000|100%| O|  |TAMS 0x000000008c300000| PB 0x000000008c300000| Untracked 
| 196|0x000000008c400000, 0x000000008c500000, 0x000000008c500000|100%| O|  |TAMS 0x000000008c400000| PB 0x000000008c400000| Untracked 
| 197|0x000000008c500000, 0x000000008c600000, 0x000000008c600000|100%| O|  |TAMS 0x000000008c500000| PB 0x000000008c500000| Untracked 
| 198|0x000000008c600000, 0x000000008c700000, 0x000000008c700000|100%| O|  |TAMS 0x000000008c600000| PB 0x000000008c600000| Untracked 
| 199|0x000000008c700000, 0x000000008c800000, 0x000000008c800000|100%| O|  |TAMS 0x000000008c700000| PB 0x000000008c700000| Untracked 
| 200|0x000000008c800000, 0x000000008c900000, 0x000000008c900000|100%| O|  |TAMS 0x000000008c800000| PB 0x000000008c800000| Untracked 
| 201|0x000000008c900000, 0x000000008ca00000, 0x000000008ca00000|100%| O|  |TAMS 0x000000008c900000| PB 0x000000008c900000| Untracked 
| 202|0x000000008ca00000, 0x000000008cb00000, 0x000000008cb00000|100%| O|  |TAMS 0x000000008ca00000| PB 0x000000008ca00000| Untracked 
| 203|0x000000008cb00000, 0x000000008cc00000, 0x000000008cc00000|100%| O|  |TAMS 0x000000008cb00000| PB 0x000000008cb00000| Untracked 
| 204|0x000000008cc00000, 0x000000008cd00000, 0x000000008cd00000|100%| O|  |TAMS 0x000000008cc00000| PB 0x000000008cc00000| Untracked 
| 205|0x000000008cd00000, 0x000000008ce00000, 0x000000008ce00000|100%| O|  |TAMS 0x000000008cd00000| PB 0x000000008cd00000| Untracked 
| 206|0x000000008ce00000, 0x000000008cf00000, 0x000000008cf00000|100%| O|  |TAMS 0x000000008ce00000| PB 0x000000008ce00000| Untracked 
| 207|0x000000008cf00000, 0x000000008d000000, 0x000000008d000000|100%| O|  |TAMS 0x000000008cf00000| PB 0x000000008cf00000| Untracked 
| 208|0x000000008d000000, 0x000000008d100000, 0x000000008d100000|100%| O|  |TAMS 0x000000008d000000| PB 0x000000008d000000| Untracked 
| 209|0x000000008d100000, 0x000000008d200000, 0x000000008d200000|100%| O|  |TAMS 0x000000008d100000| PB 0x000000008d100000| Untracked 
| 210|0x000000008d200000, 0x000000008d300000, 0x000000008d300000|100%| O|  |TAMS 0x000000008d200000| PB 0x000000008d200000| Untracked 
| 211|0x000000008d300000, 0x000000008d400000, 0x000000008d400000|100%| O|  |TAMS 0x000000008d300000| PB 0x000000008d300000| Untracked 
| 212|0x000000008d400000, 0x000000008d500000, 0x000000008d500000|100%| O|  |TAMS 0x000000008d400000| PB 0x000000008d400000| Untracked 
| 213|0x000000008d500000, 0x000000008d600000, 0x000000008d600000|100%| O|  |TAMS 0x000000008d500000| PB 0x000000008d500000| Untracked 
| 214|0x000000008d600000, 0x000000008d700000, 0x000000008d700000|100%| O|  |TAMS 0x000000008d600000| PB 0x000000008d600000| Untracked 
| 215|0x000000008d700000, 0x000000008d800000, 0x000000008d800000|100%| O|  |TAMS 0x000000008d700000| PB 0x000000008d700000| Untracked 
| 216|0x000000008d800000, 0x000000008d900000, 0x000000008d900000|100%| O|  |TAMS 0x000000008d800000| PB 0x000000008d800000| Untracked 
| 217|0x000000008d900000, 0x000000008da00000, 0x000000008da00000|100%| O|  |TAMS 0x000000008d900000| PB 0x000000008d900000| Untracked 
| 218|0x000000008da00000, 0x000000008db00000, 0x000000008db00000|100%| O|  |TAMS 0x000000008da00000| PB 0x000000008da00000| Untracked 
| 219|0x000000008db00000, 0x000000008dc00000, 0x000000008dc00000|100%| O|  |TAMS 0x000000008db00000| PB 0x000000008db00000| Untracked 
| 220|0x000000008dc00000, 0x000000008dd00000, 0x000000008dd00000|100%| O|  |TAMS 0x000000008dc00000| PB 0x000000008dc00000| Untracked 
| 221|0x000000008dd00000, 0x000000008de00000, 0x000000008de00000|100%| O|  |TAMS 0x000000008dd00000| PB 0x000000008dd00000| Untracked 
| 222|0x000000008de00000, 0x000000008df00000, 0x000000008df00000|100%| O|  |TAMS 0x000000008de00000| PB 0x000000008de00000| Untracked 
| 223|0x000000008df00000, 0x000000008e000000, 0x000000008e000000|100%| O|  |TAMS 0x000000008df00000| PB 0x000000008df00000| Untracked 
| 224|0x000000008e000000, 0x000000008e000000, 0x000000008e100000|  0%| F|  |TAMS 0x000000008e000000| PB 0x000000008e000000| Untracked 
| 225|0x000000008e100000, 0x000000008e100000, 0x000000008e200000|  0%| F|  |TAMS 0x000000008e100000| PB 0x000000008e100000| Untracked 
| 226|0x000000008e200000, 0x000000008e200000, 0x000000008e300000|  0%| F|  |TAMS 0x000000008e200000| PB 0x000000008e200000| Untracked 
| 227|0x000000008e300000, 0x000000008e300000, 0x000000008e400000|  0%| F|  |TAMS 0x000000008e300000| PB 0x000000008e300000| Untracked 
| 228|0x000000008e400000, 0x000000008e400000, 0x000000008e500000|  0%| F|  |TAMS 0x000000008e400000| PB 0x000000008e400000| Untracked 
| 229|0x000000008e500000, 0x000000008e500000, 0x000000008e600000|  0%| F|  |TAMS 0x000000008e500000| PB 0x000000008e500000| Untracked 
| 230|0x000000008e600000, 0x000000008e700000, 0x000000008e700000|100%| O|  |TAMS 0x000000008e600000| PB 0x000000008e600000| Untracked 
| 231|0x000000008e700000, 0x000000008e800000, 0x000000008e800000|100%| O|  |TAMS 0x000000008e700000| PB 0x000000008e700000| Untracked 
| 232|0x000000008e800000, 0x000000008e900000, 0x000000008e900000|100%| O|  |TAMS 0x000000008e800000| PB 0x000000008e800000| Untracked 
| 233|0x000000008e900000, 0x000000008ea00000, 0x000000008ea00000|100%| O|  |TAMS 0x000000008e900000| PB 0x000000008e900000| Untracked 
| 234|0x000000008ea00000, 0x000000008eb00000, 0x000000008eb00000|100%| O|  |TAMS 0x000000008ea00000| PB 0x000000008ea00000| Untracked 
| 235|0x000000008eb00000, 0x000000008ec00000, 0x000000008ec00000|100%| O|  |TAMS 0x000000008eb00000| PB 0x000000008eb00000| Untracked 
| 236|0x000000008ec00000, 0x000000008ed00000, 0x000000008ed00000|100%| O|  |TAMS 0x000000008ec00000| PB 0x000000008ec00000| Untracked 
| 237|0x000000008ed00000, 0x000000008ee00000, 0x000000008ee00000|100%| O|  |TAMS 0x000000008ed00000| PB 0x000000008ed00000| Untracked 
| 238|0x000000008ee00000, 0x000000008ef00000, 0x000000008ef00000|100%| O|  |TAMS 0x000000008ee00000| PB 0x000000008ee00000| Untracked 
| 239|0x000000008ef00000, 0x000000008ef00000, 0x000000008f000000|  0%| F|  |TAMS 0x000000008ef00000| PB 0x000000008ef00000| Untracked 
| 240|0x000000008f000000, 0x000000008f000000, 0x000000008f100000|  0%| F|  |TAMS 0x000000008f000000| PB 0x000000008f000000| Untracked 
| 241|0x000000008f100000, 0x000000008f100000, 0x000000008f200000|  0%| F|  |TAMS 0x000000008f100000| PB 0x000000008f100000| Untracked 
| 242|0x000000008f200000, 0x000000008f200000, 0x000000008f300000|  0%| F|  |TAMS 0x000000008f200000| PB 0x000000008f200000| Untracked 
| 243|0x000000008f300000, 0x000000008f300000, 0x000000008f400000|  0%| F|  |TAMS 0x000000008f300000| PB 0x000000008f300000| Untracked 
| 244|0x000000008f400000, 0x000000008f500000, 0x000000008f500000|100%| O|  |TAMS 0x000000008f400000| PB 0x000000008f400000| Untracked 
| 245|0x000000008f500000, 0x000000008f500000, 0x000000008f600000|  0%| F|  |TAMS 0x000000008f500000| PB 0x000000008f500000| Untracked 
| 246|0x000000008f600000, 0x000000008f600000, 0x000000008f700000|  0%| F|  |TAMS 0x000000008f600000| PB 0x000000008f600000| Untracked 
| 247|0x000000008f700000, 0x000000008f700000, 0x000000008f800000|  0%| F|  |TAMS 0x000000008f700000| PB 0x000000008f700000| Untracked 
| 248|0x000000008f800000, 0x000000008f800000, 0x000000008f900000|  0%| F|  |TAMS 0x000000008f800000| PB 0x000000008f800000| Untracked 
| 249|0x000000008f900000, 0x000000008f900000, 0x000000008fa00000|  0%| F|  |TAMS 0x000000008f900000| PB 0x000000008f900000| Untracked 
| 250|0x000000008fa00000, 0x000000008fa00000, 0x000000008fb00000|  0%| F|  |TAMS 0x000000008fa00000| PB 0x000000008fa00000| Untracked 
| 251|0x000000008fb00000, 0x000000008fb00000, 0x000000008fc00000|  0%| F|  |TAMS 0x000000008fb00000| PB 0x000000008fb00000| Untracked 
| 252|0x000000008fc00000, 0x000000008fc00000, 0x000000008fd00000|  0%| F|  |TAMS 0x000000008fc00000| PB 0x000000008fc00000| Untracked 
| 253|0x000000008fd00000, 0x000000008fd00000, 0x000000008fe00000|  0%| F|  |TAMS 0x000000008fd00000| PB 0x000000008fd00000| Untracked 
| 254|0x000000008fe00000, 0x000000008fe00000, 0x000000008ff00000|  0%| F|  |TAMS 0x000000008fe00000| PB 0x000000008fe00000| Untracked 
| 255|0x000000008ff00000, 0x000000008ff00000, 0x0000000090000000|  0%| F|  |TAMS 0x000000008ff00000| PB 0x000000008ff00000| Untracked 
| 256|0x0000000090000000, 0x0000000090000000, 0x0000000090100000|  0%| F|  |TAMS 0x0000000090000000| PB 0x0000000090000000| Untracked 
| 257|0x0000000090100000, 0x0000000090100000, 0x0000000090200000|  0%| F|  |TAMS 0x0000000090100000| PB 0x0000000090100000| Untracked 
| 258|0x0000000090200000, 0x0000000090200000, 0x0000000090300000|  0%| F|  |TAMS 0x0000000090200000| PB 0x0000000090200000| Untracked 
| 259|0x0000000090300000, 0x0000000090300000, 0x0000000090400000|  0%| F|  |TAMS 0x0000000090300000| PB 0x0000000090300000| Untracked 
| 260|0x0000000090400000, 0x0000000090500000, 0x0000000090500000|100%|HS|  |TAMS 0x0000000090400000| PB 0x0000000090400000| Complete 
| 261|0x0000000090500000, 0x0000000090600000, 0x0000000090600000|100%|HC|  |TAMS 0x0000000090500000| PB 0x0000000090500000| Complete 
| 262|0x0000000090600000, 0x0000000090700000, 0x0000000090700000|100%|HC|  |TAMS 0x0000000090600000| PB 0x0000000090600000| Complete 
| 263|0x0000000090700000, 0x0000000090800000, 0x0000000090800000|100%| O|  |TAMS 0x0000000090700000| PB 0x0000000090700000| Untracked 
| 264|0x0000000090800000, 0x0000000090900000, 0x0000000090900000|100%| O|  |TAMS 0x0000000090800000| PB 0x0000000090800000| Untracked 
| 265|0x0000000090900000, 0x0000000090a00000, 0x0000000090a00000|100%| O|  |TAMS 0x0000000090900000| PB 0x0000000090900000| Untracked 
| 266|0x0000000090a00000, 0x0000000090b00000, 0x0000000090b00000|100%| O|  |TAMS 0x0000000090a00000| PB 0x0000000090a00000| Untracked 
| 267|0x0000000090b00000, 0x0000000090c00000, 0x0000000090c00000|100%| O|  |TAMS 0x0000000090b00000| PB 0x0000000090b00000| Untracked 
| 268|0x0000000090c00000, 0x0000000090d00000, 0x0000000090d00000|100%| O|  |TAMS 0x0000000090c00000| PB 0x0000000090c00000| Untracked 
| 269|0x0000000090d00000, 0x0000000090e00000, 0x0000000090e00000|100%| O|  |TAMS 0x0000000090d00000| PB 0x0000000090d00000| Untracked 
| 270|0x0000000090e00000, 0x0000000090f00000, 0x0000000090f00000|100%| O|  |TAMS 0x0000000090e00000| PB 0x0000000090e00000| Untracked 
| 271|0x0000000090f00000, 0x0000000091000000, 0x0000000091000000|100%| O|  |TAMS 0x0000000090f00000| PB 0x0000000090f00000| Untracked 
| 272|0x0000000091000000, 0x0000000091100000, 0x0000000091100000|100%| O|  |TAMS 0x0000000091000000| PB 0x0000000091000000| Untracked 
| 273|0x0000000091100000, 0x0000000091200000, 0x0000000091200000|100%| O|  |TAMS 0x0000000091100000| PB 0x0000000091100000| Untracked 
| 274|0x0000000091200000, 0x0000000091300000, 0x0000000091300000|100%| S|CS|TAMS 0x0000000091200000| PB 0x0000000091200000| Complete 
| 275|0x0000000091300000, 0x0000000091400000, 0x0000000091400000|100%| S|CS|TAMS 0x0000000091300000| PB 0x0000000091300000| Complete 
| 276|0x0000000091400000, 0x0000000091500000, 0x0000000091500000|100%| S|CS|TAMS 0x0000000091400000| PB 0x0000000091400000| Complete 
| 277|0x0000000091500000, 0x0000000091600000, 0x0000000091600000|100%| S|CS|TAMS 0x0000000091500000| PB 0x0000000091500000| Complete 
| 278|0x0000000091600000, 0x0000000091700000, 0x0000000091700000|100%| S|CS|TAMS 0x0000000091600000| PB 0x0000000091600000| Complete 
| 279|0x0000000091700000, 0x0000000091800000, 0x0000000091800000|100%| S|CS|TAMS 0x0000000091700000| PB 0x0000000091700000| Complete 
| 280|0x0000000091800000, 0x0000000091900000, 0x0000000091900000|100%| S|CS|TAMS 0x0000000091800000| PB 0x0000000091800000| Complete 
| 281|0x0000000091900000, 0x0000000091a00000, 0x0000000091a00000|100%| S|CS|TAMS 0x0000000091900000| PB 0x0000000091900000| Complete 
| 282|0x0000000091a00000, 0x0000000091b00000, 0x0000000091b00000|100%| S|CS|TAMS 0x0000000091a00000| PB 0x0000000091a00000| Complete 
| 283|0x0000000091b00000, 0x0000000091c00000, 0x0000000091c00000|100%| S|CS|TAMS 0x0000000091b00000| PB 0x0000000091b00000| Complete 
| 284|0x0000000091c00000, 0x0000000091d00000, 0x0000000091d00000|100%| S|CS|TAMS 0x0000000091c00000| PB 0x0000000091c00000| Complete 
| 285|0x0000000091d00000, 0x0000000091e00000, 0x0000000091e00000|100%| S|CS|TAMS 0x0000000091d00000| PB 0x0000000091d00000| Complete 
| 286|0x0000000091e00000, 0x0000000091f00000, 0x0000000091f00000|100%| S|CS|TAMS 0x0000000091e00000| PB 0x0000000091e00000| Complete 
| 287|0x0000000091f00000, 0x0000000091f00000, 0x0000000092000000|  0%| F|  |TAMS 0x0000000091f00000| PB 0x0000000091f00000| Untracked 
| 288|0x0000000092000000, 0x0000000092000000, 0x0000000092100000|  0%| F|  |TAMS 0x0000000092000000| PB 0x0000000092000000| Untracked 
| 289|0x0000000092100000, 0x0000000092100000, 0x0000000092200000|  0%| F|  |TAMS 0x0000000092100000| PB 0x0000000092100000| Untracked 
| 290|0x0000000092200000, 0x0000000092200000, 0x0000000092300000|  0%| F|  |TAMS 0x0000000092200000| PB 0x0000000092200000| Untracked 
| 291|0x0000000092300000, 0x0000000092300000, 0x0000000092400000|  0%| F|  |TAMS 0x0000000092300000| PB 0x0000000092300000| Untracked 
| 292|0x0000000092400000, 0x0000000092400000, 0x0000000092500000|  0%| F|  |TAMS 0x0000000092400000| PB 0x0000000092400000| Untracked 
| 293|0x0000000092500000, 0x0000000092500000, 0x0000000092600000|  0%| F|  |TAMS 0x0000000092500000| PB 0x0000000092500000| Untracked 
| 294|0x0000000092600000, 0x0000000092600000, 0x0000000092700000|  0%| F|  |TAMS 0x0000000092600000| PB 0x0000000092600000| Untracked 
| 295|0x0000000092700000, 0x0000000092700000, 0x0000000092800000|  0%| F|  |TAMS 0x0000000092700000| PB 0x0000000092700000| Untracked 
| 296|0x0000000092800000, 0x0000000092800000, 0x0000000092900000|  0%| F|  |TAMS 0x0000000092800000| PB 0x0000000092800000| Untracked 
| 297|0x0000000092900000, 0x0000000092900000, 0x0000000092a00000|  0%| F|  |TAMS 0x0000000092900000| PB 0x0000000092900000| Untracked 
| 298|0x0000000092a00000, 0x0000000092a00000, 0x0000000092b00000|  0%| F|  |TAMS 0x0000000092a00000| PB 0x0000000092a00000| Untracked 
| 299|0x0000000092b00000, 0x0000000092b00000, 0x0000000092c00000|  0%| F|  |TAMS 0x0000000092b00000| PB 0x0000000092b00000| Untracked 
| 300|0x0000000092c00000, 0x0000000092c00000, 0x0000000092d00000|  0%| F|  |TAMS 0x0000000092c00000| PB 0x0000000092c00000| Untracked 
| 301|0x0000000092d00000, 0x0000000092d00000, 0x0000000092e00000|  0%| F|  |TAMS 0x0000000092d00000| PB 0x0000000092d00000| Untracked 
| 302|0x0000000092e00000, 0x0000000092e00000, 0x0000000092f00000|  0%| F|  |TAMS 0x0000000092e00000| PB 0x0000000092e00000| Untracked 
| 303|0x0000000092f00000, 0x0000000092f00000, 0x0000000093000000|  0%| F|  |TAMS 0x0000000092f00000| PB 0x0000000092f00000| Untracked 
| 304|0x0000000093000000, 0x0000000093000000, 0x0000000093100000|  0%| F|  |TAMS 0x0000000093000000| PB 0x0000000093000000| Untracked 
| 305|0x0000000093100000, 0x0000000093100000, 0x0000000093200000|  0%| F|  |TAMS 0x0000000093100000| PB 0x0000000093100000| Untracked 
| 306|0x0000000093200000, 0x0000000093200000, 0x0000000093300000|  0%| F|  |TAMS 0x0000000093200000| PB 0x0000000093200000| Untracked 
| 307|0x0000000093300000, 0x0000000093300000, 0x0000000093400000|  0%| F|  |TAMS 0x0000000093300000| PB 0x0000000093300000| Untracked 
| 308|0x0000000093400000, 0x0000000093400000, 0x0000000093500000|  0%| F|  |TAMS 0x0000000093400000| PB 0x0000000093400000| Untracked 
| 309|0x0000000093500000, 0x0000000093500000, 0x0000000093600000|  0%| F|  |TAMS 0x0000000093500000| PB 0x0000000093500000| Untracked 
| 310|0x0000000093600000, 0x0000000093600000, 0x0000000093700000|  0%| F|  |TAMS 0x0000000093600000| PB 0x0000000093600000| Untracked 
| 311|0x0000000093700000, 0x0000000093700000, 0x0000000093800000|  0%| F|  |TAMS 0x0000000093700000| PB 0x0000000093700000| Untracked 
| 312|0x0000000093800000, 0x0000000093800000, 0x0000000093900000|  0%| F|  |TAMS 0x0000000093800000| PB 0x0000000093800000| Untracked 
| 313|0x0000000093900000, 0x0000000093900000, 0x0000000093a00000|  0%| F|  |TAMS 0x0000000093900000| PB 0x0000000093900000| Untracked 
| 314|0x0000000093a00000, 0x0000000093a00000, 0x0000000093b00000|  0%| F|  |TAMS 0x0000000093a00000| PB 0x0000000093a00000| Untracked 
| 315|0x0000000093b00000, 0x0000000093b00000, 0x0000000093c00000|  0%| F|  |TAMS 0x0000000093b00000| PB 0x0000000093b00000| Untracked 
| 316|0x0000000093c00000, 0x0000000093c00000, 0x0000000093d00000|  0%| F|  |TAMS 0x0000000093c00000| PB 0x0000000093c00000| Untracked 
| 317|0x0000000093d00000, 0x0000000093d00000, 0x0000000093e00000|  0%| F|  |TAMS 0x0000000093d00000| PB 0x0000000093d00000| Untracked 
| 318|0x0000000093e00000, 0x0000000093e00000, 0x0000000093f00000|  0%| F|  |TAMS 0x0000000093e00000| PB 0x0000000093e00000| Untracked 
| 319|0x0000000093f00000, 0x0000000093f00000, 0x0000000094000000|  0%| F|  |TAMS 0x0000000093f00000| PB 0x0000000093f00000| Untracked 
| 320|0x0000000094000000, 0x0000000094000000, 0x0000000094100000|  0%| F|  |TAMS 0x0000000094000000| PB 0x0000000094000000| Untracked 
| 321|0x0000000094100000, 0x0000000094100000, 0x0000000094200000|  0%| F|  |TAMS 0x0000000094100000| PB 0x0000000094100000| Untracked 
| 322|0x0000000094200000, 0x0000000094200000, 0x0000000094300000|  0%| F|  |TAMS 0x0000000094200000| PB 0x0000000094200000| Untracked 
| 323|0x0000000094300000, 0x0000000094300000, 0x0000000094400000|  0%| F|  |TAMS 0x0000000094300000| PB 0x0000000094300000| Untracked 
| 324|0x0000000094400000, 0x0000000094400000, 0x0000000094500000|  0%| F|  |TAMS 0x0000000094400000| PB 0x0000000094400000| Untracked 
| 325|0x0000000094500000, 0x0000000094500000, 0x0000000094600000|  0%| F|  |TAMS 0x0000000094500000| PB 0x0000000094500000| Untracked 
| 326|0x0000000094600000, 0x0000000094600000, 0x0000000094700000|  0%| F|  |TAMS 0x0000000094600000| PB 0x0000000094600000| Untracked 
| 327|0x0000000094700000, 0x0000000094700000, 0x0000000094800000|  0%| F|  |TAMS 0x0000000094700000| PB 0x0000000094700000| Untracked 
| 328|0x0000000094800000, 0x0000000094800000, 0x0000000094900000|  0%| F|  |TAMS 0x0000000094800000| PB 0x0000000094800000| Untracked 
| 329|0x0000000094900000, 0x0000000094900000, 0x0000000094a00000|  0%| F|  |TAMS 0x0000000094900000| PB 0x0000000094900000| Untracked 
| 330|0x0000000094a00000, 0x0000000094a00000, 0x0000000094b00000|  0%| F|  |TAMS 0x0000000094a00000| PB 0x0000000094a00000| Untracked 
| 331|0x0000000094b00000, 0x0000000094b00000, 0x0000000094c00000|  0%| F|  |TAMS 0x0000000094b00000| PB 0x0000000094b00000| Untracked 
| 332|0x0000000094c00000, 0x0000000094c00000, 0x0000000094d00000|  0%| F|  |TAMS 0x0000000094c00000| PB 0x0000000094c00000| Untracked 
| 333|0x0000000094d00000, 0x0000000094d00000, 0x0000000094e00000|  0%| F|  |TAMS 0x0000000094d00000| PB 0x0000000094d00000| Untracked 
| 334|0x0000000094e00000, 0x0000000094e00000, 0x0000000094f00000|  0%| F|  |TAMS 0x0000000094e00000| PB 0x0000000094e00000| Untracked 
| 335|0x0000000094f00000, 0x0000000094f00000, 0x0000000095000000|  0%| F|  |TAMS 0x0000000094f00000| PB 0x0000000094f00000| Untracked 
| 336|0x0000000095000000, 0x0000000095000000, 0x0000000095100000|  0%| F|  |TAMS 0x0000000095000000| PB 0x0000000095000000| Untracked 
| 337|0x0000000095100000, 0x0000000095100000, 0x0000000095200000|  0%| F|  |TAMS 0x0000000095100000| PB 0x0000000095100000| Untracked 
| 338|0x0000000095200000, 0x0000000095200000, 0x0000000095300000|  0%| F|  |TAMS 0x0000000095200000| PB 0x0000000095200000| Untracked 
| 339|0x0000000095300000, 0x0000000095300000, 0x0000000095400000|  0%| F|  |TAMS 0x0000000095300000| PB 0x0000000095300000| Untracked 
| 340|0x0000000095400000, 0x0000000095400000, 0x0000000095500000|  0%| F|  |TAMS 0x0000000095400000| PB 0x0000000095400000| Untracked 
| 341|0x0000000095500000, 0x0000000095500000, 0x0000000095600000|  0%| F|  |TAMS 0x0000000095500000| PB 0x0000000095500000| Untracked 
| 342|0x0000000095600000, 0x0000000095600000, 0x0000000095700000|  0%| F|  |TAMS 0x0000000095600000| PB 0x0000000095600000| Untracked 
| 343|0x0000000095700000, 0x0000000095700000, 0x0000000095800000|  0%| F|  |TAMS 0x0000000095700000| PB 0x0000000095700000| Untracked 
| 344|0x0000000095800000, 0x0000000095800000, 0x0000000095900000|  0%| F|  |TAMS 0x0000000095800000| PB 0x0000000095800000| Untracked 
| 345|0x0000000095900000, 0x0000000095900000, 0x0000000095a00000|  0%| F|  |TAMS 0x0000000095900000| PB 0x0000000095900000| Untracked 
| 346|0x0000000095a00000, 0x0000000095a00000, 0x0000000095b00000|  0%| F|  |TAMS 0x0000000095a00000| PB 0x0000000095a00000| Untracked 
| 347|0x0000000095b00000, 0x0000000095b00000, 0x0000000095c00000|  0%| F|  |TAMS 0x0000000095b00000| PB 0x0000000095b00000| Untracked 
| 348|0x0000000095c00000, 0x0000000095c00000, 0x0000000095d00000|  0%| F|  |TAMS 0x0000000095c00000| PB 0x0000000095c00000| Untracked 
| 349|0x0000000095d00000, 0x0000000095d00000, 0x0000000095e00000|  0%| F|  |TAMS 0x0000000095d00000| PB 0x0000000095d00000| Untracked 
| 350|0x0000000095e00000, 0x0000000095e00000, 0x0000000095f00000|  0%| F|  |TAMS 0x0000000095e00000| PB 0x0000000095e00000| Untracked 
| 351|0x0000000095f00000, 0x0000000095f00000, 0x0000000096000000|  0%| F|  |TAMS 0x0000000095f00000| PB 0x0000000095f00000| Untracked 
| 352|0x0000000096000000, 0x0000000096000000, 0x0000000096100000|  0%| F|  |TAMS 0x0000000096000000| PB 0x0000000096000000| Untracked 
| 353|0x0000000096100000, 0x0000000096100000, 0x0000000096200000|  0%| F|  |TAMS 0x0000000096100000| PB 0x0000000096100000| Untracked 
| 354|0x0000000096200000, 0x0000000096200000, 0x0000000096300000|  0%| F|  |TAMS 0x0000000096200000| PB 0x0000000096200000| Untracked 
| 355|0x0000000096300000, 0x0000000096300000, 0x0000000096400000|  0%| F|  |TAMS 0x0000000096300000| PB 0x0000000096300000| Untracked 
| 356|0x0000000096400000, 0x0000000096400000, 0x0000000096500000|  0%| F|  |TAMS 0x0000000096400000| PB 0x0000000096400000| Untracked 
| 357|0x0000000096500000, 0x0000000096500000, 0x0000000096600000|  0%| F|  |TAMS 0x0000000096500000| PB 0x0000000096500000| Untracked 
| 358|0x0000000096600000, 0x0000000096600000, 0x0000000096700000|  0%| F|  |TAMS 0x0000000096600000| PB 0x0000000096600000| Untracked 
| 359|0x0000000096700000, 0x0000000096700000, 0x0000000096800000|  0%| F|  |TAMS 0x0000000096700000| PB 0x0000000096700000| Untracked 
| 360|0x0000000096800000, 0x0000000096800000, 0x0000000096900000|  0%| F|  |TAMS 0x0000000096800000| PB 0x0000000096800000| Untracked 
| 361|0x0000000096900000, 0x0000000096900000, 0x0000000096a00000|  0%| F|  |TAMS 0x0000000096900000| PB 0x0000000096900000| Untracked 
| 362|0x0000000096a00000, 0x0000000096a00000, 0x0000000096b00000|  0%| F|  |TAMS 0x0000000096a00000| PB 0x0000000096a00000| Untracked 
| 363|0x0000000096b00000, 0x0000000096b00000, 0x0000000096c00000|  0%| F|  |TAMS 0x0000000096b00000| PB 0x0000000096b00000| Untracked 
| 364|0x0000000096c00000, 0x0000000096c00000, 0x0000000096d00000|  0%| F|  |TAMS 0x0000000096c00000| PB 0x0000000096c00000| Untracked 
| 365|0x0000000096d00000, 0x0000000096d00000, 0x0000000096e00000|  0%| F|  |TAMS 0x0000000096d00000| PB 0x0000000096d00000| Untracked 
| 366|0x0000000096e00000, 0x0000000096e00000, 0x0000000096f00000|  0%| F|  |TAMS 0x0000000096e00000| PB 0x0000000096e00000| Untracked 
| 367|0x0000000096f00000, 0x0000000096f00000, 0x0000000097000000|  0%| F|  |TAMS 0x0000000096f00000| PB 0x0000000096f00000| Untracked 
| 368|0x0000000097000000, 0x0000000097000000, 0x0000000097100000|  0%| F|  |TAMS 0x0000000097000000| PB 0x0000000097000000| Untracked 
| 369|0x0000000097100000, 0x0000000097100000, 0x0000000097200000|  0%| F|  |TAMS 0x0000000097100000| PB 0x0000000097100000| Untracked 
| 370|0x0000000097200000, 0x0000000097200000, 0x0000000097300000|  0%| F|  |TAMS 0x0000000097200000| PB 0x0000000097200000| Untracked 
| 371|0x0000000097300000, 0x0000000097300000, 0x0000000097400000|  0%| F|  |TAMS 0x0000000097300000| PB 0x0000000097300000| Untracked 
| 372|0x0000000097400000, 0x0000000097400000, 0x0000000097500000|  0%| F|  |TAMS 0x0000000097400000| PB 0x0000000097400000| Untracked 
| 373|0x0000000097500000, 0x0000000097500000, 0x0000000097600000|  0%| F|  |TAMS 0x0000000097500000| PB 0x0000000097500000| Untracked 
| 374|0x0000000097600000, 0x0000000097600000, 0x0000000097700000|  0%| F|  |TAMS 0x0000000097600000| PB 0x0000000097600000| Untracked 
| 375|0x0000000097700000, 0x0000000097700000, 0x0000000097800000|  0%| F|  |TAMS 0x0000000097700000| PB 0x0000000097700000| Untracked 
| 376|0x0000000097800000, 0x0000000097800000, 0x0000000097900000|  0%| F|  |TAMS 0x0000000097800000| PB 0x0000000097800000| Untracked 
| 377|0x0000000097900000, 0x0000000097900000, 0x0000000097a00000|  0%| F|  |TAMS 0x0000000097900000| PB 0x0000000097900000| Untracked 
| 378|0x0000000097a00000, 0x0000000097a00000, 0x0000000097b00000|  0%| F|  |TAMS 0x0000000097a00000| PB 0x0000000097a00000| Untracked 
| 379|0x0000000097b00000, 0x0000000097b00000, 0x0000000097c00000|  0%| F|  |TAMS 0x0000000097b00000| PB 0x0000000097b00000| Untracked 
| 380|0x0000000097c00000, 0x0000000097c00000, 0x0000000097d00000|  0%| F|  |TAMS 0x0000000097c00000| PB 0x0000000097c00000| Untracked 
| 381|0x0000000097d00000, 0x0000000097d00000, 0x0000000097e00000|  0%| F|  |TAMS 0x0000000097d00000| PB 0x0000000097d00000| Untracked 
| 382|0x0000000097e00000, 0x0000000097e00000, 0x0000000097f00000|  0%| F|  |TAMS 0x0000000097e00000| PB 0x0000000097e00000| Untracked 
| 383|0x0000000097f00000, 0x0000000097f00000, 0x0000000098000000|  0%| F|  |TAMS 0x0000000097f00000| PB 0x0000000097f00000| Untracked 
| 384|0x0000000098000000, 0x0000000098000000, 0x0000000098100000|  0%| F|  |TAMS 0x0000000098000000| PB 0x0000000098000000| Untracked 
| 385|0x0000000098100000, 0x0000000098100000, 0x0000000098200000|  0%| F|  |TAMS 0x0000000098100000| PB 0x0000000098100000| Untracked 
| 386|0x0000000098200000, 0x0000000098200000, 0x0000000098300000|  0%| F|  |TAMS 0x0000000098200000| PB 0x0000000098200000| Untracked 
| 387|0x0000000098300000, 0x0000000098300000, 0x0000000098400000|  0%| F|  |TAMS 0x0000000098300000| PB 0x0000000098300000| Untracked 
| 388|0x0000000098400000, 0x0000000098400000, 0x0000000098500000|  0%| F|  |TAMS 0x0000000098400000| PB 0x0000000098400000| Untracked 
| 389|0x0000000098500000, 0x0000000098500000, 0x0000000098600000|  0%| F|  |TAMS 0x0000000098500000| PB 0x0000000098500000| Untracked 
| 390|0x0000000098600000, 0x0000000098600000, 0x0000000098700000|  0%| F|  |TAMS 0x0000000098600000| PB 0x0000000098600000| Untracked 
| 391|0x0000000098700000, 0x0000000098700000, 0x0000000098800000|  0%| F|  |TAMS 0x0000000098700000| PB 0x0000000098700000| Untracked 
| 392|0x0000000098800000, 0x0000000098800000, 0x0000000098900000|  0%| F|  |TAMS 0x0000000098800000| PB 0x0000000098800000| Untracked 
| 393|0x0000000098900000, 0x0000000098900000, 0x0000000098a00000|  0%| F|  |TAMS 0x0000000098900000| PB 0x0000000098900000| Untracked 
| 394|0x0000000098a00000, 0x0000000098a00000, 0x0000000098b00000|  0%| F|  |TAMS 0x0000000098a00000| PB 0x0000000098a00000| Untracked 
| 395|0x0000000098b00000, 0x0000000098b00000, 0x0000000098c00000|  0%| F|  |TAMS 0x0000000098b00000| PB 0x0000000098b00000| Untracked 
| 396|0x0000000098c00000, 0x0000000098c00000, 0x0000000098d00000|  0%| F|  |TAMS 0x0000000098c00000| PB 0x0000000098c00000| Untracked 
| 397|0x0000000098d00000, 0x0000000098d00000, 0x0000000098e00000|  0%| F|  |TAMS 0x0000000098d00000| PB 0x0000000098d00000| Untracked 
| 398|0x0000000098e00000, 0x0000000098e00000, 0x0000000098f00000|  0%| F|  |TAMS 0x0000000098e00000| PB 0x0000000098e00000| Untracked 
| 399|0x0000000098f00000, 0x0000000098f00000, 0x0000000099000000|  0%| F|  |TAMS 0x0000000098f00000| PB 0x0000000098f00000| Untracked 
| 400|0x0000000099000000, 0x0000000099000000, 0x0000000099100000|  0%| F|  |TAMS 0x0000000099000000| PB 0x0000000099000000| Untracked 
| 401|0x0000000099100000, 0x0000000099100000, 0x0000000099200000|  0%| F|  |TAMS 0x0000000099100000| PB 0x0000000099100000| Untracked 
| 402|0x0000000099200000, 0x0000000099200000, 0x0000000099300000|  0%| F|  |TAMS 0x0000000099200000| PB 0x0000000099200000| Untracked 
| 403|0x0000000099300000, 0x0000000099300000, 0x0000000099400000|  0%| F|  |TAMS 0x0000000099300000| PB 0x0000000099300000| Untracked 
| 404|0x0000000099400000, 0x0000000099400000, 0x0000000099500000|  0%| F|  |TAMS 0x0000000099400000| PB 0x0000000099400000| Untracked 
| 405|0x0000000099500000, 0x0000000099500000, 0x0000000099600000|  0%| F|  |TAMS 0x0000000099500000| PB 0x0000000099500000| Untracked 
| 406|0x0000000099600000, 0x0000000099600000, 0x0000000099700000|  0%| F|  |TAMS 0x0000000099600000| PB 0x0000000099600000| Untracked 
| 407|0x0000000099700000, 0x0000000099700000, 0x0000000099800000|  0%| F|  |TAMS 0x0000000099700000| PB 0x0000000099700000| Untracked 
| 408|0x0000000099800000, 0x0000000099800000, 0x0000000099900000|  0%| F|  |TAMS 0x0000000099800000| PB 0x0000000099800000| Untracked 
| 409|0x0000000099900000, 0x0000000099900000, 0x0000000099a00000|  0%| F|  |TAMS 0x0000000099900000| PB 0x0000000099900000| Untracked 
| 410|0x0000000099a00000, 0x0000000099a00000, 0x0000000099b00000|  0%| F|  |TAMS 0x0000000099a00000| PB 0x0000000099a00000| Untracked 
| 411|0x0000000099b00000, 0x0000000099b00000, 0x0000000099c00000|  0%| F|  |TAMS 0x0000000099b00000| PB 0x0000000099b00000| Untracked 
| 412|0x0000000099c00000, 0x0000000099c00000, 0x0000000099d00000|  0%| F|  |TAMS 0x0000000099c00000| PB 0x0000000099c00000| Untracked 
| 413|0x0000000099d00000, 0x0000000099e00000, 0x0000000099e00000|100%| S|CS|TAMS 0x0000000099d00000| PB 0x0000000099d00000| Complete 
| 414|0x0000000099e00000, 0x0000000099f00000, 0x0000000099f00000|100%| S|CS|TAMS 0x0000000099e00000| PB 0x0000000099e00000| Complete 
| 415|0x0000000099f00000, 0x0000000099f4a080, 0x000000009a000000| 28%| S|CS|TAMS 0x0000000099f00000| PB 0x0000000099f00000| Complete 
|2045|0x00000000ffd00000, 0x00000000ffddecd8, 0x00000000ffe00000| 87%| O|  |TAMS 0x00000000ffd00000| PB 0x00000000ffd00000| Untracked 
|2046|0x00000000ffe00000, 0x00000000fff00000, 0x00000000fff00000|100%| O|  |TAMS 0x00000000ffe00000| PB 0x00000000ffe00000| Untracked 
|2047|0x00000000fff00000, 0x0000000100000000, 0x0000000100000000|100%| O|  |TAMS 0x00000000fff00000| PB 0x00000000fff00000| Untracked 

Card table byte_map: [0x0000025d76720000,0x0000025d76b20000] _byte_map_base: 0x0000025d76320000

Marking Bits: (CMBitMap*) 0x0000025d72be3050
 Bits: [0x0000025d76b20000, 0x0000025d78b20000)

Polling page: 0x0000025d72340000

Metaspace:

Usage:
  Non-class:     22.62 MB used.
      Class:      2.51 MB used.
       Both:     25.13 MB used.

Virtual space:
  Non-class space:       64.00 MB reserved,      22.75 MB ( 36%) committed,  1 nodes.
      Class space:        1.00 GB reserved,       2.62 MB ( <1%) committed,  1 nodes.
             Both:        1.06 GB reserved,      25.38 MB (  2%) committed. 

Chunk freelists:
   Non-Class:  9.27 MB
       Class:  13.25 MB
        Both:  22.52 MB

MaxMetaspaceSize: unlimited
CompressedClassSpaceSize: 1.00 GB
Initial GC threshold: 21.00 MB
Current GC threshold: 42.31 MB
CDS: off
 - commit_granule_bytes: 65536.
 - commit_granule_words: 8192.
 - virtual_space_node_default_size: 8388608.
 - enlarge_chunks_in_place: 1.
 - use_allocation_guard: 0.


Internal statistics:

num_allocs_failed_limit: 3.
num_arena_births: 212.
num_arena_deaths: 0.
num_vsnodes_births: 2.
num_vsnodes_deaths: 0.
num_space_committed: 405.
num_space_uncommitted: 0.
num_chunks_returned_to_freelist: 3.
num_chunks_taken_from_freelist: 653.
num_chunk_merges: 3.
num_chunk_splits: 408.
num_chunks_enlarged: 270.
num_inconsistent_stats: 0.

CodeHeap 'non-profiled nmethods': size=119168Kb used=4048Kb max_used=4535Kb free=115120Kb
 bounds [0x0000025d07ba0000, 0x0000025d08010000, 0x0000025d0f000000]
CodeHeap 'profiled nmethods': size=119104Kb used=6470Kb max_used=8581Kb free=112633Kb
 bounds [0x0000025d00000000, 0x0000025d00870000, 0x0000025d07450000]
CodeHeap 'non-nmethods': size=7488Kb used=3179Kb max_used=3323Kb free=4308Kb
 bounds [0x0000025d07450000, 0x0000025d077a0000, 0x0000025d07ba0000]
CodeCache: size=245760Kb, used=13697Kb, max_used=16439Kb, free=232061Kb
 total_blobs=4239, nmethods=3667, adapters=473, full_count=0
Compilation: enabled, stopped_count=0, restarted_count=0

Compilation events (20 events):
Event: 5.345 Thread 0x0000025d7d680ea0 nmethod 4511 0x0000025d07c75510 code [0x0000025d07c75720, 0x0000025d07c75d18]
Event: 5.346 Thread 0x0000025d7d680ea0 4510       4       org.languagetool.tagging.ManualTagger::tag (102 bytes)
Event: 5.371 Thread 0x0000025d7d680ea0 nmethod 4510 0x0000025d07ca8190 code [0x0000025d07ca8400, 0x0000025d07ca90d0]
Event: 5.371 Thread 0x0000025d7d680ea0 4500       4       morfologik.fsa.ByteSequenceIterator::restartFrom (25 bytes)
Event: 5.377 Thread 0x0000025d7d680ea0 nmethod 4500 0x0000025d07c4d690 code [0x0000025d07c4d840, 0x0000025d07c4dbf0]
Event: 5.378 Thread 0x0000025d7d680ea0 4501  s    4       org.languagetool.tagging.MorfologikTagger::getDictionary (23 bytes)
Event: 5.380 Thread 0x0000025d7d680ea0 nmethod 4501 0x0000025d07c61c10 code [0x0000025d07c61da0, 0x0000025d07c61f90]
Event: 5.380 Thread 0x0000025d7d680ea0 4506       4       morfologik.fsa.FSATraversal::<init> (10 bytes)
Event: 5.383 Thread 0x0000025d7d680ea0 nmethod 4506 0x0000025d07d79090 code [0x0000025d07d79220, 0x0000025d07d79378]
Event: 5.383 Thread 0x0000025d7d680ea0 4507       4       morfologik.fsa.MatchResult::<init> (12 bytes)
Event: 5.384 Thread 0x0000025d7d680ea0 nmethod 4507 0x0000025d07c9ac90 code [0x0000025d07c9ae20, 0x0000025d07c9aeb8]
Event: 5.384 Thread 0x0000025d7d680ea0 4508       4       morfologik.stemming.ArrayViewList::<init> (24 bytes)
Event: 5.386 Thread 0x0000025d7d680ea0 nmethod 4508 0x0000025d07da6410 code [0x0000025d07da65a0, 0x0000025d07da6718]
Event: 5.387 Thread 0x0000025d7d680ea0 4505       4       java.nio.ByteBuffer::wrap (8 bytes)
Event: 5.391 Thread 0x0000025d7d680ea0 nmethod 4505 0x0000025d07c19d10 code [0x0000025d07c19ea0, 0x0000025d07c1a068]
Event: 5.392 Thread 0x0000025d7d680ea0 4513       4       morfologik.stemming.DictionaryMetadata::isFrequencyIncluded (17 bytes)
Event: 5.395 Thread 0x0000025d7d680ea0 nmethod 4513 0x0000025d07c54490 code [0x0000025d07c54640, 0x0000025d07c547c8]
Event: 5.396 Thread 0x0000025d7d680ea0 4514       4       morfologik.fsa.FSATraversal::match (168 bytes)
Event: 5.422 Thread 0x0000025d7cc973d0 nmethod 4494 0x0000025d07cb5790 code [0x0000025d07cb5bc0, 0x0000025d07cb9660]
Event: 5.439 Thread 0x0000025d7cc973d0 4512       4       java.util.HashMap::containsKey (14 bytes)

GC Heap History (20 events):
Event: 2.268 GC heap after
{Heap after GC invocations=16 (full 0):
 garbage-first heap   total 175104K, used 109568K [0x0000000080000000, 0x0000000100000000)
  region size 1024K, 7 young (7168K), 7 survivors (7168K)
 Metaspace       used 24144K, committed 24384K, reserved 1114112K
  class space    used 2328K, committed 2432K, reserved 1048576K
}
Event: 2.300 GC heap before
{Heap before GC invocations=16 (full 0):
 garbage-first heap   total 175104K, used 154624K [0x0000000080000000, 0x0000000100000000)
  region size 1024K, 51 young (52224K), 7 survivors (7168K)
 Metaspace       used 24144K, committed 24384K, reserved 1114112K
  class space    used 2328K, committed 2432K, reserved 1048576K
}
Event: 2.306 GC heap after
{Heap after GC invocations=17 (full 0):
 garbage-first heap   total 422912K, used 113664K [0x0000000080000000, 0x0000000100000000)
  region size 1024K, 6 young (6144K), 6 survivors (6144K)
 Metaspace       used 24144K, committed 24384K, reserved 1114112K
  class space    used 2328K, committed 2432K, reserved 1048576K
}
Event: 2.776 GC heap before
{Heap before GC invocations=17 (full 0):
 garbage-first heap   total 422912K, used 352256K [0x0000000080000000, 0x0000000100000000)
  region size 1024K, 212 young (217088K), 6 survivors (6144K)
 Metaspace       used 25251K, committed 25536K, reserved 1114112K
  class space    used 2531K, committed 2688K, reserved 1048576K
}
Event: 2.788 GC heap after
{Heap after GC invocations=18 (full 0):
 garbage-first heap   total 422912K, used 151218K [0x0000000080000000, 0x0000000100000000)
  region size 1024K, 27 young (27648K), 27 survivors (27648K)
 Metaspace       used 25251K, committed 25536K, reserved 1114112K
  class space    used 2531K, committed 2688K, reserved 1048576K
}
Event: 3.095 GC heap before
{Heap before GC invocations=18 (full 0):
 garbage-first heap   total 422912K, used 362162K [0x0000000080000000, 0x0000000100000000)
  region size 1024K, 211 young (216064K), 27 survivors (27648K)
 Metaspace       used 25580K, committed 25856K, reserved 1114112K
  class space    used 2555K, committed 2688K, reserved 1048576K
}
Event: 3.107 GC heap after
{Heap after GC invocations=19 (full 0):
 garbage-first heap   total 422912K, used 178688K [0x0000000080000000, 0x0000000100000000)
  region size 1024K, 22 young (22528K), 22 survivors (22528K)
 Metaspace       used 25580K, committed 25856K, reserved 1114112K
  class space    used 2555K, committed 2688K, reserved 1048576K
}
Event: 3.511 GC heap before
{Heap before GC invocations=19 (full 0):
 garbage-first heap   total 422912K, used 351744K [0x0000000080000000, 0x0000000100000000)
  region size 1024K, 191 young (195584K), 22 survivors (22528K)
 Metaspace       used 25647K, committed 25920K, reserved 1114112K
  class space    used 2555K, committed 2688K, reserved 1048576K
}
Event: 3.517 GC heap after
{Heap after GC invocations=20 (full 0):
 garbage-first heap   total 422912K, used 184199K [0x0000000080000000, 0x0000000100000000)
  region size 1024K, 5 young (5120K), 5 survivors (5120K)
 Metaspace       used 25647K, committed 25920K, reserved 1114112K
  class space    used 2555K, committed 2688K, reserved 1048576K
}
Event: 3.880 GC heap before
{Heap before GC invocations=20 (full 0):
 garbage-first heap   total 422912K, used 367495K [0x0000000080000000, 0x0000000100000000)
  region size 1024K, 184 young (188416K), 5 survivors (5120K)
 Metaspace       used 25648K, committed 25920K, reserved 1114112K
  class space    used 2555K, committed 2688K, reserved 1048576K
}
Event: 3.884 GC heap after
{Heap after GC invocations=21 (full 0):
 garbage-first heap   total 422912K, used 187830K [0x0000000080000000, 0x0000000100000000)
  region size 1024K, 9 young (9216K), 9 survivors (9216K)
 Metaspace       used 25648K, committed 25920K, reserved 1114112K
  class space    used 2555K, committed 2688K, reserved 1048576K
}
Event: 4.227 GC heap before
{Heap before GC invocations=21 (full 0):
 garbage-first heap   total 422912K, used 377270K [0x0000000080000000, 0x0000000100000000)
  region size 1024K, 194 young (198656K), 9 survivors (9216K)
 Metaspace       used 25648K, committed 25920K, reserved 1114112K
  class space    used 2555K, committed 2688K, reserved 1048576K
}
Event: 4.233 GC heap after
{Heap after GC invocations=22 (full 0):
 garbage-first heap   total 422912K, used 196188K [0x0000000080000000, 0x0000000100000000)
  region size 1024K, 17 young (17408K), 17 survivors (17408K)
 Metaspace       used 25648K, committed 25920K, reserved 1114112K
  class space    used 2555K, committed 2688K, reserved 1048576K
}
Event: 4.504 GC heap before
{Heap before GC invocations=22 (full 0):
 garbage-first heap   total 422912K, used 382556K [0x0000000080000000, 0x0000000100000000)
  region size 1024K, 199 young (203776K), 17 survivors (17408K)
 Metaspace       used 25657K, committed 25920K, reserved 1114112K
  class space    used 2555K, committed 2688K, reserved 1048576K
}
Event: 4.529 GC heap after
{Heap after GC invocations=23 (full 0):
 garbage-first heap   total 422912K, used 218112K [0x0000000080000000, 0x0000000100000000)
  region size 1024K, 25 young (25600K), 25 survivors (25600K)
 Metaspace       used 25657K, committed 25920K, reserved 1114112K
  class space    used 2555K, committed 2688K, reserved 1048576K
}
Event: 4.645 GC heap before
{Heap before GC invocations=23 (full 0):
 garbage-first heap   total 422912K, used 258048K [0x0000000080000000, 0x0000000100000000)
  region size 1024K, 65 young (66560K), 25 survivors (25600K)
 Metaspace       used 25670K, committed 25984K, reserved 1114112K
  class space    used 2556K, committed 2688K, reserved 1048576K
}
Event: 4.661 GC heap after
{Heap after GC invocations=24 (full 0):
 garbage-first heap   total 422912K, used 232938K [0x0000000080000000, 0x0000000100000000)
  region size 1024K, 14 young (14336K), 14 survivors (14336K)
 Metaspace       used 25670K, committed 25984K, reserved 1114112K
  class space    used 2556K, committed 2688K, reserved 1048576K
}
Event: 5.085 GC heap before
{Heap before GC invocations=25 (full 0):
 garbage-first heap   total 422912K, used 380394K [0x0000000080000000, 0x0000000100000000)
  region size 1024K, 153 young (156672K), 14 survivors (14336K)
 Metaspace       used 25670K, committed 25984K, reserved 1114112K
  class space    used 2556K, committed 2688K, reserved 1048576K
}
Event: 5.104 GC heap after
{Heap after GC invocations=26 (full 0):
 garbage-first heap   total 422912K, used 252210K [0x0000000080000000, 0x0000000100000000)
  region size 1024K, 15 young (15360K), 15 survivors (15360K)
 Metaspace       used 25670K, committed 25984K, reserved 1114112K
  class space    used 2556K, committed 2688K, reserved 1048576K
}
Event: 5.442 GC heap before
{Heap before GC invocations=26 (full 0):
 garbage-first heap   total 422912K, used 395570K [0x0000000080000000, 0x0000000100000000)
  region size 1024K, 141 young (144384K), 15 survivors (15360K)
 Metaspace       used 25729K, committed 25984K, reserved 1114112K
  class space    used 2565K, committed 2688K, reserved 1048576K
}

Dll operation events (9 events):
Event: 0.005 Loaded shared library c:\Users\Legion_5\.vscode\extensions\ltex-plus.vscode-ltex-plus-15.6.1\lib\ltex-ls-plus-18.6.1\jdk-21.0.8+9\bin\java.dll
Event: 0.007 Loaded shared library c:\Users\Legion_5\.vscode\extensions\ltex-plus.vscode-ltex-plus-15.6.1\lib\ltex-ls-plus-18.6.1\jdk-21.0.8+9\bin\zip.dll
Event: 0.034 Loaded shared library c:\Users\Legion_5\.vscode\extensions\ltex-plus.vscode-ltex-plus-15.6.1\lib\ltex-ls-plus-18.6.1\jdk-21.0.8+9\bin\jsvml.dll
Event: 0.093 Loaded shared library C:\Users\Legion_5\.vscode\extensions\ltex-plus.vscode-ltex-plus-15.6.1\lib\ltex-ls-plus-18.6.1\jdk-21.0.8+9\bin\net.dll
Event: 0.094 Loaded shared library C:\Users\Legion_5\.vscode\extensions\ltex-plus.vscode-ltex-plus-15.6.1\lib\ltex-ls-plus-18.6.1\jdk-21.0.8+9\bin\nio.dll
Event: 0.098 Loaded shared library C:\Users\Legion_5\.vscode\extensions\ltex-plus.vscode-ltex-plus-15.6.1\lib\ltex-ls-plus-18.6.1\jdk-21.0.8+9\bin\zip.dll
Event: 0.205 Loaded shared library C:\Users\Legion_5\.vscode\extensions\ltex-plus.vscode-ltex-plus-15.6.1\lib\ltex-ls-plus-18.6.1\jdk-21.0.8+9\bin\jimage.dll
Event: 0.264 Loaded shared library C:\Users\Legion_5\AppData\Local\Temp\jansi-2.4.2-63bf0d1ad93575c9-jansi.dll
Event: 0.288 Loaded shared library c:\Users\Legion_5\.vscode\extensions\ltex-plus.vscode-ltex-plus-15.6.1\lib\ltex-ls-plus-18.6.1\jdk-21.0.8+9\bin\verify.dll

Deoptimization events (20 events):
Event: 5.310 Thread 0x0000025d72b89bb0 DEOPT PACKING pc=0x0000025d002e671e sp=0x0000009d9e6fded0
Event: 5.310 Thread 0x0000025d72b89bb0 DEOPT UNPACKING pc=0x0000025d074a4e42 sp=0x0000009d9e6fd3a8 mode 0
Event: 5.325 Thread 0x0000025d72b89bb0 Uncommon trap: trap_request=0xffffffde fr.pc=0x0000025d07fca834 relative=0x0000000000003bb4
Event: 5.325 Thread 0x0000025d72b89bb0 Uncommon trap: reason=class_check action=maybe_recompile pc=0x0000025d07fca834 method=morfologik.stemming.DictionaryLookup.lookup(Ljava/lang/CharSequence;)Ljava/util/List; @ 529 c2
Event: 5.325 Thread 0x0000025d72b89bb0 DEOPT PACKING pc=0x0000025d07fca834 sp=0x0000009d9e6fdf80
Event: 5.325 Thread 0x0000025d72b89bb0 DEOPT UNPACKING pc=0x0000025d074a46a2 sp=0x0000009d9e6fdf38 mode 2
Event: 5.378 Thread 0x0000025d72b89bb0 Uncommon trap: trap_request=0xffffffde fr.pc=0x0000025d07fca834 relative=0x0000000000003bb4
Event: 5.378 Thread 0x0000025d72b89bb0 Uncommon trap: reason=class_check action=maybe_recompile pc=0x0000025d07fca834 method=morfologik.stemming.DictionaryLookup.lookup(Ljava/lang/CharSequence;)Ljava/util/List; @ 529 c2
Event: 5.378 Thread 0x0000025d72b89bb0 DEOPT PACKING pc=0x0000025d07fca834 sp=0x0000009d9e6fdf80
Event: 5.378 Thread 0x0000025d72b89bb0 DEOPT UNPACKING pc=0x0000025d074a46a2 sp=0x0000009d9e6fdf38 mode 2
Event: 5.393 Thread 0x0000025d72b89bb0 DEOPT PACKING pc=0x0000025d002e671e sp=0x0000009d9e6fded0
Event: 5.393 Thread 0x0000025d72b89bb0 DEOPT UNPACKING pc=0x0000025d074a4e42 sp=0x0000009d9e6fd3a8 mode 0
Event: 5.414 Thread 0x0000025d72b89bb0 Uncommon trap: trap_request=0xffffffde fr.pc=0x0000025d07fca834 relative=0x0000000000003bb4
Event: 5.414 Thread 0x0000025d72b89bb0 Uncommon trap: reason=class_check action=maybe_recompile pc=0x0000025d07fca834 method=morfologik.stemming.DictionaryLookup.lookup(Ljava/lang/CharSequence;)Ljava/util/List; @ 529 c2
Event: 5.414 Thread 0x0000025d72b89bb0 DEOPT PACKING pc=0x0000025d07fca834 sp=0x0000009d9e6fdf80
Event: 5.414 Thread 0x0000025d72b89bb0 DEOPT UNPACKING pc=0x0000025d074a46a2 sp=0x0000009d9e6fdf38 mode 2
Event: 5.425 Thread 0x0000025d72b89bb0 Uncommon trap: trap_request=0xffffffde fr.pc=0x0000025d07fca834 relative=0x0000000000003bb4
Event: 5.425 Thread 0x0000025d72b89bb0 Uncommon trap: reason=class_check action=maybe_recompile pc=0x0000025d07fca834 method=morfologik.stemming.DictionaryLookup.lookup(Ljava/lang/CharSequence;)Ljava/util/List; @ 529 c2
Event: 5.426 Thread 0x0000025d72b89bb0 DEOPT PACKING pc=0x0000025d07fca834 sp=0x0000009d9e6fdf80
Event: 5.426 Thread 0x0000025d72b89bb0 DEOPT UNPACKING pc=0x0000025d074a46a2 sp=0x0000009d9e6fdf38 mode 2

Classes loaded (20 events):
Event: 1.821 Loading class java/text/StringCharacterIterator
Event: 1.821 Loading class java/text/CharacterIterator
Event: 1.821 Loading class java/text/CharacterIterator done
Event: 1.821 Loading class java/text/StringCharacterIterator done
Event: 1.985 Loading class java/net/URISyntaxException
Event: 1.985 Loading class java/net/URISyntaxException done
Event: 2.507 Loading class java/io/SequenceInputStream
Event: 2.507 Loading class java/io/SequenceInputStream done
Event: 2.722 Loading class java/util/regex/PatternSyntaxException
Event: 2.723 Loading class java/util/regex/PatternSyntaxException done
Event: 2.750 Loading class java/lang/invoke/BoundMethodHandle$Species_LLLLLL
Event: 2.750 Loading class java/lang/invoke/BoundMethodHandle$Species_LLLLLL done
Event: 2.751 Loading class java/lang/invoke/BoundMethodHandle$Species_LLLLLLL
Event: 2.751 Loading class java/lang/invoke/BoundMethodHandle$Species_LLLLLLL done
Event: 2.757 Loading class java/util/function/IntUnaryOperator
Event: 2.757 Loading class java/util/function/IntUnaryOperator done
Event: 2.898 Loading class java/lang/ArrayIndexOutOfBoundsException
Event: 2.898 Loading class java/lang/ArrayIndexOutOfBoundsException done
Event: 3.007 Loading class java/util/AbstractList$Itr
Event: 3.007 Loading class java/util/AbstractList$Itr done

Classes unloaded (0 events):
No events

Classes redefined (0 events):
No events

Internal exceptions (20 events):
Event: 0.266 Thread 0x0000025d72b89bb0 Exception <a 'java/lang/NullPointerException'{0x00000000837f1f20}> (0x00000000837f1f20) 
thrown [s\src\hotspot\share\interpreter\linkResolver.cpp, line 1372]
Event: 0.266 Thread 0x0000025d72b89bb0 Exception <a 'java/lang/NullPointerException'{0x00000000837f2200}> (0x00000000837f2200) 
thrown [s\src\hotspot\share\interpreter\linkResolver.cpp, line 1372]
Event: 0.408 Thread 0x0000025d72b89bb0 Exception <a 'java/lang/NoSuchMethodError'{0x00000000830fd850}: 'int java.lang.invoke.DirectMethodHandle$Holder.invokeSpecial(java.lang.Object, java.lang.Object, java.lang.Object)'> (0x00000000830fd850) 
thrown [s\src\hotspot\share\interpreter\linkResolver.cpp, line 773]
Event: 0.408 Thread 0x0000025d72b89bb0 Exception <a 'java/lang/NoSuchMethodError'{0x0000000082f08350}: 'void java.lang.invoke.DelegatingMethodHandle$Holder.reinvoke_L(java.lang.Object, java.lang.Object, int)'> (0x0000000082f08350) 
thrown [s\src\hotspot\share\interpreter\linkResolver.cpp, line 773]
Event: 0.408 Thread 0x0000025d72b89bb0 Exception <a 'java/lang/NoSuchMethodError'{0x0000000082f0ecf0}: 'int java.lang.invoke.Invokers$Holder.invokeExact_MT(java.lang.Object, java.lang.Object, java.lang.Object)'> (0x0000000082f0ecf0) 
thrown [s\src\hotspot\share\interpreter\linkResolver.cpp, line 773]
Event: 0.410 Thread 0x0000025d72b89bb0 Exception <a 'java/lang/NoSuchMethodError'{0x0000000082f1f3d8}: 'void java.lang.invoke.Invokers$Holder.invokeExact_MT(java.lang.Object, java.lang.Object, java.lang.Object, java.lang.Object)'> (0x0000000082f1f3d8) 
thrown [s\src\hotspot\share\interpreter\linkResolver.cpp, line 773]
Event: 0.444 Thread 0x0000025d72b89bb0 Exception <a 'java/lang/NoSuchMethodError'{0x0000000082e7e9c0}: 'void java.lang.invoke.DirectMethodHandle$Holder.invokeVirtual(java.lang.Object, java.lang.Object)'> (0x0000000082e7e9c0) 
thrown [s\src\hotspot\share\interpreter\linkResolver.cpp, line 773]
Event: 0.557 Thread 0x0000025d72b89bb0 Exception <a 'java/lang/NoSuchMethodError'{0x0000000083e44548}: 'java.lang.Object java.lang.invoke.DirectMethodHandle$Holder.invokeStaticInit(java.lang.Object, java.lang.Object, java.lang.Object)'> (0x0000000083e44548) 
thrown [s\src\hotspot\share\interpreter\linkResolver.cpp, line 773]
Event: 0.560 Thread 0x0000025d72b89bb0 Exception <a 'java/lang/NoClassDefFoundError'{0x0000000083ecff60}: org/apache/logging/log4j/spi/LoggerAdapter> (0x0000000083ecff60) 
thrown [s\src\hotspot\share\classfile\systemDictionary.cpp, line 301]
Event: 0.590 Thread 0x0000025d72b89bb0 Exception <a 'java/lang/ClassNotFoundException'{0x0000000083c02f60}: com/sun/org/apache/xerces/internal/impl/xpath/regex/spi/messageProvider> (0x0000000083c02f60) 
thrown [s\src\hotspot\share\classfile\systemDictionary.cpp, line 312]
Event: 0.706 Thread 0x0000025d72b89bb0 Exception <a 'java/lang/NoSuchMethodError'{0x0000000083500a08}: 'java.lang.Object java.lang.invoke.DirectMethodHandle$Holder.invokeInterface(java.lang.Object, java.lang.Object)'> (0x0000000083500a08) 
thrown [s\src\hotspot\share\interpreter\linkResolver.cpp, line 773]
Event: 0.707 Thread 0x0000025d72b89bb0 Exception <a 'java/lang/IncompatibleClassChangeError'{0x0000000083503fe0}: Found class java.lang.Object, but interface was expected> (0x0000000083503fe0) 
thrown [s\src\hotspot\share\interpreter\linkResolver.cpp, line 840]
Event: 0.789 Thread 0x0000025d72b89bb0 Exception <a 'java/lang/NoSuchMethodError'{0x0000000083f3fed8}: 'java.lang.Object java.lang.invoke.Invokers$Holder.invokeExact_MT(java.lang.Object, java.lang.Object, java.lang.Object, java.lang.Object, java.lang.Object, java.lang.Object)'> (0x0000000083f3fed8) 
thrown [s\src\hotspot\share\interpreter\linkResolver.cpp, line 773]
Event: 0.802 Thread 0x0000025d72b89bb0 Exception <a 'java/lang/NoSuchMethodError'{0x0000000083e760e8}: 'int java.lang.invoke.DirectMethodHandle$Holder.invokeVirtual(java.lang.Object, java.lang.Object, java.lang.Object)'> (0x0000000083e760e8) 
thrown [s\src\hotspot\share\interpreter\linkResolver.cpp, line 773]
Event: 0.825 Thread 0x0000025d72b89bb0 Exception <a 'java/lang/NoSuchMethodError'{0x0000000083b5b2b0}: 'void java.lang.invoke.DirectMethodHandle$Holder.invokeInterface(java.lang.Object, java.lang.Object, java.lang.Object)'> (0x0000000083b5b2b0) 
thrown [s\src\hotspot\share\interpreter\linkResolver.cpp, line 773]
Event: 0.850 Thread 0x0000025d72b89bb0 Exception <a 'java/lang/NoSuchMethodError'{0x0000000083a52018}: 'java.lang.Object java.lang.invoke.DirectMethodHandle$Holder.invokeVirtual(java.lang.Object, java.lang.Object, java.lang.Object)'> (0x0000000083a52018) 
thrown [s\src\hotspot\share\interpreter\linkResolver.cpp, line 773]
Event: 2.575 Thread 0x0000025d72b89bb0 Exception <a 'java/lang/NoSuchMethodError'{0x000000008ed9c350}: 'java.lang.Object java.lang.invoke.DirectMethodHandle$Holder.invokeStaticInit(java.lang.Object, java.lang.Object, java.lang.Object, java.lang.Object)'> (0x000000008ed9c350) 
thrown [s\src\hotspot\share\interpreter\linkResolver.cpp, line 773]
Event: 3.972 Thread 0x0000025d72b89bb0 Implicit null exception at 0x0000025d07f1bccd to 0x0000025d07f1dc20
Event: 3.974 Thread 0x0000025d72b89bb0 Implicit null exception at 0x0000025d07c07f11 to 0x0000025d07c083fc
Event: 5.211 Thread 0x0000025d72b89bb0 Exception <a 'java/lang/NoSuchMethodError'{0x0000000098eee690}: 'java.lang.Object java.lang.invoke.DirectMethodHandle$Holder.invokeSpecial(java.lang.Object, java.lang.Object, java.lang.Object, int, java.lang.Object)'> (0x0000000098eee690) 
thrown [s\src\hotspot\share\interpreter\linkResolver.cpp, line 773]

ZGC Phase Switch (0 events):
No events

VM Operations (20 events):
Event: 3.517 Executing VM operation: G1CollectForAllocation (G1 Evacuation Pause) done
Event: 3.880 Executing VM operation: G1CollectForAllocation (G1 Evacuation Pause)
Event: 3.884 Executing VM operation: G1CollectForAllocation (G1 Evacuation Pause) done
Event: 4.227 Executing VM operation: G1CollectForAllocation (G1 Evacuation Pause)
Event: 4.233 Executing VM operation: G1CollectForAllocation (G1 Evacuation Pause) done
Event: 4.504 Executing VM operation: G1CollectForAllocation (G1 Evacuation Pause)
Event: 4.529 Executing VM operation: G1CollectForAllocation (G1 Evacuation Pause) done
Event: 4.585 Executing VM operation: HandshakeAllThreads (Deoptimize)
Event: 4.585 Executing VM operation: HandshakeAllThreads (Deoptimize) done
Event: 4.645 Executing VM operation: G1TryInitiateConcMark (G1 Humongous Allocation)
Event: 4.661 Executing VM operation: G1TryInitiateConcMark (G1 Humongous Allocation) done
Event: 4.751 Executing VM operation: G1PauseRemark
Event: 4.757 Executing VM operation: G1PauseRemark done
Event: 4.862 Executing VM operation: G1PauseCleanup
Event: 4.862 Executing VM operation: G1PauseCleanup done
Event: 5.085 Executing VM operation: G1CollectForAllocation (G1 Evacuation Pause)
Event: 5.104 Executing VM operation: G1CollectForAllocation (G1 Evacuation Pause) done
Event: 5.204 Executing VM operation: HandshakeAllThreads (Deoptimize)
Event: 5.204 Executing VM operation: HandshakeAllThreads (Deoptimize) done
Event: 5.442 Executing VM operation: G1CollectForAllocation (G1 Evacuation Pause)

Memory protections (0 events):
No events

Nmethod flushes (20 events):
Event: 4.756 Thread 0x0000025d7c186490 flushing  nmethod 0x0000025d00347990
Event: 4.756 Thread 0x0000025d7c186490 flushing  nmethod 0x0000025d004a4190
Event: 4.756 Thread 0x0000025d7c186490 flushing  nmethod 0x0000025d004a6b90
Event: 4.756 Thread 0x0000025d7c186490 flushing  nmethod 0x0000025d004a9410
Event: 4.756 Thread 0x0000025d7c186490 flushing  nmethod 0x0000025d004aa610
Event: 4.756 Thread 0x0000025d7c186490 flushing  nmethod 0x0000025d004e2c90
Event: 4.756 Thread 0x0000025d7c186490 flushing  nmethod 0x0000025d004eb590
Event: 4.756 Thread 0x0000025d7c186490 flushing  nmethod 0x0000025d00546710
Event: 4.756 Thread 0x0000025d7c186490 flushing osr nmethod 0x0000025d00547b90
Event: 4.756 Thread 0x0000025d7c186490 flushing  nmethod 0x0000025d0054c590
Event: 4.756 Thread 0x0000025d7c186490 flushing  nmethod 0x0000025d00550190
Event: 4.756 Thread 0x0000025d7c186490 flushing  nmethod 0x0000025d00556710
Event: 4.756 Thread 0x0000025d7c186490 flushing osr nmethod 0x0000025d0061a910
Event: 4.756 Thread 0x0000025d7c186490 flushing  nmethod 0x0000025d0062c190
Event: 4.756 Thread 0x0000025d7c186490 flushing  nmethod 0x0000025d0062cb10
Event: 4.756 Thread 0x0000025d7c186490 flushing  nmethod 0x0000025d0062cf90
Event: 4.756 Thread 0x0000025d7c186490 flushing  nmethod 0x0000025d0062e290
Event: 4.756 Thread 0x0000025d7c186490 flushing  nmethod 0x0000025d0062e990
Event: 4.756 Thread 0x0000025d7c186490 flushing  nmethod 0x0000025d0062f990
Event: 4.756 Thread 0x0000025d7c186490 flushing  nmethod 0x0000025d0062fe10

Events (20 events):
Event: 0.307 Thread 0x0000025d7c232fa0 Thread added: 0x0000025d7cc973d0
Event: 0.387 Thread 0x0000025d7c2429b0 Thread added: 0x0000025d7cfc6d90
Event: 0.748 Thread 0x0000025d7cc973d0 Thread added: 0x0000025d7d941d70
Event: 0.753 Thread 0x0000025d7d941d70 Thread added: 0x0000025d7d680ea0
Event: 0.809 Thread 0x0000025d7c34afd0 Thread added: 0x0000025d7d6db5d0
Event: 0.817 Thread 0x0000025d7d941d70 Thread added: 0x0000025d7dc98370
Event: 0.817 Thread 0x0000025d7d941d70 Thread added: 0x0000025d7d6630a0
Event: 0.817 Thread 0x0000025d7d941d70 Thread added: 0x0000025d7d8d9910
Event: 4.250 Thread 0x0000025d7d8d9910 Thread exited: 0x0000025d7d8d9910
Event: 4.250 Thread 0x0000025d7d6630a0 Thread exited: 0x0000025d7d6630a0
Event: 4.569 Thread 0x0000025d7dc98370 Thread exited: 0x0000025d7dc98370
Event: 4.569 Thread 0x0000025d7d6db5d0 Thread exited: 0x0000025d7d6db5d0
Event: 4.570 Thread 0x0000025d7d680ea0 Thread exited: 0x0000025d7d680ea0
Event: 4.570 Thread 0x0000025d7d941d70 Thread exited: 0x0000025d7d941d70
Event: 5.106 Thread 0x0000025d7cc973d0 Thread exited: 0x0000025d7cc973d0
Event: 5.219 Thread 0x0000025d7c232fa0 Thread added: 0x0000025d7cc973d0
Event: 5.220 Thread 0x0000025d7c232fa0 Thread added: 0x0000025d7dc98370
Event: 5.220 Thread 0x0000025d7c232fa0 Thread added: 0x0000025d7d6db5d0
Event: 5.279 Thread 0x0000025d7cb140d0 Thread added: 0x0000025d7d6630a0
Event: 5.308 Thread 0x0000025d7c34afd0 Thread added: 0x0000025d7d680ea0


Dynamic libraries:
0x00007ff7673f0000 - 0x00007ff7673fe000 	c:\Users\Legion_5\.vscode\extensions\ltex-plus.vscode-ltex-plus-15.6.1\lib\ltex-ls-plus-18.6.1\jdk-21.0.8+9\bin\java.exe
0x00007ff8affc0000 - 0x00007ff8b0227000 	C:\WINDOWS\SYSTEM32\ntdll.dll
0x00007ff8af430000 - 0x00007ff8af4f9000 	C:\WINDOWS\System32\KERNEL32.DLL
0x00007ff8ad3f0000 - 0x00007ff8ad7e7000 	C:\WINDOWS\System32\KERNELBASE.dll
0x00007ff8ad8b0000 - 0x00007ff8ad9fb000 	C:\WINDOWS\System32\ucrtbase.dll
0x00007ff89e4f0000 - 0x00007ff89e508000 	c:\Users\Legion_5\.vscode\extensions\ltex-plus.vscode-ltex-plus-15.6.1\lib\ltex-ls-plus-18.6.1\jdk-21.0.8+9\bin\jli.dll
0x00007ff87d930000 - 0x00007ff87d94e000 	c:\Users\Legion_5\.vscode\extensions\ltex-plus.vscode-ltex-plus-15.6.1\lib\ltex-ls-plus-18.6.1\jdk-21.0.8+9\bin\VCRUNTIME140.dll
0x00007ff8aec90000 - 0x00007ff8aee56000 	C:\WINDOWS\System32\USER32.dll
0x00007ff8ad3c0000 - 0x00007ff8ad3e7000 	C:\WINDOWS\System32\win32u.dll
0x00007ff89b8a0000 - 0x00007ff89bb32000 	C:\WINDOWS\WinSxS\amd64_microsoft.windows.common-controls_6595b64144ccf1df_6.0.26100.8457_none_3e0b2faee331e92d\COMCTL32.dll
0x00007ff8af820000 - 0x00007ff8af84b000 	C:\WINDOWS\System32\GDI32.dll
0x00007ff8af380000 - 0x00007ff8af429000 	C:\WINDOWS\System32\msvcrt.dll
0x00007ff8ada90000 - 0x00007ff8adbbc000 	C:\WINDOWS\System32\gdi32full.dll
0x00007ff8acaa0000 - 0x00007ff8acb43000 	C:\WINDOWS\System32\msvcp_win.dll
0x00007ff8add40000 - 0x00007ff8add72000 	C:\WINDOWS\System32\IMM32.DLL
0x00007ff89e4e0000 - 0x00007ff89e4ec000 	c:\Users\Legion_5\.vscode\extensions\ltex-plus.vscode-ltex-plus-15.6.1\lib\ltex-ls-plus-18.6.1\jdk-21.0.8+9\bin\vcruntime140_1.dll
0x00007ff87d8a0000 - 0x00007ff87d92d000 	c:\Users\Legion_5\.vscode\extensions\ltex-plus.vscode-ltex-plus-15.6.1\lib\ltex-ls-plus-18.6.1\jdk-21.0.8+9\bin\msvcp140.dll
0x00007ff8129a0000 - 0x00007ff813737000 	c:\Users\Legion_5\.vscode\extensions\ltex-plus.vscode-ltex-plus-15.6.1\lib\ltex-ls-plus-18.6.1\jdk-21.0.8+9\bin\server\jvm.dll
0x00007ff8aea80000 - 0x00007ff8aeb36000 	C:\WINDOWS\System32\ADVAPI32.dll
0x00007ff8afbe0000 - 0x00007ff8afc87000 	C:\WINDOWS\System32\sechost.dll
0x00007ff8aeb60000 - 0x00007ff8aec78000 	C:\WINDOWS\System32\RPCRT4.dll
0x00007ff8ae010000 - 0x00007ff8ae090000 	C:\WINDOWS\System32\WS2_32.dll
0x00007ff8ac420000 - 0x00007ff8ac47e000 	C:\WINDOWS\SYSTEM32\POWRPROF.dll
0x00007ff8a4430000 - 0x00007ff8a443b000 	C:\WINDOWS\SYSTEM32\VERSION.dll
0x00007ff8a97f0000 - 0x00007ff8a9826000 	C:\WINDOWS\SYSTEM32\WINMM.dll
0x00007ff8ac3c0000 - 0x00007ff8ac3d4000 	C:\WINDOWS\SYSTEM32\UMPDC.dll
0x00007ff8ab740000 - 0x00007ff8ab75b000 	C:\WINDOWS\SYSTEM32\kernel.appcore.dll
0x00007ff899650000 - 0x00007ff89965a000 	c:\Users\Legion_5\.vscode\extensions\ltex-plus.vscode-ltex-plus-15.6.1\lib\ltex-ls-plus-18.6.1\jdk-21.0.8+9\bin\jimage.dll
0x00007ff8aa890000 - 0x00007ff8aaad2000 	C:\WINDOWS\SYSTEM32\DBGHELP.DLL
0x00007ff8af850000 - 0x00007ff8afbd3000 	C:\WINDOWS\System32\combase.dll
0x00007ff8af740000 - 0x00007ff8af819000 	C:\WINDOWS\System32\OLEAUT32.dll
0x00007ff89d790000 - 0x00007ff89d7cb000 	C:\WINDOWS\SYSTEM32\dbgcore.DLL
0x00007ff8ac9f0000 - 0x00007ff8aca98000 	C:\WINDOWS\System32\bcryptPrimitives.dll
0x00007ff83b540000 - 0x00007ff83b55f000 	c:\Users\Legion_5\.vscode\extensions\ltex-plus.vscode-ltex-plus-15.6.1\lib\ltex-ls-plus-18.6.1\jdk-21.0.8+9\bin\java.dll
0x00007ff83b370000 - 0x00007ff83b388000 	c:\Users\Legion_5\.vscode\extensions\ltex-plus.vscode-ltex-plus-15.6.1\lib\ltex-ls-plus-18.6.1\jdk-21.0.8+9\bin\zip.dll
0x00007ff8ae120000 - 0x00007ff8ae88e000 	C:\WINDOWS\System32\SHELL32.dll
0x00007ff8acb50000 - 0x00007ff8ad3bc000 	C:\WINDOWS\System32\windows.storage.dll
0x00007ff8add80000 - 0x00007ff8ade76000 	C:\WINDOWS\System32\SHCORE.dll
0x00007ff8adea0000 - 0x00007ff8adf06000 	C:\WINDOWS\System32\shlwapi.dll
0x00007ff8ac910000 - 0x00007ff8ac939000 	C:\WINDOWS\SYSTEM32\profapi.dll
0x00007ff8128c0000 - 0x00007ff812997000 	c:\Users\Legion_5\.vscode\extensions\ltex-plus.vscode-ltex-plus-15.6.1\lib\ltex-ls-plus-18.6.1\jdk-21.0.8+9\bin\jsvml.dll
0x00007ff896f20000 - 0x00007ff896f30000 	C:\Users\Legion_5\.vscode\extensions\ltex-plus.vscode-ltex-plus-15.6.1\lib\ltex-ls-plus-18.6.1\jdk-21.0.8+9\bin\net.dll
0x00007ff8a5410000 - 0x00007ff8a5539000 	C:\WINDOWS\SYSTEM32\WINHTTP.dll
0x00007ff8abc90000 - 0x00007ff8abcfc000 	C:\WINDOWS\system32\mswsock.dll
0x00007ff83a870000 - 0x00007ff83a886000 	C:\Users\Legion_5\.vscode\extensions\ltex-plus.vscode-ltex-plus-15.6.1\lib\ltex-ls-plus-18.6.1\jdk-21.0.8+9\bin\nio.dll
0x00007ff87bf40000 - 0x00007ff87bf64000 	C:\Users\Legion_5\AppData\Local\Temp\jansi-2.4.2-63bf0d1ad93575c9-jansi.dll
0x00007ff894a90000 - 0x00007ff894aa0000 	c:\Users\Legion_5\.vscode\extensions\ltex-plus.vscode-ltex-plus-15.6.1\lib\ltex-ls-plus-18.6.1\jdk-21.0.8+9\bin\verify.dll

JVMTI agents: none

dbghelp: loaded successfully - version: 4.0.5 - missing functions: none
symbol engine: initialized successfully - sym options: 0x614 - pdb path: .;c:\Users\Legion_5\.vscode\extensions\ltex-plus.vscode-ltex-plus-15.6.1\lib\ltex-ls-plus-18.6.1\jdk-21.0.8+9\bin;C:\WINDOWS\SYSTEM32;C:\WINDOWS\WinSxS\amd64_microsoft.windows.common-controls_6595b64144ccf1df_6.0.26100.8457_none_3e0b2faee331e92d;c:\Users\Legion_5\.vscode\extensions\ltex-plus.vscode-ltex-plus-15.6.1\lib\ltex-ls-plus-18.6.1\jdk-21.0.8+9\bin\server;C:\Users\Legion_5\AppData\Local\Temp

VM Arguments:
jvm_args: -Xms64m -Xmx2048m -Dapp.name=ltex-ls-plus -Dapp.repo=c:\Users\Legion_5\.vscode\extensions\ltex-plus.vscode-ltex-plus-15.6.1\lib\ltex-ls-plus-18.6.1\lib -Dapp.home=c:\Users\Legion_5\.vscode\extensions\ltex-plus.vscode-ltex-plus-15.6.1\lib\ltex-ls-plus-18.6.1 -Dbasedir=c:\Users\Legion_5\.vscode\extensions\ltex-plus.vscode-ltex-plus-15.6.1\lib\ltex-ls-plus-18.6.1 
java_command: org.bsplines.ltexls.LtexLanguageServerLauncher
java_class_path (initial): c:\Users\Legion_5\.vscode\extensions\ltex-plus.vscode-ltex-plus-15.6.1\lib\ltex-ls-plus-18.6.1\etc;c:\Users\Legion_5\.vscode\extensions\ltex-plus.vscode-ltex-plus-15.6.1\lib\ltex-ls-plus-18.6.1\lib\aho-corasick-double-array-trie-1.2.2.jar;c:\Users\Legion_5\.vscode\extensions\ltex-plus.vscode-ltex-plus-15.6.1\lib\ltex-ls-plus-18.6.1\lib\angus-activation-2.0.2.jar;c:\Users\Legion_5\.vscode\extensions\ltex-plus.vscode-ltex-plus-15.6.1\lib\ltex-ls-plus-18.6.1\lib\animal-sniffer-annotations-1.24.jar;c:\Users\Legion_5\.vscode\extensions\ltex-plus.vscode-ltex-plus-15.6.1\lib\ltex-ls-plus-18.6.1\lib\annotations-12.0.jar;c:\Users\Legion_5\.vscode\extensions\ltex-plus.vscode-ltex-plus-15.6.1\lib\ltex-ls-plus-18.6.1\lib\annotations-13.0.jar;c:\Users\Legion_5\.vscode\extensions\ltex-plus.vscode-ltex-plus-15.6.1\lib\ltex-ls-plus-18.6.1\lib\annotations-4.1.1.4.jar;c:\Users\Legion_5\.vscode\extensions\ltex-plus.vscode-ltex-plus-15.6.1\lib\ltex-ls-plus-18.6.1\lib\asturian-pos-dict-0.1.jar;c:\Users\Legion_5\.vscode\extensions\ltex-plus.vscode-ltex-plus-15.6.1\lib\ltex-ls-plus-18.6.1\lib\catalan-pos-dict-2.27.jar;c:\Users\Legion_5\.vscode\extensions\ltex-plus.vscode-ltex-plus-15.6.1\lib\ltex-ls-plus-18.6.1\lib\checker-qual-3.43.0.jar;c:\Users\Legion_5\.vscode\extensions\ltex-plus.vscode-ltex-plus-15.6.1\lib\ltex-ls-plus-18.6.1\lib\commons-digester-2.1.jar;c:\Users\Legion_5\.vscode\extensions\ltex-plus.vscode-ltex-plus-15.6.1\lib\ltex-ls-plus-18.6.1\lib\commons-lang3-3.18.0.jar;c:\Users\Legion_5\.vscode\extensions\ltex-plus.vscode-ltex-plus-15.6.1\lib\ltex-ls-plus-18.6.1\lib\commons-logging-1.3.4.jar;c:\Users\Legion_5\.vscode\extensions\ltex-plus.vscode-ltex-plus-15.6.1\lib\ltex-ls-plus-18.6.1\lib\commons-pool2-2.12.0.jar;c:\Users\Legion_5\.vscode\extensions\ltex-plus.vscode-ltex-plus-15.6.1\lib\ltex-ls-plus-18.6.1\lib\commons-text-1.12.0.jar;c:\Users\Legion_5\.vscode\extensions\ltex-plus.vscode-ltex-plus-15.6.1\lib\ltex-ls-plus-18.6.1\lib\commons-validator-1.9.0.jar;c:\Users\Legion_5\.vscode\extensions\ltex-plus.vscode-ltex-plus-15.6.1\lib\ltex-ls-plus-18.6.1\lib\dutch-pos-dict-0.1.jar;c:\Users\Legion_5\.vscode\extensions\ltex-plus.vscode-ltex-plus-15.6.1\lib\ltex-ls-plus-18.6.1\lib\english-pos-dict-0.6.jar;c:\Users\Legion_5\.vscode\extensions\ltex-plus.vscode-ltex-plus-15.6.1\lib\ltex-ls-plus-18.6.1\lib\error_prone_annotations-2.38.0.jar;c:\Users\Legion_5\.vscode\extensions\ltex-plus.vscode-ltex-plus-15.6.1\lib\ltex-ls-plus-18.6.1\lib\error_prone_annotations-2.41.0.jar;c:\Users\Legion_5\.vscode\extensions\ltex-plus.vscode-ltex-plus-15.6.1\lib\ltex-ls-plus-18.6.1\lib\failureaccess-1.0.2.jar;c:\Users\Legion_5\.vscode\extensions\ltex-plus.vscode-ltex-plus-15.6.1\lib\ltex-ls-plus-18.6.1\lib\fastutil-core-8.5.14.jar;c:\Users\Legion_5\.vscode\extensions\ltex-plus.vscode-ltex-plus-15.6.1\lib\ltex-ls-plus-18.6.1\lib\flexmark-0.64.8.jar;c:\Users\Legion_5\.vscode\extensions\ltex-plus.vscode-ltex-plus-15.6.1\lib\ltex-ls-plus-18.6.1\lib\flexmark-ext-definition-0.64.8.jar;c:\Users\Legion_5\.vscode\extensions\ltex-plus.vscode-ltex-plus-15.6.1\lib\ltex-ls-plus-18.6.1\lib\flexmark-ext-gfm-strikethrough-0.64.8.jar;c:\Users\Legion_5\.vscode\extensions\ltex-plus.vscode-ltex-plus-15.6.1\lib\ltex-ls-plus-18.6.1\lib\flexmark-ext-gitlab-0.64.8.jar;c:\Users\Legion_5\.vscode\extensions\ltex-plus.vscode-ltex-plus-15.6.1\lib\ltex-ls-plus-18.6.1\lib\flexmark-ext-tables-0.64.8.jar;c:\Users\Legion_5\.vscode\extensions\ltex-plus.vscode-ltex-plus-15.6.1\lib\ltex-ls-plus-18.6.1\lib\flexmark-ext-yaml-front-matter-0.64.8.jar;c:\Users\Legion_5\.vscode\extensions\ltex-plus.vscode-ltex-plus-15.6.1\lib\ltex-ls-plus-18.6.1\lib\flexmark-test-util-0.64.8.jar;c:\Users\Legion_5\.vscode\extensions\ltex-plus.vscode-ltex-plus-15.6.1\lib\ltex-ls-plus-18.6.1\lib\flexmark-util-0.64.8.jar;c:\Users\Legion_5\.vscode\extensions\ltex-plus.vscode-ltex-plus-15.6.1\lib\ltex-ls-plus-18.6.1\lib\flexmark-util-ast-0.64.8.jar;c:\Users\Legion_5\.vscode\extensions\ltex-plus.vscode-ltex-plus-15.6.1\lib\ltex-ls-plus-18.6.1\lib\flexmark-util-builder-0.64.8.jar;c:\Users\Legion_5\.vscode\extensions\ltex-plus.vscode-ltex-plus-15.6.1\lib\ltex-ls-plus-18.6.1\lib\flexmark-util-collection-0.64.8.jar;c:\Users\Legion_5\.vscode\extensions\ltex-plus.vscode-ltex-plus-15.6.1\lib\ltex-ls-plus-18.6.1\lib\flexmark-util-data-0.64.8.jar;c:\Users\Legion_5\.vscode\extensions\ltex-plus.vscode-ltex-plus-15.6.1\lib\ltex-ls-plus-18.6.1\lib\flexmark-util-dependency-0.64.8.jar;c:\Users\Legion_5\.vscode\extensions\ltex-plus.vscode-ltex-plus-15.6.1\lib\ltex-ls-plus-18.6.1\lib\flexmark-util-format-0.64.8.jar;c:\Users\Legion_5\.vscode\extensions\ltex-plus.vscode-ltex-plus-15.6.1\lib\ltex-ls-plus-18.6.1\lib\flexmark-util-html-0.64.8.jar;c:\Users\Legion_5\.vscode\extensions\ltex-plus.vscode-ltex-plus-15.6.1\lib\ltex-ls-plus-18.6.1\lib\flexmark-util-misc-0.64.8.jar;c:\Users\Legion_5\.vscode\extensions\ltex-plus.vscode-ltex-plus-15.6.1\lib\ltex-ls-plus-18.6.1\lib\flexmark-util-options-0.64.8.jar;c:\Users\Legion_5\.vscode\extensions\ltex-plus.vscode-ltex-plus-15.6.1\lib\ltex-ls-plus-18.6.1\lib\flexmark-util-sequence-0.64.8.jar;c:\Users\Legion_5\.vscode\extensions\ltex-plus.vscode-ltex-plus-15.6.1\lib\ltex-ls-plus-18.6.1\lib\flexmark-util-visitor-0.64.8.jar;c:\Users\Legion_5\.vscode\extensions\ltex-plus.vscode-ltex-plus-15.6.1\lib\ltex-ls-plus-18.6.1\lib\french-pos-dict-0.7.jar;c:\Users\Legion_5\.vscode\extensions\ltex-plus.vscode-ltex-plus-15.6.1\lib\ltex-ls-plus-18.6.1\lib\german-pos-dict-1.2.4.jar;c:\Users\Legion_5\.vscode\extensions\ltex-plus.vscode-ltex-plus-15.6.1\lib\ltex-ls-plus-18.6.1\lib\grpc-api-1.75.0.jar;c:\Users\Legion_5\.vscode\extensions\ltex-plus.vscode-ltex-plus-15.6.1\lib\ltex-ls-plus-18.6.1\lib\grpc-context-1.75.0.jar;c:\Users\Legion_5\.vscode\extensions\ltex-plus.vscode-ltex-plus-15.6.1\lib\ltex-ls-plus-18.6.1\lib\grpc-core-1.75.0.jar;c:\Users\Legion_5\.vscode\extensions\ltex-plus.vscode-ltex-plus-15.6.1\lib\ltex-ls-plus-18.6.1\lib\grpc-netty-shaded-1.75.0.jar;c:\Users\Legion_5\.vscode\extensions\ltex-plus.vscode-ltex-plus-15.6.1\lib\ltex-ls-plus-18.6.1\lib\grpc-protobuf-1.75.0.jar;c:\Users\Legion_5\.vscode\extensions\ltex-plus.vscode-ltex-plus-15.6.1\lib\ltex-ls-plus-18.6.1\lib\grpc-protobuf-lite-1.75.0.jar;c:\Users\Legion_5\.vscode\extensions\ltex-plus.vscode-ltex-plus-15.6.1\lib\ltex-ls-plus-18.6.1\lib\grpc-stub-1.75.0.jar;c:\Users\Legion_5\.vscode\extensions\ltex-plus.vscode-ltex-plus-15.6.1\lib\ltex-ls-plus-18.6.1\lib\grpc-util-1.75.0.jar;c:\Users\Legion_5\.vscode\extensions\ltex-plus.vscode-ltex-plus-15.6.1\lib\ltex-ls-plus-18.6.1\lib\gson-2.13.1.jar;c:\Users\Legion_5\.vscode\extensions\ltex-plus.vscode-ltex-plus-15.6.1\lib\ltex-ls-plus-18.6.1\lib\gson-2.13.2.jar;c:\Users\Legion_5\.vscode\extensions\ltex-plus.vscode-ltex-plus-15.6.1\lib\ltex-ls-plus-18.6.1\lib\guava-33.3.1-jre.jar;c:\Users\Legion_5\.vscode\extensions\ltex-plus.vscode-ltex-plus-15.6.1\lib\ltex-ls-plus-18.6.1\lib\hamcrest-core-1.3.jar;c:\Users\Legion_5\.vscode\extensions\ltex-plus.vscode-ltex-plus-15.6.1\lib\ltex-ls-plus-18.6.1\lib\hanlp-portable-1.8.2.jar;c:\Users\Legion_5\.vscode\extensions\ltex-plus.vscode-ltex-plus-15.6.1\lib\ltex-ls-plus-18.6.1\lib\HdrHistogram-2.1.12.jar;c:\Users\Legion_5\.vscode\extensions\ltex-plus.vscode-ltex-plus-15.6.1\lib\ltex-ls-plus-18.6.1\lib\hppc-0.8.2.jar;c:\Users\Legion_5\.vscode\extensions\ltex-plus.vscode-ltex-plus-15.6.1\lib\ltex-ls-plus-18.6.1\lib\hunspell-2.1.2.jar;c:\Users\Legion_5\.vscode\extensions\ltex-plus.vscode-ltex-plus-15.6.1\lib\ltex-ls-plus-18.6.1\lib\icu4j-77.1.jar;c:\Users\Legion_5\.vscode\extensions\ltex-plus.vscode-ltex-plus-15.6.1\lib\ltex-ls-plus-18.6.1\lib\indriya-1.3.jar;c:\Users\Legion_5\.vscode\extensions\ltex-plus.vscode-ltex-plus-15.6.1\lib\ltex-ls-plus-18.6.1\lib\istack-commons-runtime-4.1.2.jar;c:\Users\Legion_5\.vscode\extensions\ltex-plus.vscode-ltex-plus-15.6.1\lib\ltex-ls-plus-18.6.1\lib\j2objc-annotations-3.0.0.jar;c:\Users\Legion_5\.vscode\extensions\ltex-plus.vscode-ltex-plus-15.6.1\lib\ltex-ls-plus-18.6.1\lib\jackson-annotations-2.18.0.jar;c:\Users\Legion_5\.vscode\extensions\ltex-plus.vscode-ltex-plus-15.6.1\lib\ltex-ls-plus-18.6.1\lib\jackson-core-2.18.0.jar;c:\Users\Legion_5\.vscode\extensions\ltex-plus.vscode-ltex-plus-15.6.1\lib\ltex-ls-plus-18.6.1\lib\jackson-databind-2.18.0.jar;c:\Users\Legion_5\.vscode\extensions\ltex-plus.vscode-ltex-plus-15.6.1\lib\ltex-ls-plus-18.6.1\lib\jakarta.activation-1.2.2.jar;c:\Users\Legion_5\.vscode\extensions\ltex-plus.vscode-ltex-plus-15.6.1\lib\ltex-ls-plus-18.6.1\lib\jakarta.activation-api-2.1.3.jar;c:\Users\Legion_5\.vscode\extensions\ltex-plus.vscode-ltex-plus-15.6.1\lib\ltex-ls-plus-18.6.1\lib\jakarta.xml.bind-api-2.3.3.jar;c:\Users\Legion_5\.vscode\extensions\ltex-plus.vscode-ltex-plus-15.6.1\lib\ltex-ls-plus-18.6.1\lib\jansi-2.4.2.jar;c:\Users\Legion_5\.vscode\extensions\ltex-plus.vscode-ltex-plus-15.6.1\lib\ltex-ls-plus-18.6.1\lib\java-diff-utils-4.12.jar;c:\Users\Legion_5\.vscode\extensions\ltex-plus.vscode-ltex-plus-15.6.1\lib\ltex-ls-plus-18.6.1\lib\javax.activation-api-1.2.0.jar;c:\Users\Legion_5\.vscode\extensions\ltex-plus.vscode-ltex-plus-15.6.1\lib\ltex-ls-plus-18.6.1\lib\javax.annotation-api-1.3.2.jar;c:\Users\Legion_5\.vscode\extensions\ltex-plus.vscode-ltex-plus-15.6.1\lib\ltex-ls-plus-18.6.1\lib\jaxb-api-2.3.1.jar;c:\Users\Legion_5\.vscode\extensions\ltex-plus.vscode-ltex-plus-15.6.1\lib\ltex-ls-plus-18.6.1\lib\jaxb-core-2.3.0.1.jar;c:\Users\Legion_5\.vscode\extensions\ltex-plus.vscode-ltex-plus-15.6.1\lib\ltex-ls-plus-18.6.1\lib\jaxb-core-4.0.5.jar;c:\Users\Legion_5\.vscode\extensions\ltex-plus.vscode-ltex-plus-15.6.1\lib\ltex-ls-plus-18.6.1\lib\jaxb-impl-2.3.3.jar;c:\Users\Legion_5\.vscode\extensions\ltex-plus.vscode-ltex-plus-15.6.1\lib\ltex-ls-plus-18.6.1\lib\jaxb-runtime-4.0.5.jar;c:\Users\Legion_5\.vscode\extensions\ltex-plus.vscode-ltex-plus-15.6.1\lib\ltex-ls-plus-18.6.1\lib\jna-5.12.1.jar;c:\Users\Legion_5\.vscode\extensions\ltex-plus.vscode-ltex-plus-15.6.1\lib\ltex-ls-plus-18.6.1\lib\jna-platform-5.12.1.jar;c:\Users\Legion_5\.vscode\extensions\ltex-plus.vscode-ltex-plus-15.6.1\lib\ltex-ls-plus-18.6.1\lib\json-20240303.jar;c:\Users\Legion_5\.vscode\extensions\ltex-plus.vscode-ltex-plus-15.6.1\lib\ltex-ls-plus-18.6.1\lib\jsonic-1.2.11.jar;c:\Users\Legion_5\.vscode\extensions\ltex-plus.vscode-ltex-plus-15.6.1\lib\ltex-ls-plus-18.6.1\lib\jsr305-3.0.2.jar;c:\Users\Legion_5\.vscode\extensions\ltex-plus.vscode-ltex-plus-15.6.1\lib\ltex-ls-plus-18.6.1\lib\junit-4.13.2.jar;c:\Users\Legion_5\.vscode\extensions\ltex-plus.vscode-ltex-plus-15.6.1\lib\ltex-ls-plus-18.6.1\lib\jwordsplitter-4.7.jar;c:\Users\Legion_5\.vscode\extensions\ltex-plus.vscode-ltex-plus-15.6.1\lib\ltex-ls-plus-18.6.1\lib\kotlin-stdlib-2.2.10.jar;c:\Users\Legion_5\.vscode\extensions\ltex-plus.vscode-ltex-plus-15.6.1\lib\ltex-ls-plus-18.6.1\lib\kotlin-stdlib-2.2.20.jar;c:\Users\Legion_5\.vscode\extensions\ltex-plus.vscode-ltex-plus-15.6.1\lib\ltex-ls-plus-18.6.1\lib\language-all-6.7.jar;c:\Users\Legion_5\.vscode\extensions\ltex-plus.vscode-ltex-plus-15.6.1\lib\ltex-ls-plus-18.6.1\lib\language-ar-6.7.jar;c:\Users\Legion_5\.vscode\extensions\ltex-plus.vscode-ltex-plus-15.6.1\lib\ltex-ls-plus-18.6.1\lib\language-ast-6.7.jar;c:\Users\Legion_5\.vscode\extensions\ltex-plus.vscode-ltex-plus-15.6.1\lib\ltex-ls-plus-18.6.1\lib\language-be-6.7.jar;c:\Users\Legion_5\.vscode\extensions\ltex-plus.vscode-ltex-plus-15.6.1\lib\ltex-ls-plus-18.6.1\lib\language-br-6.7.jar;c:\Users\Legion_5\.vscode\extensions\ltex-plus.vscode-ltex-plus-15.6.1\lib\ltex-ls-plus-18.6.1\lib\language-ca-6.7.jar;c:\Users\Legion_5\.vscode\extensions\ltex-plus.vscode-ltex-plus-15.6.1\lib\ltex-ls-plus-18.6.1\lib\language-crh-6.7.jar;c:\Users\Legion_5\.vscode\extensions\ltex-plus.vscode-ltex-plus-15.6.1\lib\ltex-ls-plus-18.6.1\lib\language-da-6.7.jar;c:\Users\Legion_5\.vscode\extensions\ltex-plus.vscode-ltex-plus-15.6.1\lib\ltex-ls-plus-18.6.1\lib\language-de-6.7.jar;c:\Users\Legion_5\.vscode\extensions\ltex-plus.vscode-ltex-plus-15.6.1\lib\ltex-ls-plus-18.6.1\lib\language-de-DE-x-simple-language-6.7.jar;c:\Users\Legion_5\.vscode\extensions\ltex-plus.vscode-ltex-plus-15.6.1\lib\ltex-ls-plus-18.6.1\lib\language-detector-0.6.jar;c:\Users\Legion_5\.vscode\extensions\ltex-plus.vscode-ltex-plus-15.6.1\lib\ltex-ls-plus-18.6.1\lib\language-el-6.7.jar;c:\Users\Legion_5\.vscode\extensions\ltex-plus.vscode-ltex-plus-15.6.1\lib\ltex-ls-plus-18.6.1\lib\language-en-6.7.jar;c:\Users\Legion_5\.vscode\extensions\ltex-plus.vscode-ltex-plus-15.6.1\lib\ltex-ls-plus-18.6.1\lib\language-eo-6.7.jar;c:\Users\Legion_5\.vscode\extensions\ltex-plus.vscode-ltex-plus-15.6.1\lib\ltex-ls-plus-18.6.1\lib\language-es-6.7.jar;c:\Users\Legion_5\.vscode\extensions\ltex-plus.vscode-ltex-plus-15.6.1\lib\ltex-ls-plus-18.6.1\lib\language-fa-6.7.jar;c:\Users\Legion_5\.vscode\extensions\ltex-plus.vscode-ltex-plus-15.6.1\lib\ltex-ls-plus-18.6.1\lib\language-fr-6.7.jar;c:\Users\Legion_5\.vscode\extensions\ltex-plus.vscode-ltex-plus-15.6.1\lib\ltex-ls-plus-18.6.1\lib\language-ga-6.7.jar;c:\Users\Legion_5\.vscode\extensions\ltex-plus.vscode-ltex-plus-15.6.1\lib\ltex-ls-plus-18.6.1\lib\language-gl-6.7.jar;c:\Users\Legion_5\.vscode\extensions\ltex-plus.vscode-ltex-plus-15.6.1\lib\ltex-ls-plus-18.6.1\lib\language-it-6.7.jar;c:\Users\Legion_5\.vscode\extensions\ltex-plus.vscode-ltex-plus-15.6.1\lib\ltex-ls-plus-18.6.1\lib\language-ja-6.7.jar;c:\Users\Legion_5\.vscode\extensions\ltex-plus.vscode-ltex-plus-15.6.1\lib\ltex-ls-plus-18.6.1\lib\language-km-6.7.jar;c:\Users\Legion_5\.vscode\extensions\ltex-plus.vscode-ltex-plus-15.6.1\lib\ltex-ls-plus-18.6.1\lib\language-nl-6.7.jar;c:\Users\Legion_5\.vscode\extensions\ltex-plus.vscode-ltex-plus-15.6.1\lib\ltex-ls-plus-18.6.1\lib\language-pl-6.7.jar;c:\Users\Legion_5\.vscode\extensions\ltex-plus.vscode-ltex-plus-15.6.1\lib\ltex-ls-plus-18.6.1\lib\language-pt-6.7.jar;c:\Users\Legion_5\.vscode\extensions\ltex-plus.vscode-ltex-plus-15.6.1\lib\ltex-ls-plus-18.6.1\lib\language-ro-6.7.jar;c:\Users\Legion_5\.vscode\extensions\ltex-plus.vscode-ltex-plus-15.6.1\lib\ltex-ls-plus-18.6.1\lib\language-ru-6.7.jar;c:\Users\Legion_5\.vscode\extensions\ltex-plus.vscode-ltex-plus-15.6.1\lib\ltex-ls-plus-18.6.1\lib\language-sk-6.7.jar;c:\Users\Legion_5\.vscode\extensions\ltex-plus.vscode-ltex-plus-15.6.1\lib\ltex-ls-plus-18.6.1\lib\language-sl-6.7.jar;c:\Users\Legion_5\.vscode\extensions\ltex-plus.vscode-ltex-plus-15.6.1\lib\ltex-ls-plus-18.6.1\lib\language-sv-6.7.jar;c:\Users\Legion_5\.vscode\extensions\ltex-plus.vscode-ltex-plus-15.6.1\lib\ltex-ls-plus-18.6.1\lib\language-ta-6.7.jar;c:\Users\Legion_5\.vscode\extensions\ltex-plus.vscode-ltex-plus-15.6.1\lib\ltex-ls-plus-18.6.1\lib\language-tl-6.7.jar;c:\Users\Legion_5\.vscode\extensions\ltex-plus.vscode-ltex-plus-15.6.1\lib\ltex-ls-plus-18.6.1\lib\language-uk-6.7.jar;c:\Users\Legion_5\.vscode\extensions\ltex-plus.vscode-ltex-plus-15.6.1\lib\ltex-ls-plus-18.6.1\lib\language-zh-6.7.jar;c:\Users\Legion_5\.vscode\extensions\ltex-plus.vscode-ltex-plus-15.6.1\lib\ltex-ls-plus-18.6.1\lib\languagetool-core-6.7.jar;c:\Users\Legion_5\.vscode\extensions\ltex-plus.vscode-ltex-plus-15.6.1\lib\ltex-ls-plus-18.6.1\lib\languagetool-ga-dicts-0.02.jar;c:\Users\Legion_5\.vscode\extensions\ltex-plus.vscode-ltex-plus-15.6.1\lib\ltex-ls-plus-18.6.1\lib\LatencyUtils-2.0.3.jar;c:\Users\Legion_5\.vscode\extensions\ltex-plus.vscode-ltex-plus-15.6.1\lib\ltex-ls-plus-18.6.1\lib\linguistics.grammardb.spell.languagetool-1.0.2.jar;c:\Users\Legion_5\.vscode\extensions\ltex-plus.vscode-ltex-plus-15.6.1\lib\ltex-ls-plus-18.6.1\lib\listenablefuture-9999.0-empty-to-avoid-conflict-with-guava.jar;c:\Users\Legion_5\.vscode\extensions\ltex-plus.vscode-ltex-plus-15.6.1\lib\ltex-ls-plus-18.6.1\lib\lspcli-2.2.1.jar;c:\Users\Legion_5\.vscode\extensions\ltex-plus.vscode-ltex-plus-15.6.1\lib\ltex-ls-plus-18.6.1\lib\ltexls-plus-18.6.1.jar;c:\Users\Legion_5\.vscode\extensions\ltex-plus.vscode-ltex-plus-15.6.1\lib\ltex-ls-plus-18.6.1\lib\lucene-backward-codecs-5.5.5.jar;c:\Users\Legion_5\.vscode\extensions\ltex-plus.vscode-ltex-plus-15.6.1\lib\ltex-ls-plus-18.6.1\lib\lucene-core-5.5.5.jar;c:\Users\Legion_5\.vscode\extensions\ltex-plus.vscode-ltex-plus-15.6.1\lib\ltex-ls-plus-18.6.1\lib\lucene-gosen-6.2.1-ipadic.jar;c:\Users\Legion_5\.vscode\extensions\ltex-plus.vscode-ltex-plus-15.6.1\lib\ltex-ls-plus-18.6.1\lib\micrometer-core-1.7.12.jar;c:\Users\Legion_5\.vscode\extensions\ltex-plus.vscode-ltex-plus-15.6.1\lib\ltex-ls-plus-18.6.1\lib\micrometer-registry-prometheus-1.7.12.jar;c:\Users\Legion_5\.vscode\extensions\ltex-plus.vscode-ltex-plus-15.6.1\lib\ltex-ls-plus-18.6.1\lib\morfologik-crh-lt-1.0.1.jar;c:\Users\Legion_5\.vscode\extensions\ltex-plus.vscode-ltex-plus-15.6.1\lib\ltex-ls-plus-18.6.1\lib\morfologik-fsa-2.1.9.jar;c:\Users\Legion_5\.vscode\extensions\ltex-plus.vscode-ltex-plus-15.6.1\lib\ltex-ls-plus-18.6.1\lib\morfologik-fsa-builders-2.1.9.jar;c:\Users\Legion_5\.vscode\extensions\ltex-plus.vscode-ltex-plus-15.6.1\lib\ltex-ls-plus-18.6.1\lib\morfologik-speller-2.1.9.jar;c:\Users\Legion_5\.vscode\extensions\ltex-plus.vscode-ltex-plus-15.6.1\lib\ltex-ls-plus-18.6.1\lib\morfologik-stemming-2.1.9.jar;c:\Users\Legion_5\.vscode\extensions\ltex-plus.vscode-ltex-plus-15.6.1\lib\ltex-ls-plus-18.6.1\lib\morfologik-ukrainian-lt-6.7.1.jar;c:\Users\Legion_5\.vscode\extensions\ltex-plus.vscode-ltex-plus-15.6.1\lib\ltex-ls-plus-18.6.1\lib\morphology-el-1.0.0.jar;c:\Users\Legion_5\.vscode\extensions\ltex-plus.vscode-ltex-plus-15.6.1\lib\ltex-ls-plus-18.6.1\lib\opennlp-chunk-models-1.5.jar;c:\Users\Legion_5\.vscode\extensions\ltex-plus.vscode-ltex-plus-15.6.1\lib\ltex-ls-plus-18.6.1\lib\opennlp-postag-models-1.5.jar;c:\Users\Legion_5\.vscode\extensions\ltex-plus.vscode-ltex-plus-15.6.1\lib\ltex-ls-plus-18.6.1\lib\opennlp-tokenize-models-1.5.jar;c:\Users\Legion_5\.vscode\extensions\ltex-plus.vscode-ltex-plus-15.6.1\lib\ltex-ls-plus-18.6.1\lib\opennlp-tools-1.9.4.jar;c:\Users\Legion_5\.vscode\extensions\ltex-plus.vscode-ltex-plus-15.6.1\lib\ltex-ls-plus-18.6.1\lib\openregex-1.1.1.jar;c:\Users\Legion_5\.vscode\extensions\ltex-plus.vscode-ltex-plus-15.6.1\lib\ltex-ls-plus-18.6.1\lib\opentelemetry-api-1.42.1.jar;c:\Users\Legion_5\.vscode\extensions\ltex-plus.vscode-ltex-plus-15.6.1\lib\ltex-ls-plus-18.6.1\lib\opentelemetry-context-1.42.1.jar;c:\Users\Legion_5\.vscode\extensions\ltex-plus.vscode-ltex-plus-15.6.1\lib\ltex-ls-plus-18.6.1\lib\opentelemetry-semconv-1.30.1-alpha.jar;c:\Users\Legion_5\.vscode\extensions\ltex-plus.vscode-ltex-plus-15.6.1\lib\ltex-ls-plus-18.6.1\lib\org.eclipse.lsp4j-0.24.0.jar;c:\Users\Legion_5\.vscode\extensions\ltex-plus.vscode-ltex-plus-15.6.1\lib\ltex-ls-plus-18.6.1\lib\org.eclipse.lsp4j.jsonrpc-0.24.0.jar;c:\Users\Legion_5\.vscode\extensions\ltex-plus.vscode-ltex-plus-15.6.1\lib\ltex-ls-plus-18.6.1\lib\perfmark-api-0.27.0.jar;c:\Users\Legion_5\.vscode\extensions\ltex-plus.vscode-ltex-plus-15.6.1\lib\ltex-ls-plus-18.6.1\lib\picocli-4.7.7.jar;c:\Users\Legion_5\.vscode\extensions\ltex-plus.vscode-ltex-plus-15.6.1\lib\ltex-ls-plus-18.6.1\lib\portuguese-pos-dict-1.2.0.jar;c:\Users\Legion_5\.vscode\extensions\ltex-plus.vscode-ltex-plus-15.6.1\lib\ltex-ls-plus-18.6.1\lib\proto-google-common-protos-2.59.2.jar;c:\Users\Legion_5\.vscode\extensions\ltex-plus.vscode-ltex-plus-15.6.1\lib\ltex-ls-plus-18.6.1\lib\protobuf-java-3.25.8.jar;c:\Users\Legion_5\.vscode\extensions\ltex-plus.vscode-ltex-plus-15.6.1\lib\ltex-ls-plus-18.6.1\lib\resilience4j-circuitbreaker-1.7.1.jar;c:\Users\Legion_5\.vscode\extensions\ltex-plus.vscode-ltex-plus-15.6.1\lib\ltex-ls-plus-18.6.1\lib\resilience4j-core-1.7.1.jar;c:\Users\Legion_5\.vscode\extensions\ltex-plus.vscode-ltex-plus-15.6.1\lib\ltex-ls-plus-18.6.1\lib\resilience4j-micrometer-1.7.1.jar;c:\Users\Legion_5\.vscode\extensions\ltex-plus.vscode-ltex-plus-15.6.1\lib\ltex-ls-plus-18.6.1\lib\segment-2.0.3.jar;c:\Users\Legion_5\.vscode\extensions\ltex-plus.vscode-ltex-plus-15.6.1\lib\ltex-ls-plus-18.6.1\lib\simpleclient-0.16.0.jar;c:\Users\Legion_5\.vscode\extensions\ltex-plus.vscode-ltex-plus-15.6.1\lib\ltex-ls-plus-18.6.1\lib\simpleclient_common-0.10.0.jar;c:\Users\Legion_5\.vscode\extensions\ltex-plus.vscode-ltex-plus-15.6.1\lib\ltex-ls-plus-18.6.1\lib\simpleclient_guava-0.16.0.jar;c:\Users\Legion_5\.vscode\extensions\ltex-plus.vscode-ltex-plus-15.6.1\lib\ltex-ls-plus-18.6.1\lib\simpleclient_tracer_common-0.16.0.jar;c:\Users\Legion_5\.vscode\extensions\ltex-plus.vscode-ltex-plus-15.6.1\lib\ltex-ls-plus-18.6.1\lib\simpleclient_tracer_otel-0.16.0.jar;c:\Users\Legion_5\.vscode\extensions\ltex-plus.vscode-ltex-plus-15.6.1\lib\ltex-ls-plus-18.6.1\lib\simpleclient_tracer_otel_agent-0.16.0.jar;c:\Users\Legion_5\.vscode\extensions\ltex-plus.vscode-ltex-plus-15.6.1\lib\ltex-ls-plus-18.6.1\lib\slf4j-api-2.0.16.jar;c:\Users\Legion_5\.vscode\extensions\ltex-plus.vscode-ltex-plus-15.6.1\lib\ltex-ls-plus-18.6.1\lib\slf4j-nop-2.0.17.jar;c:\Users\Legion_5\.vscode\extensions\ltex-plus.vscode-ltex-plus-15.6.1\lib\ltex-ls-plus-18.6.1\lib\spanish-pos-dict-2.5.jar;c:\Users\Legion_5\.vscode\extensions\ltex-plus.vscode-ltex-plus-15.6.1\lib\ltex-ls-plus-18.6.1\lib\stax2-api-4.2.2.jar;c:\Users\Legion_5\.vscode\extensions\ltex-plus.vscode-ltex-plus-15.6.1\lib\ltex-ls-plus-18.6.1\lib\txw2-4.0.5.jar;c:\Users\Legion_5\.vscode\extensions\ltex-plus.vscode-ltex-plus-15.6.1\lib\ltex-ls-plus-18.6.1\lib\unit-api-1.0.jar;c:\Users\Legion_5\.vscode\extensions\ltex-plus.vscode-ltex-plus-15.6.1\lib\ltex-ls-plus-18.6.1\lib\uom-lib-common-1.1.jar;c:\Users\Legion_5\.vscode\extensions\ltex-plus.vscode-ltex-plus-15.6.1\lib\ltex-ls-plus-18.6.1\lib\vavr-0.10.2.jar;c:\Users\Legion_5\.vscode\extensions\ltex-plus.vscode-ltex-plus-15.6.1\lib\ltex-ls-plus-18.6.1\lib\vavr-match-0.10.2.jar;c:\Users\Legion_5\.vscode\extensions\ltex-plus.vscode-ltex-plus-15.6.1\lib\ltex-ls-plus-18.6.1\lib\woodstox-core-7.1.1.jar
Launcher Type: SUN_STANDARD

[Global flags]
     intx CICompilerCount                          = 12                                        {product} {ergonomic}
     uint ConcGCThreads                            = 5                                         {product} {ergonomic}
     uint G1ConcRefinementThreads                  = 18                                        {product} {ergonomic}
   size_t G1HeapRegionSize                         = 1048576                                   {product} {ergonomic}
    uintx GCDrainStackTargetSize                   = 64                                        {product} {ergonomic}
   size_t InitialHeapSize                          = 67108864                                  {product} {command line}
   size_t MarkStackSize                            = 4194304                                   {product} {ergonomic}
   size_t MaxHeapSize                              = 2147483648                                {product} {command line}
   size_t MaxNewSize                               = 1287651328                                {product} {ergonomic}
   size_t MinHeapDeltaBytes                        = 1048576                                   {product} {ergonomic}
   size_t MinHeapSize                              = 67108864                                  {product} {command line}
    uintx NonNMethodCodeHeapSize                   = 7602480                                {pd product} {ergonomic}
    uintx NonProfiledCodeHeapSize                  = 122027880                              {pd product} {ergonomic}
    uintx ProfiledCodeHeapSize                     = 122027880                              {pd product} {ergonomic}
    uintx ReservedCodeCacheSize                    = 251658240                              {pd product} {ergonomic}
     bool SegmentedCodeCache                       = true                                      {product} {ergonomic}
   size_t SoftMaxHeapSize                          = 2147483648                             {manageable} {ergonomic}
     bool UseCompressedOops                        = true                           {product lp64_product} {ergonomic}
     bool UseG1GC                                  = true                                      {product} {ergonomic}
     bool UseLargePagesIndividualAllocation        = false                                  {pd product} {ergonomic}

Logging:
Log output configuration:
 #0: stdout all=warning uptime,level,tags foldmultilines=false
 #1: stderr all=off uptime,level,tags foldmultilines=false

Environment Variables:
JAVA_HOME=c:\Users\Legion_5\.vscode\extensions\ltex-plus.vscode-ltex-plus-15.6.1\lib\ltex-ls-plus-18.6.1\jdk-21.0.8+9
CLASSPATH="c:\Users\Legion_5\.vscode\extensions\ltex-plus.vscode-ltex-plus-15.6.1\lib\ltex-ls-plus-18.6.1"\etc;"c:\Users\Legion_5\.vscode\extensions\ltex-plus.vscode-ltex-plus-15.6.1\lib\ltex-ls-plus-18.6.1\lib"\*
PATH=D:\program_files\bin;C:\Python314\Scripts\;C:\Python314\;C:\msys64\ucrt64\bin;C:\Python313\Scripts\;C:\Python313\;C:\WINDOWS\system32;C:\WINDOWS;C:\WINDOWS\System32\Wbem;C:\WINDOWS\System32\WindowsPowerShell\v1.0\;C:\WINDOWS\System32\OpenSSH\;C:\Program Files\NVIDIA Corporation\NVIDIA App\NvDLISR;C:\Program Files (x86)\NVIDIA Corporation\PhysX\Common;C:\Program Files (x86)\Windows Kits\10\Windows Performance Toolkit\;C:\ProgramData\chocolatey\bin;C:\Program Files\WireGuard\;C:\Program Files\Wolfram Research\WolframScript\;C:\Program Files\doxygen\bin;C:\msys64\ucrt64\bin;C:\Program Files\dotnet\;C:\Program Files\nodejs\;C:\Program Files\cursor\resources\app\bin;C:\Program Files\RuDesktop\;C:\Tools\clangd-windows-21.1.0\clangd_21.1.0\bin;C:\Program Files\Git\cmd;C:\Program Files\PowerShell\7\;C:\Program Files\Docker\Docker\resources\bin;C:\Users\Legion_5\AppData\Local\Microsoft\WindowsApps;C:\msys64\ucrt64\bin;C:\Users\Legion_5\AppData\Local\Programs\Microsoft VS Code\bin;C:\Users\Legion_5\AppData\Roaming\npm;D:\Antigravity\bin;C:\texlive\2025\bin\windows;C:\Users\Legion_5\AppData\Local\Programs\cursor\resources\app\bin;C:\Users\Legion_5\.local\bin;C:\Users\Legion_5\AppData\Local\PowerToys\DSCModules\;D:\program_files\pandoc-3.9.0.2-windows-x86_64\pandoc-3.9.0.2\;
USERNAME=Legion_5
OS=Windows_NT
PROCESSOR_IDENTIFIER=Intel64 Family 6 Model 183 Stepping 1, GenuineIntel
TMP=C:\Users\Legion_5\AppData\Local\Temp
TEMP=C:\Users\Legion_5\AppData\Local\Temp




Periodic native trim disabled

---------------  S Y S T E M  ---------------

OS:
 Windows 11 , 64 bit Build 26100 (10.0.26100.8328)
OS uptime: 0 days 10:45 hours
Hyper-V role detected

CPU: total 24 (initial active 24) (12 cores per cpu, 2 threads per core) family 6 model 183 stepping 1 microcode 0x133, cx8, cmov, fxsr, ht, mmx, 3dnowpref, sse, sse2, sse3, ssse3, sse4.1, sse4.2, popcnt, lzcnt, tsc, tscinvbit, avx, avx2, aes, erms, clmul, bmi1, bmi2, adx, sha, fma, vzeroupper, clflush, clflushopt, clwb, hv, serialize, rdtscp, rdpid, fsrm, f16c, cet_ibt, cet_ss
Processor Information for processor 0
  Max Mhz: 2200, Current Mhz: 1466, Mhz Limit: 2200
Processor Information for processor 1
  Max Mhz: 2200, Current Mhz: 2200, Mhz Limit: 2200
Processor Information for processor 2
  Max Mhz: 2200, Current Mhz: 2200, Mhz Limit: 2200
Processor Information for processor 3
  Max Mhz: 2200, Current Mhz: 2200, Mhz Limit: 2200
Processor Information for processor 4
  Max Mhz: 2200, Current Mhz: 2200, Mhz Limit: 2200
Processor Information for processor 5
  Max Mhz: 2200, Current Mhz: 2200, Mhz Limit: 2200
Processor Information for processor 6
  Max Mhz: 2200, Current Mhz: 2200, Mhz Limit: 2200
Processor Information for processor 7
  Max Mhz: 2200, Current Mhz: 2200, Mhz Limit: 2200
Processor Information for processor 8
  Max Mhz: 2200, Current Mhz: 2200, Mhz Limit: 2200
Processor Information for processor 9
  Max Mhz: 2200, Current Mhz: 2200, Mhz Limit: 2200
Processor Information for processor 10
  Max Mhz: 2200, Current Mhz: 2200, Mhz Limit: 2200
Processor Information for processor 11
  Max Mhz: 2200, Current Mhz: 2200, Mhz Limit: 2200
Processor Information for processor 12
  Max Mhz: 2200, Current Mhz: 2200, Mhz Limit: 2200
Processor Information for processor 13
  Max Mhz: 2200, Current Mhz: 2200, Mhz Limit: 2200
Processor Information for processor 14
  Max Mhz: 2200, Current Mhz: 2200, Mhz Limit: 2200
Processor Information for processor 15
  Max Mhz: 2200, Current Mhz: 2200, Mhz Limit: 2200
Processor Information for processor 16
  Max Mhz: 2200, Current Mhz: 1512, Mhz Limit: 2200
Processor Information for processor 17
  Max Mhz: 2200, Current Mhz: 1512, Mhz Limit: 2200
Processor Information for processor 18
  Max Mhz: 2200, Current Mhz: 1512, Mhz Limit: 2200
Processor Information for processor 19
  Max Mhz: 2200, Current Mhz: 2200, Mhz Limit: 2200
Processor Information for processor 20
  Max Mhz: 2200, Current Mhz: 1512, Mhz Limit: 2200
Processor Information for processor 21
  Max Mhz: 2200, Current Mhz: 2200, Mhz Limit: 2200
Processor Information for processor 22
  Max Mhz: 2200, Current Mhz: 2200, Mhz Limit: 2200
Processor Information for processor 23
  Max Mhz: 2200, Current Mhz: 2200, Mhz Limit: 2200

Memory: 4k page, system-wide physical 16091M (1509M free)
TotalPageFile size 24283M (AvailPageFile size 160M)
current process WorkingSet (physical memory assigned to process): 578M, peak: 614M
current process commit charge ("private bytes"): 641M, peak: 888M

vm_info: OpenJDK 64-Bit Server VM (21.0.8+9-LTS) for windows-amd64 JRE (21.0.8+9-LTS), built on 2025-07-15T00:00:00Z by "admin" with MS VC++ 17.7 (VS2022)

END.
