#
# There is insufficient memory for the Java Runtime Environment to continue.
# Native memory allocation (mmap) failed to map 464519168 bytes. Error detail: G1 virtual space
# Possible reasons:
#   The system is out of physical RAM or swap space
#   This process is running with CompressedOops enabled, and the Java Heap may be blocking the growth of the native heap
# Possible solutions:
#   Reduce memory load on the system
#   Increase physical memory or swap space
#   Check if swap backing store is full
#   Decrease Java heap size (-Xmx/-Xms)
#   Decrease number of Java threads
#   Decrease Java thread stack sizes (-Xss)
#   Set larger code cache with -XX:ReservedCodeCacheSize=
#   JVM is running with Unscaled Compressed Oops mode in which the Java heap is
#     placed in the first 4GB address space. The Java Heap base address is the
#     maximum limit for the native heap growth. Please use -XX:HeapBaseMinAddress
#     to set the Java Heap base and to place the Java Heap above 4GB virtual address.
# This output file may be truncated or incomplete.
#
#  Out of Memory Error (os_windows.cpp:3713), pid=25944, tid=12332
#
# JRE version: OpenJDK Runtime Environment Temurin-21.0.8+9 (21.0.8+9) (build 21.0.8+9-LTS)
# Java VM: OpenJDK 64-Bit Server VM Temurin-21.0.8+9 (21.0.8+9-LTS, mixed mode, tiered, compressed oops, compressed class ptrs, g1 gc, windows-amd64)
# No core dump will be written. Minidumps are not enabled by default on client versions of Windows
#

---------------  S U M M A R Y ------------

Command Line: -Xms64m -Xmx2048m -Dapp.name=ltex-ls-plus -Dapp.repo=c:\Users\Legion_5\.vscode\extensions\ltex-plus.vscode-ltex-plus-15.6.1\lib\ltex-ls-plus-18.6.1\lib -Dapp.home=c:\Users\Legion_5\.vscode\extensions\ltex-plus.vscode-ltex-plus-15.6.1\lib\ltex-ls-plus-18.6.1 -Dbasedir=c:\Users\Legion_5\.vscode\extensions\ltex-plus.vscode-ltex-plus-15.6.1\lib\ltex-ls-plus-18.6.1 org.bsplines.ltexls.LtexLanguageServerLauncher

Host: Intel(R) Core(TM) i7-14650HX, 24 cores, 15G,  Windows 11 , 64 bit Build 26100 (10.0.26100.8246)
Time: Fri May  8 22:33:13 2026 Belarus Standard Time elapsed time: 5.140304 seconds (0d 0h 0m 5s)

---------------  T H R E A D  ---------------

Current thread (0x000002e1a0310420):  VMThread "VM Thread"          [id=12332, stack(0x000000f830800000,0x000000f830900000) (1024K)]

Stack: [0x000000f830800000,0x000000f830900000]
Native frames: (J=compiled Java code, j=interpreted, Vv=VM code, C=native code)
V  [jvm.dll+0x6d2449]
V  [jvm.dll+0x8ae341]
V  [jvm.dll+0x8b08be]
V  [jvm.dll+0x8b0fa3]
V  [jvm.dll+0x280c96]
V  [jvm.dll+0x6cec15]
V  [jvm.dll+0x6c2c3a]
V  [jvm.dll+0x35867a]
V  [jvm.dll+0x360246]
V  [jvm.dll+0x3b1f9e]
V  [jvm.dll+0x3b2248]
V  [jvm.dll+0x32c8fc]
V  [jvm.dll+0x32c987]
V  [jvm.dll+0x3706fc]
V  [jvm.dll+0x36ef48]
V  [jvm.dll+0x32c0c1]
V  [jvm.dll+0x36e5ba]
V  [jvm.dll+0x8b6cbf]
V  [jvm.dll+0x8b8044]
V  [jvm.dll+0x8b8580]
V  [jvm.dll+0x8b8823]
V  [jvm.dll+0x857e6b]
V  [jvm.dll+0x6d0b0d]
C  [ucrtbase.dll+0x37b0]
C  [KERNEL32.DLL+0x2e8d7]
C  [ntdll.dll+0x8c3fc]

VM_Operation (0x000000f8301fde60): G1CollectForAllocation, mode: safepoint, requested by thread 0x000002e1a284f020


---------------  P R O C E S S  ---------------

Threads class SMR info:
_java_thread_list=0x000002e1c148e700, length=21, elements={
0x000002e1a284f020, 0x000002e1bf08ab00, 0x000002e1bf09e350, 0x000002e1bf0b2730,
0x000002e1bf0bf490, 0x000002e1bf0d9c00, 0x000002e1bf0dc270, 0x000002e1bf0e78d0,
0x000002e1bf0f5e60, 0x000002e1bf0f3580, 0x000002e1bf3d0530, 0x000002e1bf310610,
0x000002e1bf0f49f0, 0x000002e1bf0f27e0, 0x000002e1bf0f2eb0, 0x000002e1bf0f3c50,
0x000002e1bf0f4320, 0x000002e1bf0f50c0, 0x000002e1bf0f5790, 0x000002e1c0f37810,
0x000002e1c0f37ee0
}

Java Threads: ( => current thread )
  0x000002e1a284f020 JavaThread "main"                              [_thread_blocked, id=10048, stack(0x000000f830100000,0x000000f830200000) (1024K)]
  0x000002e1bf08ab00 JavaThread "Reference Handler"          daemon [_thread_blocked, id=9988, stack(0x000000f830900000,0x000000f830a00000) (1024K)]
  0x000002e1bf09e350 JavaThread "Finalizer"                  daemon [_thread_blocked, id=30884, stack(0x000000f830a00000,0x000000f830b00000) (1024K)]
  0x000002e1bf0b2730 JavaThread "Signal Dispatcher"          daemon [_thread_blocked, id=27012, stack(0x000000f830b00000,0x000000f830c00000) (1024K)]
  0x000002e1bf0bf490 JavaThread "Attach Listener"            daemon [_thread_blocked, id=29228, stack(0x000000f830c00000,0x000000f830d00000) (1024K)]
  0x000002e1bf0d9c00 JavaThread "Service Thread"             daemon [_thread_blocked, id=29232, stack(0x000000f830d00000,0x000000f830e00000) (1024K)]
  0x000002e1bf0dc270 JavaThread "Monitor Deflation Thread"   daemon [_thread_blocked, id=30616, stack(0x000000f830e00000,0x000000f830f00000) (1024K)]
  0x000002e1bf0e78d0 JavaThread "C2 CompilerThread0"         daemon [_thread_blocked, id=24532, stack(0x000000f830f00000,0x000000f831000000) (1024K)]
  0x000002e1bf0f5e60 JavaThread "C1 CompilerThread0"         daemon [_thread_blocked, id=30220, stack(0x000000f831000000,0x000000f831100000) (1024K)]
  0x000002e1bf0f3580 JavaThread "C1 CompilerThread1"         daemon [_thread_blocked, id=16772, stack(0x000000f831100000,0x000000f831200000) (1024K)]
  0x000002e1bf3d0530 JavaThread "Notification Thread"        daemon [_thread_blocked, id=22512, stack(0x000000f831200000,0x000000f831300000) (1024K)]
  0x000002e1bf310610 JavaThread "Common-Cleaner"             daemon [_thread_blocked, id=30796, stack(0x000000f831300000,0x000000f831400000) (1024K)]
  0x000002e1bf0f49f0 JavaThread "C2 CompilerThread1"         daemon [_thread_blocked, id=23684, stack(0x000000f831400000,0x000000f831500000) (1024K)]
  0x000002e1bf0f27e0 JavaThread "C2 CompilerThread2"         daemon [_thread_blocked, id=31444, stack(0x000000f831500000,0x000000f831600000) (1024K)]
  0x000002e1bf0f2eb0 JavaThread "C1 CompilerThread2"         daemon [_thread_blocked, id=27288, stack(0x000000f831600000,0x000000f831700000) (1024K)]
  0x000002e1bf0f3c50 JavaThread "C2 CompilerThread3"         daemon [_thread_blocked, id=604, stack(0x000000f831c00000,0x000000f831d00000) (1024K)]
  0x000002e1bf0f4320 JavaThread "C1 CompilerThread3"         daemon [_thread_blocked, id=12956, stack(0x000000f832700000,0x000000f832800000) (1024K)]
  0x000002e1bf0f50c0 JavaThread "C2 CompilerThread4"         daemon [_thread_blocked, id=2228, stack(0x000000f832800000,0x000000f832900000) (1024K)]
  0x000002e1bf0f5790 JavaThread "C2 CompilerThread5"         daemon [_thread_blocked, id=30304, stack(0x000000f832900000,0x000000f832a00000) (1024K)]
  0x000002e1c0f37810 JavaThread "C2 CompilerThread6"         daemon [_thread_blocked, id=13428, stack(0x000000f832a00000,0x000000f832b00000) (1024K)]
  0x000002e1c0f37ee0 JavaThread "C2 CompilerThread7"         daemon [_thread_blocked, id=27316, stack(0x000000f832b00000,0x000000f832c00000) (1024K)]
Total: 21

Other Threads:
=>0x000002e1a0310420 VMThread "VM Thread"                           [id=12332, stack(0x000000f830800000,0x000000f830900000) (1024K)]
  0x000002e1ba9e3050 WatcherThread "VM Periodic Task Thread"        [id=26060, stack(0x000000f830700000,0x000000f830800000) (1024K)]
  0x000002e1a0310b60 WorkerThread "GC Thread#0"                     [id=31152, stack(0x000000f830200000,0x000000f830300000) (1024K)]
  0x000002e1a030f940 WorkerThread "GC Thread#1"                     [id=29276, stack(0x000000f831700000,0x000000f831800000) (1024K)]
  0x000002e1a030fce0 WorkerThread "GC Thread#2"                     [id=25436, stack(0x000000f831800000,0x000000f831900000) (1024K)]
  0x000002e1a0310080 WorkerThread "GC Thread#3"                     [id=26564, stack(0x000000f831900000,0x000000f831a00000) (1024K)]
  0x000002e1c03d1d60 WorkerThread "GC Thread#4"                     [id=28412, stack(0x000000f831a00000,0x000000f831b00000) (1024K)]
  0x000002e1c03d3a60 WorkerThread "GC Thread#5"                     [id=23844, stack(0x000000f831b00000,0x000000f831c00000) (1024K)]
  0x000002e1c03d2100 WorkerThread "GC Thread#6"                     [id=4408, stack(0x000000f831d00000,0x000000f831e00000) (1024K)]
  0x000002e1c03d1620 WorkerThread "GC Thread#7"                     [id=5388, stack(0x000000f831e00000,0x000000f831f00000) (1024K)]
  0x000002e1c03d41a0 WorkerThread "GC Thread#8"                     [id=29592, stack(0x000000f831f00000,0x000000f832000000) (1024K)]
  0x000002e1c03d19c0 WorkerThread "GC Thread#9"                     [id=23256, stack(0x000000f832000000,0x000000f832100000) (1024K)]
  0x000002e1c03d4540 WorkerThread "GC Thread#10"                    [id=29064, stack(0x000000f832100000,0x000000f832200000) (1024K)]
  0x000002e1c03d2be0 WorkerThread "GC Thread#11"                    [id=24956, stack(0x000000f832200000,0x000000f832300000) (1024K)]
  0x000002e1c03d48e0 WorkerThread "GC Thread#12"                    [id=22508, stack(0x000000f832c00000,0x000000f832d00000) (1024K)]
  0x000002e1c03d5020 WorkerThread "GC Thread#13"                    [id=23192, stack(0x000000f832d00000,0x000000f832e00000) (1024K)]
  0x000002e1c142fc60 WorkerThread "GC Thread#14"                    [id=24316, stack(0x000000f832e00000,0x000000f832f00000) (1024K)]
  0x000002e1c1430000 WorkerThread "GC Thread#15"                    [id=26684, stack(0x000000f832f00000,0x000000f833000000) (1024K)]
  0x000002e1c142d480 WorkerThread "GC Thread#16"                    [id=28076, stack(0x000000f833000000,0x000000f833100000) (1024K)]
  0x000002e1c14303a0 WorkerThread "GC Thread#17"                    [id=6736, stack(0x000000f833100000,0x000000f833200000) (1024K)]
  0x000002e1a28bc190 ConcurrentGCThread "G1 Main Marker"            [id=8672, stack(0x000000f830300000,0x000000f830400000) (1024K)]
  0x000002e1a030f5a0 WorkerThread "G1 Conc#0"                       [id=22640, stack(0x000000f830400000,0x000000f830500000) (1024K)]
  0x000002e1c03d2f80 WorkerThread "G1 Conc#1"                       [id=28356, stack(0x000000f832300000,0x000000f832400000) (1024K)]
  0x000002e1c03d3320 WorkerThread "G1 Conc#2"                       [id=21292, stack(0x000000f832400000,0x000000f832500000) (1024K)]
  0x000002e1c03d24a0 WorkerThread "G1 Conc#3"                       [id=28548, stack(0x000000f832500000,0x000000f832600000) (1024K)]
  0x000002e1c03d2840 WorkerThread "G1 Conc#4"                       [id=5424, stack(0x000000f832600000,0x000000f832700000) (1024K)]
  0x000002e1ba8a4590 ConcurrentGCThread "G1 Refine#0"               [id=23864, stack(0x000000f830500000,0x000000f830600000) (1024K)]
  0x000002e1ba8a7010 ConcurrentGCThread "G1 Service"                [id=29604, stack(0x000000f830600000,0x000000f830700000) (1024K)]
Total: 28

Threads with active compile tasks:
C2 CompilerThread4  5173 4462       4       org.languagetool.tokenizers.nl.DutchWordTokenizer::tokenize (314 bytes)
C2 CompilerThread7  5173 4457 %s    4       org.languagetool.rules.spelling.SpellingCheckRule::init @ 17 (314 bytes)
Total: 2

VM state: at safepoint (normal execution)

VM Mutex/Monitor currently owned by a thread:  ([mutex/lock_event])
[0x00007ff8deaf5458] Threads_lock - owner thread: 0x000002e1a0310420
[0x00007ff8deaf5558] Heap_lock - owner thread: 0x000002e1a284f020

Heap address: 0x0000000080000000, size: 2048 MB, Compressed Oops mode: 32-bit

CDS archive(s) not mapped
Compressed class space mapped at: 0x0000000100000000-0x0000000140000000, reserved size: 1073741824
Narrow klass base: 0x0000000000000000, Narrow klass shift: 3, Narrow klass range: 0x140000000

GC Precious Log:
 CardTable entry size: 512
 Card Set container configuration: InlinePtr #cards 5 size 8 Array Of Cards #cards 12 size 40 Howl #buckets 4 coarsen threshold 1843 Howl Bitmap #cards 512 size 80 coarsen threshold 460 Card regions per heap region 1 cards per card region 2048
 CPUs: 24 total, 24 available
 Memory: 16091M
 Large Page Support: Disabled
 NUMA Support: Disabled
 Compressed Oops: Enabled (32-bit)
 Heap Region Size: 1M
 Heap Min Capacity: 64M
 Heap Initial Capacity: 64M
 Heap Max Capacity: 2G
 Pre-touch: Disabled
 Parallel Workers: 18
 Concurrent Workers: 5
 Concurrent Refinement Workers: 18
 Periodic GC: Disabled

Heap:
 garbage-first heap   total 360448K, used 231424K [0x0000000080000000, 0x0000000100000000)
  region size 1024K, 16 young (16384K), 16 survivors (16384K)
 Metaspace       used 25654K, committed 25920K, reserved 1114112K
  class space    used 2556K, committed 2688K, reserved 1048576K

Heap Regions: E=young(eden), S=young(survivor), O=old, HS=humongous(starts), HC=humongous(continues), CS=collection set, F=free, TAMS=top-at-mark-start, PB=parsable bottom
|   0|0x0000000080000000, 0x0000000080100000, 0x0000000080100000|100%| O|  |TAMS 0x0000000080000000| PB 0x0000000080000000| Untracked 
|   1|0x0000000080100000, 0x0000000080200000, 0x0000000080200000|100%| O|  |TAMS 0x0000000080100000| PB 0x0000000080100000| Untracked 
|   2|0x0000000080200000, 0x0000000080300000, 0x0000000080300000|100%| O|  |TAMS 0x0000000080200000| PB 0x0000000080200000| Untracked 
|   3|0x0000000080300000, 0x0000000080400000, 0x0000000080400000|100%| O|  |TAMS 0x0000000080300000| PB 0x0000000080300000| Untracked 
|   4|0x0000000080400000, 0x0000000080500000, 0x0000000080500000|100%| O|  |TAMS 0x0000000080400000| PB 0x0000000080400000| Untracked 
|   5|0x0000000080500000, 0x0000000080600000, 0x0000000080600000|100%| O|  |TAMS 0x0000000080500000| PB 0x0000000080500000| Untracked 
|   6|0x0000000080600000, 0x0000000080700000, 0x0000000080700000|100%| O|  |TAMS 0x0000000080600000| PB 0x0000000080600000| Untracked 
|   7|0x0000000080700000, 0x0000000080800000, 0x0000000080800000|100%| O|  |TAMS 0x0000000080700000| PB 0x0000000080700000| Untracked 
|   8|0x0000000080800000, 0x0000000080900000, 0x0000000080900000|100%| O|  |TAMS 0x0000000080800000| PB 0x0000000080800000| Untracked 
|   9|0x0000000080900000, 0x0000000080a00000, 0x0000000080a00000|100%| O|  |TAMS 0x0000000080900000| PB 0x0000000080900000| Untracked 
|  10|0x0000000080a00000, 0x0000000080b00000, 0x0000000080b00000|100%| O|  |TAMS 0x0000000080a00000| PB 0x0000000080a00000| Untracked 
|  11|0x0000000080b00000, 0x0000000080c00000, 0x0000000080c00000|100%| O|  |TAMS 0x0000000080b00000| PB 0x0000000080b00000| Untracked 
|  12|0x0000000080c00000, 0x0000000080d00000, 0x0000000080d00000|100%| O|  |TAMS 0x0000000080c00000| PB 0x0000000080c00000| Untracked 
|  13|0x0000000080d00000, 0x0000000080e00000, 0x0000000080e00000|100%| O|  |TAMS 0x0000000080d00000| PB 0x0000000080d00000| Untracked 
|  14|0x0000000080e00000, 0x0000000080f00000, 0x0000000080f00000|100%| O|  |TAMS 0x0000000080e00000| PB 0x0000000080e00000| Untracked 
|  15|0x0000000080f00000, 0x0000000081000000, 0x0000000081000000|100%| O|  |TAMS 0x0000000080f00000| PB 0x0000000080f00000| Untracked 
|  16|0x0000000081000000, 0x0000000081100000, 0x0000000081100000|100%| O|  |TAMS 0x0000000081000000| PB 0x0000000081000000| Untracked 
|  17|0x0000000081100000, 0x0000000081200000, 0x0000000081200000|100%| O|  |TAMS 0x0000000081100000| PB 0x0000000081100000| Untracked 
|  18|0x0000000081200000, 0x0000000081300000, 0x0000000081300000|100%| O|  |TAMS 0x0000000081200000| PB 0x0000000081200000| Untracked 
|  19|0x0000000081300000, 0x0000000081400000, 0x0000000081400000|100%| O|  |TAMS 0x0000000081300000| PB 0x0000000081300000| Untracked 
|  20|0x0000000081400000, 0x0000000081500000, 0x0000000081500000|100%| O|  |TAMS 0x0000000081400000| PB 0x0000000081400000| Untracked 
|  21|0x0000000081500000, 0x0000000081600000, 0x0000000081600000|100%| O|  |TAMS 0x0000000081500000| PB 0x0000000081500000| Untracked 
|  22|0x0000000081600000, 0x0000000081700000, 0x0000000081700000|100%| O|  |TAMS 0x0000000081600000| PB 0x0000000081600000| Untracked 
|  23|0x0000000081700000, 0x0000000081800000, 0x0000000081800000|100%| O|  |TAMS 0x0000000081700000| PB 0x0000000081700000| Untracked 
|  24|0x0000000081800000, 0x0000000081900000, 0x0000000081900000|100%| O|  |TAMS 0x0000000081800000| PB 0x0000000081800000| Untracked 
|  25|0x0000000081900000, 0x0000000081a00000, 0x0000000081a00000|100%|HS|  |TAMS 0x0000000081900000| PB 0x0000000081900000| Complete 
|  26|0x0000000081a00000, 0x0000000081b00000, 0x0000000081b00000|100%| O|  |TAMS 0x0000000081a00000| PB 0x0000000081a00000| Untracked 
|  27|0x0000000081b00000, 0x0000000081c00000, 0x0000000081c00000|100%| O|  |TAMS 0x0000000081b00000| PB 0x0000000081b00000| Untracked 
|  28|0x0000000081c00000, 0x0000000081d00000, 0x0000000081d00000|100%| O|  |TAMS 0x0000000081c00000| PB 0x0000000081c00000| Untracked 
|  29|0x0000000081d00000, 0x0000000081e00000, 0x0000000081e00000|100%| O|  |TAMS 0x0000000081d00000| PB 0x0000000081d00000| Untracked 
|  30|0x0000000081e00000, 0x0000000081f00000, 0x0000000081f00000|100%| O|  |TAMS 0x0000000081e00000| PB 0x0000000081e00000| Untracked 
|  31|0x0000000081f00000, 0x0000000082000000, 0x0000000082000000|100%| O|  |TAMS 0x0000000081f00000| PB 0x0000000081f00000| Untracked 
|  32|0x0000000082000000, 0x0000000082100000, 0x0000000082100000|100%| O|  |TAMS 0x0000000082000000| PB 0x0000000082000000| Untracked 
|  33|0x0000000082100000, 0x0000000082200000, 0x0000000082200000|100%| O|  |TAMS 0x0000000082100000| PB 0x0000000082100000| Untracked 
|  34|0x0000000082200000, 0x0000000082300000, 0x0000000082300000|100%| O|  |TAMS 0x0000000082200000| PB 0x0000000082200000| Untracked 
|  35|0x0000000082300000, 0x0000000082400000, 0x0000000082400000|100%| O|  |TAMS 0x0000000082300000| PB 0x0000000082300000| Untracked 
|  36|0x0000000082400000, 0x0000000082500000, 0x0000000082500000|100%| O|  |TAMS 0x0000000082400000| PB 0x0000000082400000| Untracked 
|  37|0x0000000082500000, 0x0000000082600000, 0x0000000082600000|100%| O|  |TAMS 0x0000000082500000| PB 0x0000000082500000| Untracked 
|  38|0x0000000082600000, 0x0000000082700000, 0x0000000082700000|100%| O|  |TAMS 0x0000000082600000| PB 0x0000000082600000| Untracked 
|  39|0x0000000082700000, 0x0000000082800000, 0x0000000082800000|100%| O|  |TAMS 0x0000000082700000| PB 0x0000000082700000| Untracked 
|  40|0x0000000082800000, 0x0000000082900000, 0x0000000082900000|100%| O|  |TAMS 0x0000000082800000| PB 0x0000000082800000| Untracked 
|  41|0x0000000082900000, 0x0000000082a00000, 0x0000000082a00000|100%| O|  |TAMS 0x0000000082900000| PB 0x0000000082900000| Untracked 
|  42|0x0000000082a00000, 0x0000000082b00000, 0x0000000082b00000|100%| O|  |TAMS 0x0000000082a00000| PB 0x0000000082a00000| Untracked 
|  43|0x0000000082b00000, 0x0000000082c00000, 0x0000000082c00000|100%| O|  |TAMS 0x0000000082b00000| PB 0x0000000082b00000| Untracked 
|  44|0x0000000082c00000, 0x0000000082d00000, 0x0000000082d00000|100%| O|  |TAMS 0x0000000082c00000| PB 0x0000000082c00000| Untracked 
|  45|0x0000000082d00000, 0x0000000082e00000, 0x0000000082e00000|100%| O|  |TAMS 0x0000000082d00000| PB 0x0000000082d00000| Untracked 
|  46|0x0000000082e00000, 0x0000000082f00000, 0x0000000082f00000|100%| O|  |TAMS 0x0000000082e00000| PB 0x0000000082e00000| Untracked 
|  47|0x0000000082f00000, 0x0000000083000000, 0x0000000083000000|100%| O|  |TAMS 0x0000000082f00000| PB 0x0000000082f00000| Untracked 
|  48|0x0000000083000000, 0x0000000083100000, 0x0000000083100000|100%| O|  |TAMS 0x0000000083000000| PB 0x0000000083000000| Untracked 
|  49|0x0000000083100000, 0x0000000083200000, 0x0000000083200000|100%| O|  |TAMS 0x0000000083100000| PB 0x0000000083100000| Untracked 
|  50|0x0000000083200000, 0x0000000083300000, 0x0000000083300000|100%| O|  |TAMS 0x0000000083200000| PB 0x0000000083200000| Untracked 
|  51|0x0000000083300000, 0x0000000083400000, 0x0000000083400000|100%| O|  |TAMS 0x0000000083300000| PB 0x0000000083300000| Untracked 
|  52|0x0000000083400000, 0x0000000083500000, 0x0000000083500000|100%| O|  |TAMS 0x0000000083400000| PB 0x0000000083400000| Untracked 
|  53|0x0000000083500000, 0x0000000083600000, 0x0000000083600000|100%| O|  |TAMS 0x0000000083500000| PB 0x0000000083500000| Untracked 
|  54|0x0000000083600000, 0x0000000083700000, 0x0000000083700000|100%| O|  |TAMS 0x0000000083600000| PB 0x0000000083600000| Untracked 
|  55|0x0000000083700000, 0x0000000083800000, 0x0000000083800000|100%| O|  |TAMS 0x0000000083700000| PB 0x0000000083700000| Untracked 
|  56|0x0000000083800000, 0x0000000083900000, 0x0000000083900000|100%| O|  |TAMS 0x0000000083800000| PB 0x0000000083800000| Untracked 
|  57|0x0000000083900000, 0x0000000083a00000, 0x0000000083a00000|100%| O|  |TAMS 0x0000000083900000| PB 0x0000000083900000| Untracked 
|  58|0x0000000083a00000, 0x0000000083b00000, 0x0000000083b00000|100%| O|  |TAMS 0x0000000083a00000| PB 0x0000000083a00000| Untracked 
|  59|0x0000000083b00000, 0x0000000083c00000, 0x0000000083c00000|100%| O|  |TAMS 0x0000000083b00000| PB 0x0000000083b00000| Untracked 
|  60|0x0000000083c00000, 0x0000000083d00000, 0x0000000083d00000|100%| O|  |TAMS 0x0000000083c00000| PB 0x0000000083c00000| Untracked 
|  61|0x0000000083d00000, 0x0000000083e00000, 0x0000000083e00000|100%|HS|  |TAMS 0x0000000083d00000| PB 0x0000000083d00000| Complete 
|  62|0x0000000083e00000, 0x0000000083f00000, 0x0000000083f00000|100%|HC|  |TAMS 0x0000000083e00000| PB 0x0000000083e00000| Complete 
|  63|0x0000000083f00000, 0x0000000084000000, 0x0000000084000000|100%|HC|  |TAMS 0x0000000083f00000| PB 0x0000000083f00000| Complete 
|  64|0x0000000084000000, 0x0000000084100000, 0x0000000084100000|100%| O|  |TAMS 0x0000000084000000| PB 0x0000000084000000| Untracked 
|  65|0x0000000084100000, 0x0000000084200000, 0x0000000084200000|100%| O|  |TAMS 0x0000000084100000| PB 0x0000000084100000| Untracked 
|  66|0x0000000084200000, 0x0000000084300000, 0x0000000084300000|100%| O|  |TAMS 0x0000000084200000| PB 0x0000000084200000| Untracked 
|  67|0x0000000084300000, 0x0000000084400000, 0x0000000084400000|100%| O|  |TAMS 0x0000000084300000| PB 0x0000000084300000| Untracked 
|  68|0x0000000084400000, 0x0000000084500000, 0x0000000084500000|100%| O|  |TAMS 0x0000000084400000| PB 0x0000000084400000| Untracked 
|  69|0x0000000084500000, 0x0000000084600000, 0x0000000084600000|100%| O|  |TAMS 0x0000000084500000| PB 0x0000000084500000| Untracked 
|  70|0x0000000084600000, 0x0000000084700000, 0x0000000084700000|100%| O|  |TAMS 0x0000000084600000| PB 0x0000000084600000| Untracked 
|  71|0x0000000084700000, 0x0000000084800000, 0x0000000084800000|100%| O|  |TAMS 0x0000000084700000| PB 0x0000000084700000| Untracked 
|  72|0x0000000084800000, 0x0000000084900000, 0x0000000084900000|100%| O|  |TAMS 0x0000000084800000| PB 0x0000000084800000| Untracked 
|  73|0x0000000084900000, 0x0000000084a00000, 0x0000000084a00000|100%| O|  |TAMS 0x0000000084900000| PB 0x0000000084900000| Untracked 
|  74|0x0000000084a00000, 0x0000000084b00000, 0x0000000084b00000|100%| O|  |TAMS 0x0000000084a00000| PB 0x0000000084a00000| Untracked 
|  75|0x0000000084b00000, 0x0000000084c00000, 0x0000000084c00000|100%| O|  |TAMS 0x0000000084b00000| PB 0x0000000084b00000| Untracked 
|  76|0x0000000084c00000, 0x0000000084d00000, 0x0000000084d00000|100%| O|  |TAMS 0x0000000084c00000| PB 0x0000000084c00000| Untracked 
|  77|0x0000000084d00000, 0x0000000084e00000, 0x0000000084e00000|100%| O|  |TAMS 0x0000000084d00000| PB 0x0000000084d00000| Untracked 
|  78|0x0000000084e00000, 0x0000000084f00000, 0x0000000084f00000|100%| O|  |TAMS 0x0000000084e00000| PB 0x0000000084e00000| Untracked 
|  79|0x0000000084f00000, 0x0000000085000000, 0x0000000085000000|100%| O|  |TAMS 0x0000000084f00000| PB 0x0000000084f00000| Untracked 
|  80|0x0000000085000000, 0x0000000085100000, 0x0000000085100000|100%| O|  |TAMS 0x0000000085000000| PB 0x0000000085000000| Untracked 
|  81|0x0000000085100000, 0x0000000085200000, 0x0000000085200000|100%| O|  |TAMS 0x0000000085100000| PB 0x0000000085100000| Untracked 
|  82|0x0000000085200000, 0x0000000085300000, 0x0000000085300000|100%| O|  |TAMS 0x0000000085200000| PB 0x0000000085200000| Untracked 
|  83|0x0000000085300000, 0x0000000085400000, 0x0000000085400000|100%| O|  |TAMS 0x0000000085300000| PB 0x0000000085300000| Untracked 
|  84|0x0000000085400000, 0x0000000085500000, 0x0000000085500000|100%| O|  |TAMS 0x0000000085400000| PB 0x0000000085400000| Untracked 
|  85|0x0000000085500000, 0x0000000085600000, 0x0000000085600000|100%| O|  |TAMS 0x0000000085500000| PB 0x0000000085500000| Untracked 
|  86|0x0000000085600000, 0x0000000085700000, 0x0000000085700000|100%| O|  |TAMS 0x0000000085600000| PB 0x0000000085600000| Untracked 
|  87|0x0000000085700000, 0x0000000085800000, 0x0000000085800000|100%| O|  |TAMS 0x0000000085700000| PB 0x0000000085700000| Untracked 
|  88|0x0000000085800000, 0x0000000085900000, 0x0000000085900000|100%| O|  |TAMS 0x0000000085800000| PB 0x0000000085800000| Untracked 
|  89|0x0000000085900000, 0x0000000085a00000, 0x0000000085a00000|100%| O|  |TAMS 0x0000000085900000| PB 0x0000000085900000| Untracked 
|  90|0x0000000085a00000, 0x0000000085b00000, 0x0000000085b00000|100%| O|  |TAMS 0x0000000085a00000| PB 0x0000000085a00000| Untracked 
|  91|0x0000000085b00000, 0x0000000085c00000, 0x0000000085c00000|100%| O|  |TAMS 0x0000000085b00000| PB 0x0000000085b00000| Untracked 
|  92|0x0000000085c00000, 0x0000000085d00000, 0x0000000085d00000|100%| O|  |TAMS 0x0000000085c00000| PB 0x0000000085c00000| Untracked 
|  93|0x0000000085d00000, 0x0000000085e00000, 0x0000000085e00000|100%| O|  |TAMS 0x0000000085d00000| PB 0x0000000085d00000| Untracked 
|  94|0x0000000085e00000, 0x0000000085f00000, 0x0000000085f00000|100%| O|  |TAMS 0x0000000085e00000| PB 0x0000000085e00000| Untracked 
|  95|0x0000000085f00000, 0x0000000086000000, 0x0000000086000000|100%| O|  |TAMS 0x0000000085f00000| PB 0x0000000085f00000| Untracked 
|  96|0x0000000086000000, 0x0000000086100000, 0x0000000086100000|100%|HS|  |TAMS 0x0000000086000000| PB 0x0000000086000000| Complete 
|  97|0x0000000086100000, 0x0000000086200000, 0x0000000086200000|100%| O|  |TAMS 0x0000000086100000| PB 0x0000000086100000| Untracked 
|  98|0x0000000086200000, 0x0000000086300000, 0x0000000086300000|100%| O|  |TAMS 0x0000000086200000| PB 0x0000000086200000| Untracked 
|  99|0x0000000086300000, 0x0000000086400000, 0x0000000086400000|100%| O|  |TAMS 0x0000000086300000| PB 0x0000000086300000| Untracked 
| 100|0x0000000086400000, 0x0000000086500000, 0x0000000086500000|100%| O|  |TAMS 0x0000000086400000| PB 0x0000000086400000| Untracked 
| 101|0x0000000086500000, 0x0000000086600000, 0x0000000086600000|100%| O|  |TAMS 0x0000000086500000| PB 0x0000000086500000| Untracked 
| 102|0x0000000086600000, 0x0000000086700000, 0x0000000086700000|100%| O|  |TAMS 0x0000000086600000| PB 0x0000000086600000| Untracked 
| 103|0x0000000086700000, 0x0000000086800000, 0x0000000086800000|100%| O|  |TAMS 0x0000000086700000| PB 0x0000000086700000| Untracked 
| 104|0x0000000086800000, 0x0000000086900000, 0x0000000086900000|100%| O|  |TAMS 0x0000000086800000| PB 0x0000000086800000| Untracked 
| 105|0x0000000086900000, 0x0000000086a00000, 0x0000000086a00000|100%| O|  |TAMS 0x0000000086900000| PB 0x0000000086900000| Untracked 
| 106|0x0000000086a00000, 0x0000000086b00000, 0x0000000086b00000|100%| O|  |TAMS 0x0000000086a00000| PB 0x0000000086a00000| Untracked 
| 107|0x0000000086b00000, 0x0000000086b00000, 0x0000000086c00000|  0%| F|  |TAMS 0x0000000086b00000| PB 0x0000000086b00000| Untracked 
| 108|0x0000000086c00000, 0x0000000086d00000, 0x0000000086d00000|100%| O|  |TAMS 0x0000000086c00000| PB 0x0000000086c00000| Untracked 
| 109|0x0000000086d00000, 0x0000000086e00000, 0x0000000086e00000|100%| O|  |TAMS 0x0000000086d00000| PB 0x0000000086d00000| Untracked 
| 110|0x0000000086e00000, 0x0000000086f00000, 0x0000000086f00000|100%| O|  |TAMS 0x0000000086e00000| PB 0x0000000086e00000| Untracked 
| 111|0x0000000086f00000, 0x0000000087000000, 0x0000000087000000|100%| O|  |TAMS 0x0000000086f00000| PB 0x0000000086f00000| Untracked 
| 112|0x0000000087000000, 0x0000000087100000, 0x0000000087100000|100%|HS|  |TAMS 0x0000000087000000| PB 0x0000000087000000| Complete 
| 113|0x0000000087100000, 0x0000000087200000, 0x0000000087200000|100%|HC|  |TAMS 0x0000000087100000| PB 0x0000000087100000| Complete 
| 114|0x0000000087200000, 0x0000000087300000, 0x0000000087300000|100%| O|  |TAMS 0x0000000087200000| PB 0x0000000087200000| Untracked 
| 115|0x0000000087300000, 0x0000000087400000, 0x0000000087400000|100%| O|  |TAMS 0x0000000087300000| PB 0x0000000087300000| Untracked 
| 116|0x0000000087400000, 0x0000000087500000, 0x0000000087500000|100%| O|  |TAMS 0x0000000087400000| PB 0x0000000087400000| Untracked 
| 117|0x0000000087500000, 0x0000000087600000, 0x0000000087600000|100%| O|  |TAMS 0x0000000087500000| PB 0x0000000087500000| Untracked 
| 118|0x0000000087600000, 0x0000000087700000, 0x0000000087700000|100%| O|  |TAMS 0x0000000087600000| PB 0x0000000087600000| Untracked 
| 119|0x0000000087700000, 0x0000000087800000, 0x0000000087800000|100%|HS|  |TAMS 0x0000000087700000| PB 0x0000000087700000| Complete 
| 120|0x0000000087800000, 0x0000000087900000, 0x0000000087900000|100%|HC|  |TAMS 0x0000000087800000| PB 0x0000000087800000| Complete 
| 121|0x0000000087900000, 0x0000000087a00000, 0x0000000087a00000|100%|HS|  |TAMS 0x0000000087900000| PB 0x0000000087900000| Complete 
| 122|0x0000000087a00000, 0x0000000087b00000, 0x0000000087b00000|100%|HS|  |TAMS 0x0000000087a00000| PB 0x0000000087a00000| Complete 
| 123|0x0000000087b00000, 0x0000000087c00000, 0x0000000087c00000|100%|HS|  |TAMS 0x0000000087b00000| PB 0x0000000087b00000| Complete 
| 124|0x0000000087c00000, 0x0000000087d00000, 0x0000000087d00000|100%|HC|  |TAMS 0x0000000087c00000| PB 0x0000000087c00000| Complete 
| 125|0x0000000087d00000, 0x0000000087e00000, 0x0000000087e00000|100%|HC|  |TAMS 0x0000000087d00000| PB 0x0000000087d00000| Complete 
| 126|0x0000000087e00000, 0x0000000087f00000, 0x0000000087f00000|100%| O|  |TAMS 0x0000000087e00000| PB 0x0000000087e00000| Untracked 
| 127|0x0000000087f00000, 0x0000000088000000, 0x0000000088000000|100%| O|  |TAMS 0x0000000087f00000| PB 0x0000000087f00000| Untracked 
| 128|0x0000000088000000, 0x0000000088100000, 0x0000000088100000|100%| O|  |TAMS 0x0000000088000000| PB 0x0000000088000000| Untracked 
| 129|0x0000000088100000, 0x0000000088200000, 0x0000000088200000|100%|HS|  |TAMS 0x0000000088100000| PB 0x0000000088100000| Complete 
| 130|0x0000000088200000, 0x0000000088300000, 0x0000000088300000|100%|HC|  |TAMS 0x0000000088200000| PB 0x0000000088200000| Complete 
| 131|0x0000000088300000, 0x0000000088400000, 0x0000000088400000|100%| O|  |TAMS 0x0000000088300000| PB 0x0000000088300000| Untracked 
| 132|0x0000000088400000, 0x0000000088500000, 0x0000000088500000|100%| O|  |TAMS 0x0000000088400000| PB 0x0000000088400000| Untracked 
| 133|0x0000000088500000, 0x0000000088600000, 0x0000000088600000|100%| O|  |TAMS 0x0000000088500000| PB 0x0000000088500000| Untracked 
| 134|0x0000000088600000, 0x0000000088700000, 0x0000000088700000|100%| O|  |TAMS 0x0000000088600000| PB 0x0000000088600000| Untracked 
| 135|0x0000000088700000, 0x0000000088800000, 0x0000000088800000|100%| O|  |TAMS 0x0000000088700000| PB 0x0000000088700000| Untracked 
| 136|0x0000000088800000, 0x0000000088900000, 0x0000000088900000|100%| O|  |TAMS 0x0000000088800000| PB 0x0000000088800000| Untracked 
| 137|0x0000000088900000, 0x0000000088a00000, 0x0000000088a00000|100%| O|  |TAMS 0x0000000088900000| PB 0x0000000088900000| Untracked 
| 138|0x0000000088a00000, 0x0000000088b00000, 0x0000000088b00000|100%| O|  |TAMS 0x0000000088a00000| PB 0x0000000088a00000| Untracked 
| 139|0x0000000088b00000, 0x0000000088c00000, 0x0000000088c00000|100%| O|  |TAMS 0x0000000088b00000| PB 0x0000000088b00000| Untracked 
| 140|0x0000000088c00000, 0x0000000088d00000, 0x0000000088d00000|100%| O|  |TAMS 0x0000000088c00000| PB 0x0000000088c00000| Untracked 
| 141|0x0000000088d00000, 0x0000000088e00000, 0x0000000088e00000|100%| O|  |TAMS 0x0000000088d00000| PB 0x0000000088d00000| Untracked 
| 142|0x0000000088e00000, 0x0000000088f00000, 0x0000000088f00000|100%| O|  |TAMS 0x0000000088e00000| PB 0x0000000088e00000| Untracked 
| 143|0x0000000088f00000, 0x0000000089000000, 0x0000000089000000|100%| O|  |TAMS 0x0000000088f00000| PB 0x0000000088f00000| Untracked 
| 144|0x0000000089000000, 0x0000000089100000, 0x0000000089100000|100%| O|  |TAMS 0x0000000089000000| PB 0x0000000089000000| Untracked 
| 145|0x0000000089100000, 0x0000000089200000, 0x0000000089200000|100%| O|  |TAMS 0x0000000089100000| PB 0x0000000089100000| Untracked 
| 146|0x0000000089200000, 0x0000000089300000, 0x0000000089300000|100%| O|  |TAMS 0x0000000089200000| PB 0x0000000089200000| Untracked 
| 147|0x0000000089300000, 0x0000000089400000, 0x0000000089400000|100%| O|  |TAMS 0x0000000089300000| PB 0x0000000089300000| Untracked 
| 148|0x0000000089400000, 0x0000000089500000, 0x0000000089500000|100%| O|  |TAMS 0x0000000089400000| PB 0x0000000089400000| Untracked 
| 149|0x0000000089500000, 0x0000000089600000, 0x0000000089600000|100%| O|  |TAMS 0x0000000089500000| PB 0x0000000089500000| Untracked 
| 150|0x0000000089600000, 0x0000000089700000, 0x0000000089700000|100%| O|  |TAMS 0x0000000089600000| PB 0x0000000089600000| Untracked 
| 151|0x0000000089700000, 0x0000000089800000, 0x0000000089800000|100%| O|  |TAMS 0x0000000089700000| PB 0x0000000089700000| Untracked 
| 152|0x0000000089800000, 0x0000000089800000, 0x0000000089900000|  0%| F|  |TAMS 0x0000000089800000| PB 0x0000000089800000| Untracked 
| 153|0x0000000089900000, 0x0000000089900000, 0x0000000089a00000|  0%| F|  |TAMS 0x0000000089900000| PB 0x0000000089900000| Untracked 
| 154|0x0000000089a00000, 0x0000000089a00000, 0x0000000089b00000|  0%| F|  |TAMS 0x0000000089a00000| PB 0x0000000089a00000| Untracked 
| 155|0x0000000089b00000, 0x0000000089c00000, 0x0000000089c00000|100%| O|  |TAMS 0x0000000089b00000| PB 0x0000000089b00000| Untracked 
| 156|0x0000000089c00000, 0x0000000089d00000, 0x0000000089d00000|100%| O|  |TAMS 0x0000000089c00000| PB 0x0000000089c00000| Untracked 
| 157|0x0000000089d00000, 0x0000000089e00000, 0x0000000089e00000|100%| O|  |TAMS 0x0000000089d00000| PB 0x0000000089d00000| Untracked 
| 158|0x0000000089e00000, 0x0000000089f00000, 0x0000000089f00000|100%| O|  |TAMS 0x0000000089e00000| PB 0x0000000089e00000| Untracked 
| 159|0x0000000089f00000, 0x000000008a000000, 0x000000008a000000|100%| O|  |TAMS 0x0000000089f00000| PB 0x0000000089f00000| Untracked 
| 160|0x000000008a000000, 0x000000008a100000, 0x000000008a100000|100%| O|  |TAMS 0x000000008a000000| PB 0x000000008a000000| Untracked 
| 161|0x000000008a100000, 0x000000008a200000, 0x000000008a200000|100%| O|  |TAMS 0x000000008a100000| PB 0x000000008a100000| Untracked 
| 162|0x000000008a200000, 0x000000008a300000, 0x000000008a300000|100%| O|  |TAMS 0x000000008a200000| PB 0x000000008a200000| Untracked 
| 163|0x000000008a300000, 0x000000008a400000, 0x000000008a400000|100%| O|  |TAMS 0x000000008a300000| PB 0x000000008a300000| Untracked 
| 164|0x000000008a400000, 0x000000008a500000, 0x000000008a500000|100%| O|  |TAMS 0x000000008a400000| PB 0x000000008a400000| Untracked 
| 165|0x000000008a500000, 0x000000008a600000, 0x000000008a600000|100%| O|  |TAMS 0x000000008a500000| PB 0x000000008a500000| Untracked 
| 166|0x000000008a600000, 0x000000008a700000, 0x000000008a700000|100%| O|  |TAMS 0x000000008a600000| PB 0x000000008a600000| Untracked 
| 167|0x000000008a700000, 0x000000008a800000, 0x000000008a800000|100%|HS|  |TAMS 0x000000008a700000| PB 0x000000008a700000| Complete 
| 168|0x000000008a800000, 0x000000008a900000, 0x000000008a900000|100%|HC|  |TAMS 0x000000008a800000| PB 0x000000008a800000| Complete 
| 169|0x000000008a900000, 0x000000008aa00000, 0x000000008aa00000|100%| O|  |TAMS 0x000000008a900000| PB 0x000000008a900000| Untracked 
| 170|0x000000008aa00000, 0x000000008ab00000, 0x000000008ab00000|100%| O|  |TAMS 0x000000008aa00000| PB 0x000000008aa00000| Untracked 
| 171|0x000000008ab00000, 0x000000008ac00000, 0x000000008ac00000|100%| O|  |TAMS 0x000000008ab00000| PB 0x000000008ab00000| Untracked 
| 172|0x000000008ac00000, 0x000000008ad00000, 0x000000008ad00000|100%| O|  |TAMS 0x000000008ac00000| PB 0x000000008ac00000| Untracked 
| 173|0x000000008ad00000, 0x000000008ae00000, 0x000000008ae00000|100%| O|  |TAMS 0x000000008ad00000| PB 0x000000008ad00000| Untracked 
| 174|0x000000008ae00000, 0x000000008af00000, 0x000000008af00000|100%| O|  |TAMS 0x000000008ae00000| PB 0x000000008ae00000| Untracked 
| 175|0x000000008af00000, 0x000000008b000000, 0x000000008b000000|100%| O|  |TAMS 0x000000008af00000| PB 0x000000008af00000| Untracked 
| 176|0x000000008b000000, 0x000000008b100000, 0x000000008b100000|100%| O|  |TAMS 0x000000008b000000| PB 0x000000008b000000| Untracked 
| 177|0x000000008b100000, 0x000000008b200000, 0x000000008b200000|100%| O|  |TAMS 0x000000008b100000| PB 0x000000008b100000| Untracked 
| 178|0x000000008b200000, 0x000000008b300000, 0x000000008b300000|100%| O|  |TAMS 0x000000008b200000| PB 0x000000008b200000| Untracked 
| 179|0x000000008b300000, 0x000000008b400000, 0x000000008b400000|100%| O|  |TAMS 0x000000008b300000| PB 0x000000008b300000| Untracked 
| 180|0x000000008b400000, 0x000000008b500000, 0x000000008b500000|100%| O|  |TAMS 0x000000008b400000| PB 0x000000008b400000| Untracked 
| 181|0x000000008b500000, 0x000000008b600000, 0x000000008b600000|100%| O|  |TAMS 0x000000008b500000| PB 0x000000008b500000| Untracked 
| 182|0x000000008b600000, 0x000000008b700000, 0x000000008b700000|100%| O|  |TAMS 0x000000008b600000| PB 0x000000008b600000| Untracked 
| 183|0x000000008b700000, 0x000000008b800000, 0x000000008b800000|100%| O|  |TAMS 0x000000008b700000| PB 0x000000008b700000| Untracked 
| 184|0x000000008b800000, 0x000000008b900000, 0x000000008b900000|100%| O|  |TAMS 0x000000008b800000| PB 0x000000008b800000| Untracked 
| 185|0x000000008b900000, 0x000000008ba00000, 0x000000008ba00000|100%| O|  |TAMS 0x000000008b900000| PB 0x000000008b900000| Untracked 
| 186|0x000000008ba00000, 0x000000008bb00000, 0x000000008bb00000|100%|HS|  |TAMS 0x000000008ba00000| PB 0x000000008ba00000| Complete 
| 187|0x000000008bb00000, 0x000000008bc00000, 0x000000008bc00000|100%|HS|  |TAMS 0x000000008bb00000| PB 0x000000008bb00000| Complete 
| 188|0x000000008bc00000, 0x000000008bd00000, 0x000000008bd00000|100%| O|  |TAMS 0x000000008bc00000| PB 0x000000008bc00000| Untracked 
| 189|0x000000008bd00000, 0x000000008be00000, 0x000000008be00000|100%| O|  |TAMS 0x000000008bd00000| PB 0x000000008bd00000| Untracked 
| 190|0x000000008be00000, 0x000000008bf00000, 0x000000008bf00000|100%| O|  |TAMS 0x000000008be00000| PB 0x000000008be00000| Untracked 
| 191|0x000000008bf00000, 0x000000008c000000, 0x000000008c000000|100%| O|  |TAMS 0x000000008bf00000| PB 0x000000008bf00000| Untracked 
| 192|0x000000008c000000, 0x000000008c100000, 0x000000008c100000|100%| O|  |TAMS 0x000000008c000000| PB 0x000000008c000000| Untracked 
| 193|0x000000008c100000, 0x000000008c200000, 0x000000008c200000|100%| O|  |TAMS 0x000000008c100000| PB 0x000000008c100000| Untracked 
| 194|0x000000008c200000, 0x000000008c300000, 0x000000008c300000|100%| O|  |TAMS 0x000000008c200000| PB 0x000000008c200000| Untracked 
| 195|0x000000008c300000, 0x000000008c400000, 0x000000008c400000|100%| O|  |TAMS 0x000000008c300000| PB 0x000000008c300000| Untracked 
| 196|0x000000008c400000, 0x000000008c500000, 0x000000008c500000|100%| O|  |TAMS 0x000000008c400000| PB 0x000000008c400000| Untracked 
| 197|0x000000008c500000, 0x000000008c600000, 0x000000008c600000|100%| O|  |TAMS 0x000000008c500000| PB 0x000000008c500000| Untracked 
| 198|0x000000008c600000, 0x000000008c700000, 0x000000008c700000|100%| O|  |TAMS 0x000000008c600000| PB 0x000000008c600000| Untracked 
| 199|0x000000008c700000, 0x000000008c800000, 0x000000008c800000|100%| O|  |TAMS 0x000000008c700000| PB 0x000000008c700000| Untracked 
| 200|0x000000008c800000, 0x000000008c800000, 0x000000008c900000|  0%| F|  |TAMS 0x000000008c800000| PB 0x000000008c800000| Untracked 
| 201|0x000000008c900000, 0x000000008c900000, 0x000000008ca00000|  0%| F|  |TAMS 0x000000008c900000| PB 0x000000008c900000| Untracked 
| 202|0x000000008ca00000, 0x000000008ca00000, 0x000000008cb00000|  0%| F|  |TAMS 0x000000008ca00000| PB 0x000000008ca00000| Untracked 
| 203|0x000000008cb00000, 0x000000008cb00000, 0x000000008cc00000|  0%| F|  |TAMS 0x000000008cb00000| PB 0x000000008cb00000| Untracked 
| 204|0x000000008cc00000, 0x000000008cc00000, 0x000000008cd00000|  0%| F|  |TAMS 0x000000008cc00000| PB 0x000000008cc00000| Untracked 
| 205|0x000000008cd00000, 0x000000008cd00000, 0x000000008ce00000|  0%| F|  |TAMS 0x000000008cd00000| PB 0x000000008cd00000| Untracked 
| 206|0x000000008ce00000, 0x000000008ce00000, 0x000000008cf00000|  0%| F|  |TAMS 0x000000008ce00000| PB 0x000000008ce00000| Untracked 
| 207|0x000000008cf00000, 0x000000008cf00000, 0x000000008d000000|  0%| F|  |TAMS 0x000000008cf00000| PB 0x000000008cf00000| Untracked 
| 208|0x000000008d000000, 0x000000008d000000, 0x000000008d100000|  0%| F|  |TAMS 0x000000008d000000| PB 0x000000008d000000| Untracked 
| 209|0x000000008d100000, 0x000000008d200000, 0x000000008d200000|100%| O|  |TAMS 0x000000008d100000| PB 0x000000008d100000| Untracked 
| 210|0x000000008d200000, 0x000000008d300000, 0x000000008d300000|100%| O|  |TAMS 0x000000008d200000| PB 0x000000008d200000| Untracked 
| 211|0x000000008d300000, 0x000000008d400000, 0x000000008d400000|100%| O|  |TAMS 0x000000008d300000| PB 0x000000008d300000| Untracked 
| 212|0x000000008d400000, 0x000000008d500000, 0x000000008d500000|100%| O|  |TAMS 0x000000008d400000| PB 0x000000008d400000| Untracked 
| 213|0x000000008d500000, 0x000000008d600000, 0x000000008d600000|100%| O|  |TAMS 0x000000008d500000| PB 0x000000008d500000| Untracked 
| 214|0x000000008d600000, 0x000000008d600000, 0x000000008d700000|  0%| F|  |TAMS 0x000000008d600000| PB 0x000000008d600000| Untracked 
| 215|0x000000008d700000, 0x000000008d700000, 0x000000008d800000|  0%| F|  |TAMS 0x000000008d700000| PB 0x000000008d700000| Untracked 
| 216|0x000000008d800000, 0x000000008d800000, 0x000000008d900000|  0%| F|  |TAMS 0x000000008d800000| PB 0x000000008d800000| Untracked 
| 217|0x000000008d900000, 0x000000008d900000, 0x000000008da00000|  0%| F|  |TAMS 0x000000008d900000| PB 0x000000008d900000| Untracked 
| 218|0x000000008da00000, 0x000000008da00000, 0x000000008db00000|  0%| F|  |TAMS 0x000000008da00000| PB 0x000000008da00000| Untracked 
| 219|0x000000008db00000, 0x000000008db00000, 0x000000008dc00000|  0%| F|  |TAMS 0x000000008db00000| PB 0x000000008db00000| Untracked 
| 220|0x000000008dc00000, 0x000000008dc00000, 0x000000008dd00000|  0%| F|  |TAMS 0x000000008dc00000| PB 0x000000008dc00000| Untracked 
| 221|0x000000008dd00000, 0x000000008dd00000, 0x000000008de00000|  0%| F|  |TAMS 0x000000008dd00000| PB 0x000000008dd00000| Untracked 
| 222|0x000000008de00000, 0x000000008de00000, 0x000000008df00000|  0%| F|  |TAMS 0x000000008de00000| PB 0x000000008de00000| Untracked 
| 223|0x000000008df00000, 0x000000008e000000, 0x000000008e000000|100%| O|  |TAMS 0x000000008df00000| PB 0x000000008df00000| Untracked 
| 224|0x000000008e000000, 0x000000008e100000, 0x000000008e100000|100%| O|  |TAMS 0x000000008e000000| PB 0x000000008e000000| Untracked 
| 225|0x000000008e100000, 0x000000008e200000, 0x000000008e200000|100%| O|  |TAMS 0x000000008e100000| PB 0x000000008e100000| Untracked 
| 226|0x000000008e200000, 0x000000008e300000, 0x000000008e300000|100%| S|CS|TAMS 0x000000008e200000| PB 0x000000008e200000| Complete 
| 227|0x000000008e300000, 0x000000008e400000, 0x000000008e400000|100%| S|CS|TAMS 0x000000008e300000| PB 0x000000008e300000| Complete 
| 228|0x000000008e400000, 0x000000008e500000, 0x000000008e500000|100%| S|CS|TAMS 0x000000008e400000| PB 0x000000008e400000| Complete 
| 229|0x000000008e500000, 0x000000008e600000, 0x000000008e600000|100%| S|CS|TAMS 0x000000008e500000| PB 0x000000008e500000| Complete 
| 230|0x000000008e600000, 0x000000008e700000, 0x000000008e700000|100%| S|CS|TAMS 0x000000008e600000| PB 0x000000008e600000| Complete 
| 231|0x000000008e700000, 0x000000008e800000, 0x000000008e800000|100%| S|CS|TAMS 0x000000008e700000| PB 0x000000008e700000| Complete 
| 232|0x000000008e800000, 0x000000008e900000, 0x000000008e900000|100%| S|CS|TAMS 0x000000008e800000| PB 0x000000008e800000| Complete 
| 233|0x000000008e900000, 0x000000008ea00000, 0x000000008ea00000|100%| S|CS|TAMS 0x000000008e900000| PB 0x000000008e900000| Complete 
| 234|0x000000008ea00000, 0x000000008eb00000, 0x000000008eb00000|100%| S|CS|TAMS 0x000000008ea00000| PB 0x000000008ea00000| Complete 
| 235|0x000000008eb00000, 0x000000008ec00000, 0x000000008ec00000|100%| S|CS|TAMS 0x000000008eb00000| PB 0x000000008eb00000| Complete 
| 236|0x000000008ec00000, 0x000000008ed00000, 0x000000008ed00000|100%| S|CS|TAMS 0x000000008ec00000| PB 0x000000008ec00000| Complete 
| 237|0x000000008ed00000, 0x000000008ee00000, 0x000000008ee00000|100%| S|CS|TAMS 0x000000008ed00000| PB 0x000000008ed00000| Complete 
| 238|0x000000008ee00000, 0x000000008ef00000, 0x000000008ef00000|100%| S|CS|TAMS 0x000000008ee00000| PB 0x000000008ee00000| Complete 
| 239|0x000000008ef00000, 0x000000008f000000, 0x000000008f000000|100%| S|CS|TAMS 0x000000008ef00000| PB 0x000000008ef00000| Complete 
| 240|0x000000008f000000, 0x000000008f100000, 0x000000008f100000|100%| S|CS|TAMS 0x000000008f000000| PB 0x000000008f000000| Complete 
| 241|0x000000008f100000, 0x000000008f200000, 0x000000008f200000|100%| S|CS|TAMS 0x000000008f100000| PB 0x000000008f100000| Complete 
| 242|0x000000008f200000, 0x000000008f200000, 0x000000008f300000|  0%| F|  |TAMS 0x000000008f200000| PB 0x000000008f200000| Untracked 
| 243|0x000000008f300000, 0x000000008f300000, 0x000000008f400000|  0%| F|  |TAMS 0x000000008f300000| PB 0x000000008f300000| Untracked 
| 244|0x000000008f400000, 0x000000008f400000, 0x000000008f500000|  0%| F|  |TAMS 0x000000008f400000| PB 0x000000008f400000| Untracked 
| 245|0x000000008f500000, 0x000000008f500000, 0x000000008f600000|  0%| F|  |TAMS 0x000000008f500000| PB 0x000000008f500000| Untracked 
| 246|0x000000008f600000, 0x000000008f600000, 0x000000008f700000|  0%| F|  |TAMS 0x000000008f600000| PB 0x000000008f600000| Untracked 
| 247|0x000000008f700000, 0x000000008f700000, 0x000000008f800000|  0%| F|  |TAMS 0x000000008f700000| PB 0x000000008f700000| Untracked 
| 248|0x000000008f800000, 0x000000008f800000, 0x000000008f900000|  0%| F|  |TAMS 0x000000008f800000| PB 0x000000008f800000| Untracked 
| 249|0x000000008f900000, 0x000000008f900000, 0x000000008fa00000|  0%| F|  |TAMS 0x000000008f900000| PB 0x000000008f900000| Untracked 
| 250|0x000000008fa00000, 0x000000008fa00000, 0x000000008fb00000|  0%| F|  |TAMS 0x000000008fa00000| PB 0x000000008fa00000| Untracked 
| 251|0x000000008fb00000, 0x000000008fb00000, 0x000000008fc00000|  0%| F|  |TAMS 0x000000008fb00000| PB 0x000000008fb00000| Untracked 
| 252|0x000000008fc00000, 0x000000008fc00000, 0x000000008fd00000|  0%| F|  |TAMS 0x000000008fc00000| PB 0x000000008fc00000| Untracked 
| 253|0x000000008fd00000, 0x000000008fd00000, 0x000000008fe00000|  0%| F|  |TAMS 0x000000008fd00000| PB 0x000000008fd00000| Untracked 
| 254|0x000000008fe00000, 0x000000008fe00000, 0x000000008ff00000|  0%| F|  |TAMS 0x000000008fe00000| PB 0x000000008fe00000| Untracked 
| 255|0x000000008ff00000, 0x000000008ff00000, 0x0000000090000000|  0%| F|  |TAMS 0x000000008ff00000| PB 0x000000008ff00000| Untracked 
| 256|0x0000000090000000, 0x0000000090000000, 0x0000000090100000|  0%| F|  |TAMS 0x0000000090000000| PB 0x0000000090000000| Untracked 
| 257|0x0000000090100000, 0x0000000090100000, 0x0000000090200000|  0%| F|  |TAMS 0x0000000090100000| PB 0x0000000090100000| Untracked 
| 258|0x0000000090200000, 0x0000000090200000, 0x0000000090300000|  0%| F|  |TAMS 0x0000000090200000| PB 0x0000000090200000| Untracked 
| 259|0x0000000090300000, 0x0000000090300000, 0x0000000090400000|  0%| F|  |TAMS 0x0000000090300000| PB 0x0000000090300000| Untracked 
| 260|0x0000000090400000, 0x0000000090400000, 0x0000000090500000|  0%| F|  |TAMS 0x0000000090400000| PB 0x0000000090400000| Untracked 
| 261|0x0000000090500000, 0x0000000090500000, 0x0000000090600000|  0%| F|  |TAMS 0x0000000090500000| PB 0x0000000090500000| Untracked 
| 262|0x0000000090600000, 0x0000000090600000, 0x0000000090700000|  0%| F|  |TAMS 0x0000000090600000| PB 0x0000000090600000| Untracked 
| 263|0x0000000090700000, 0x0000000090700000, 0x0000000090800000|  0%| F|  |TAMS 0x0000000090700000| PB 0x0000000090700000| Untracked 
| 264|0x0000000090800000, 0x0000000090800000, 0x0000000090900000|  0%| F|  |TAMS 0x0000000090800000| PB 0x0000000090800000| Untracked 
| 265|0x0000000090900000, 0x0000000090900000, 0x0000000090a00000|  0%| F|  |TAMS 0x0000000090900000| PB 0x0000000090900000| Untracked 
| 266|0x0000000090a00000, 0x0000000090a00000, 0x0000000090b00000|  0%| F|  |TAMS 0x0000000090a00000| PB 0x0000000090a00000| Untracked 
| 267|0x0000000090b00000, 0x0000000090b00000, 0x0000000090c00000|  0%| F|  |TAMS 0x0000000090b00000| PB 0x0000000090b00000| Untracked 
| 268|0x0000000090c00000, 0x0000000090c00000, 0x0000000090d00000|  0%| F|  |TAMS 0x0000000090c00000| PB 0x0000000090c00000| Untracked 
| 269|0x0000000090d00000, 0x0000000090d00000, 0x0000000090e00000|  0%| F|  |TAMS 0x0000000090d00000| PB 0x0000000090d00000| Untracked 
| 270|0x0000000090e00000, 0x0000000090e00000, 0x0000000090f00000|  0%| F|  |TAMS 0x0000000090e00000| PB 0x0000000090e00000| Untracked 
| 271|0x0000000090f00000, 0x0000000090f00000, 0x0000000091000000|  0%| F|  |TAMS 0x0000000090f00000| PB 0x0000000090f00000| Untracked 
| 272|0x0000000091000000, 0x0000000091000000, 0x0000000091100000|  0%| F|  |TAMS 0x0000000091000000| PB 0x0000000091000000| Untracked 
| 273|0x0000000091100000, 0x0000000091100000, 0x0000000091200000|  0%| F|  |TAMS 0x0000000091100000| PB 0x0000000091100000| Untracked 
| 274|0x0000000091200000, 0x0000000091200000, 0x0000000091300000|  0%| F|  |TAMS 0x0000000091200000| PB 0x0000000091200000| Untracked 
| 275|0x0000000091300000, 0x0000000091300000, 0x0000000091400000|  0%| F|  |TAMS 0x0000000091300000| PB 0x0000000091300000| Untracked 
| 276|0x0000000091400000, 0x0000000091400000, 0x0000000091500000|  0%| F|  |TAMS 0x0000000091400000| PB 0x0000000091400000| Untracked 
| 277|0x0000000091500000, 0x0000000091500000, 0x0000000091600000|  0%| F|  |TAMS 0x0000000091500000| PB 0x0000000091500000| Untracked 
| 278|0x0000000091600000, 0x0000000091600000, 0x0000000091700000|  0%| F|  |TAMS 0x0000000091600000| PB 0x0000000091600000| Untracked 
| 279|0x0000000091700000, 0x0000000091700000, 0x0000000091800000|  0%| F|  |TAMS 0x0000000091700000| PB 0x0000000091700000| Untracked 
| 280|0x0000000091800000, 0x0000000091800000, 0x0000000091900000|  0%| F|  |TAMS 0x0000000091800000| PB 0x0000000091800000| Untracked 
| 281|0x0000000091900000, 0x0000000091900000, 0x0000000091a00000|  0%| F|  |TAMS 0x0000000091900000| PB 0x0000000091900000| Untracked 
| 282|0x0000000091a00000, 0x0000000091a00000, 0x0000000091b00000|  0%| F|  |TAMS 0x0000000091a00000| PB 0x0000000091a00000| Untracked 
| 283|0x0000000091b00000, 0x0000000091b00000, 0x0000000091c00000|  0%| F|  |TAMS 0x0000000091b00000| PB 0x0000000091b00000| Untracked 
| 284|0x0000000091c00000, 0x0000000091c00000, 0x0000000091d00000|  0%| F|  |TAMS 0x0000000091c00000| PB 0x0000000091c00000| Untracked 
| 285|0x0000000091d00000, 0x0000000091d00000, 0x0000000091e00000|  0%| F|  |TAMS 0x0000000091d00000| PB 0x0000000091d00000| Untracked 
| 286|0x0000000091e00000, 0x0000000091e00000, 0x0000000091f00000|  0%| F|  |TAMS 0x0000000091e00000| PB 0x0000000091e00000| Untracked 
| 287|0x0000000091f00000, 0x0000000091f00000, 0x0000000092000000|  0%| F|  |TAMS 0x0000000091f00000| PB 0x0000000091f00000| Untracked 
| 288|0x0000000092000000, 0x0000000092000000, 0x0000000092100000|  0%| F|  |TAMS 0x0000000092000000| PB 0x0000000092000000| Untracked 
| 289|0x0000000092100000, 0x0000000092100000, 0x0000000092200000|  0%| F|  |TAMS 0x0000000092100000| PB 0x0000000092100000| Untracked 
| 290|0x0000000092200000, 0x0000000092200000, 0x0000000092300000|  0%| F|  |TAMS 0x0000000092200000| PB 0x0000000092200000| Untracked 
| 291|0x0000000092300000, 0x0000000092300000, 0x0000000092400000|  0%| F|  |TAMS 0x0000000092300000| PB 0x0000000092300000| Untracked 
| 292|0x0000000092400000, 0x0000000092400000, 0x0000000092500000|  0%| F|  |TAMS 0x0000000092400000| PB 0x0000000092400000| Untracked 
| 293|0x0000000092500000, 0x0000000092500000, 0x0000000092600000|  0%| F|  |TAMS 0x0000000092500000| PB 0x0000000092500000| Untracked 
| 294|0x0000000092600000, 0x0000000092600000, 0x0000000092700000|  0%| F|  |TAMS 0x0000000092600000| PB 0x0000000092600000| Untracked 
| 295|0x0000000092700000, 0x0000000092700000, 0x0000000092800000|  0%| F|  |TAMS 0x0000000092700000| PB 0x0000000092700000| Untracked 
| 296|0x0000000092800000, 0x0000000092800000, 0x0000000092900000|  0%| F|  |TAMS 0x0000000092800000| PB 0x0000000092800000| Untracked 
| 297|0x0000000092900000, 0x0000000092900000, 0x0000000092a00000|  0%| F|  |TAMS 0x0000000092900000| PB 0x0000000092900000| Untracked 
| 298|0x0000000092a00000, 0x0000000092a00000, 0x0000000092b00000|  0%| F|  |TAMS 0x0000000092a00000| PB 0x0000000092a00000| Untracked 
| 299|0x0000000092b00000, 0x0000000092b00000, 0x0000000092c00000|  0%| F|  |TAMS 0x0000000092b00000| PB 0x0000000092b00000| Untracked 
| 300|0x0000000092c00000, 0x0000000092c00000, 0x0000000092d00000|  0%| F|  |TAMS 0x0000000092c00000| PB 0x0000000092c00000| Untracked 
| 301|0x0000000092d00000, 0x0000000092d00000, 0x0000000092e00000|  0%| F|  |TAMS 0x0000000092d00000| PB 0x0000000092d00000| Untracked 
| 302|0x0000000092e00000, 0x0000000092e00000, 0x0000000092f00000|  0%| F|  |TAMS 0x0000000092e00000| PB 0x0000000092e00000| Untracked 
| 303|0x0000000092f00000, 0x0000000092f00000, 0x0000000093000000|  0%| F|  |TAMS 0x0000000092f00000| PB 0x0000000092f00000| Untracked 
| 304|0x0000000093000000, 0x0000000093000000, 0x0000000093100000|  0%| F|  |TAMS 0x0000000093000000| PB 0x0000000093000000| Untracked 
| 305|0x0000000093100000, 0x0000000093100000, 0x0000000093200000|  0%| F|  |TAMS 0x0000000093100000| PB 0x0000000093100000| Untracked 
| 306|0x0000000093200000, 0x0000000093200000, 0x0000000093300000|  0%| F|  |TAMS 0x0000000093200000| PB 0x0000000093200000| Untracked 
| 307|0x0000000093300000, 0x0000000093300000, 0x0000000093400000|  0%| F|  |TAMS 0x0000000093300000| PB 0x0000000093300000| Untracked 
| 308|0x0000000093400000, 0x0000000093400000, 0x0000000093500000|  0%| F|  |TAMS 0x0000000093400000| PB 0x0000000093400000| Untracked 
| 309|0x0000000093500000, 0x0000000093500000, 0x0000000093600000|  0%| F|  |TAMS 0x0000000093500000| PB 0x0000000093500000| Untracked 
| 310|0x0000000093600000, 0x0000000093600000, 0x0000000093700000|  0%| F|  |TAMS 0x0000000093600000| PB 0x0000000093600000| Untracked 
| 311|0x0000000093700000, 0x0000000093700000, 0x0000000093800000|  0%| F|  |TAMS 0x0000000093700000| PB 0x0000000093700000| Untracked 
| 312|0x0000000093800000, 0x0000000093800000, 0x0000000093900000|  0%| F|  |TAMS 0x0000000093800000| PB 0x0000000093800000| Untracked 
| 313|0x0000000093900000, 0x0000000093900000, 0x0000000093a00000|  0%| F|  |TAMS 0x0000000093900000| PB 0x0000000093900000| Untracked 
| 314|0x0000000093a00000, 0x0000000093a00000, 0x0000000093b00000|  0%| F|  |TAMS 0x0000000093a00000| PB 0x0000000093a00000| Untracked 
| 315|0x0000000093b00000, 0x0000000093b00000, 0x0000000093c00000|  0%| F|  |TAMS 0x0000000093b00000| PB 0x0000000093b00000| Untracked 
| 316|0x0000000093c00000, 0x0000000093c00000, 0x0000000093d00000|  0%| F|  |TAMS 0x0000000093c00000| PB 0x0000000093c00000| Untracked 
| 317|0x0000000093d00000, 0x0000000093d00000, 0x0000000093e00000|  0%| F|  |TAMS 0x0000000093d00000| PB 0x0000000093d00000| Untracked 
| 318|0x0000000093e00000, 0x0000000093e00000, 0x0000000093f00000|  0%| F|  |TAMS 0x0000000093e00000| PB 0x0000000093e00000| Untracked 
| 319|0x0000000093f00000, 0x0000000093f00000, 0x0000000094000000|  0%| F|  |TAMS 0x0000000093f00000| PB 0x0000000093f00000| Untracked 
| 320|0x0000000094000000, 0x0000000094000000, 0x0000000094100000|  0%| F|  |TAMS 0x0000000094000000| PB 0x0000000094000000| Untracked 
| 321|0x0000000094100000, 0x0000000094100000, 0x0000000094200000|  0%| F|  |TAMS 0x0000000094100000| PB 0x0000000094100000| Untracked 
| 322|0x0000000094200000, 0x0000000094200000, 0x0000000094300000|  0%| F|  |TAMS 0x0000000094200000| PB 0x0000000094200000| Untracked 
| 323|0x0000000094300000, 0x0000000094300000, 0x0000000094400000|  0%| F|  |TAMS 0x0000000094300000| PB 0x0000000094300000| Untracked 
| 324|0x0000000094400000, 0x0000000094400000, 0x0000000094500000|  0%| F|  |TAMS 0x0000000094400000| PB 0x0000000094400000| Untracked 
| 325|0x0000000094500000, 0x0000000094500000, 0x0000000094600000|  0%| F|  |TAMS 0x0000000094500000| PB 0x0000000094500000| Untracked 
| 326|0x0000000094600000, 0x0000000094600000, 0x0000000094700000|  0%| F|  |TAMS 0x0000000094600000| PB 0x0000000094600000| Untracked 
| 327|0x0000000094700000, 0x0000000094700000, 0x0000000094800000|  0%| F|  |TAMS 0x0000000094700000| PB 0x0000000094700000| Untracked 
| 328|0x0000000094800000, 0x0000000094800000, 0x0000000094900000|  0%| F|  |TAMS 0x0000000094800000| PB 0x0000000094800000| Untracked 
| 329|0x0000000094900000, 0x0000000094900000, 0x0000000094a00000|  0%| F|  |TAMS 0x0000000094900000| PB 0x0000000094900000| Untracked 
| 330|0x0000000094a00000, 0x0000000094a00000, 0x0000000094b00000|  0%| F|  |TAMS 0x0000000094a00000| PB 0x0000000094a00000| Untracked 
| 331|0x0000000094b00000, 0x0000000094b00000, 0x0000000094c00000|  0%| F|  |TAMS 0x0000000094b00000| PB 0x0000000094b00000| Untracked 
| 332|0x0000000094c00000, 0x0000000094c00000, 0x0000000094d00000|  0%| F|  |TAMS 0x0000000094c00000| PB 0x0000000094c00000| Untracked 
| 333|0x0000000094d00000, 0x0000000094d00000, 0x0000000094e00000|  0%| F|  |TAMS 0x0000000094d00000| PB 0x0000000094d00000| Untracked 
| 334|0x0000000094e00000, 0x0000000094e00000, 0x0000000094f00000|  0%| F|  |TAMS 0x0000000094e00000| PB 0x0000000094e00000| Untracked 
| 335|0x0000000094f00000, 0x0000000094f00000, 0x0000000095000000|  0%| F|  |TAMS 0x0000000094f00000| PB 0x0000000094f00000| Untracked 
| 336|0x0000000095000000, 0x0000000095000000, 0x0000000095100000|  0%| F|  |TAMS 0x0000000095000000| PB 0x0000000095000000| Untracked 
| 337|0x0000000095100000, 0x0000000095100000, 0x0000000095200000|  0%| F|  |TAMS 0x0000000095100000| PB 0x0000000095100000| Untracked 
| 338|0x0000000095200000, 0x0000000095200000, 0x0000000095300000|  0%| F|  |TAMS 0x0000000095200000| PB 0x0000000095200000| Untracked 
| 339|0x0000000095300000, 0x0000000095300000, 0x0000000095400000|  0%| F|  |TAMS 0x0000000095300000| PB 0x0000000095300000| Untracked 
| 340|0x0000000095400000, 0x0000000095400000, 0x0000000095500000|  0%| F|  |TAMS 0x0000000095400000| PB 0x0000000095400000| Untracked 
| 341|0x0000000095500000, 0x0000000095500000, 0x0000000095600000|  0%| F|  |TAMS 0x0000000095500000| PB 0x0000000095500000| Untracked 
| 342|0x0000000095600000, 0x0000000095600000, 0x0000000095700000|  0%| F|  |TAMS 0x0000000095600000| PB 0x0000000095600000| Untracked 
| 343|0x0000000095700000, 0x0000000095700000, 0x0000000095800000|  0%| F|  |TAMS 0x0000000095700000| PB 0x0000000095700000| Untracked 
| 344|0x0000000095800000, 0x0000000095800000, 0x0000000095900000|  0%| F|  |TAMS 0x0000000095800000| PB 0x0000000095800000| Untracked 
| 345|0x0000000095900000, 0x0000000095900000, 0x0000000095a00000|  0%| F|  |TAMS 0x0000000095900000| PB 0x0000000095900000| Untracked 
|2042|0x00000000ffa00000, 0x00000000ffb00000, 0x00000000ffb00000|100%| O|  |TAMS 0x00000000ffa00000| PB 0x00000000ffa00000| Untracked 
|2043|0x00000000ffb00000, 0x00000000ffc00000, 0x00000000ffc00000|100%| O|  |TAMS 0x00000000ffb00000| PB 0x00000000ffb00000| Untracked 
|2044|0x00000000ffc00000, 0x00000000ffd00000, 0x00000000ffd00000|100%| O|  |TAMS 0x00000000ffc00000| PB 0x00000000ffc00000| Untracked 
|2045|0x00000000ffd00000, 0x00000000ffe00000, 0x00000000ffe00000|100%| O|  |TAMS 0x00000000ffd00000| PB 0x00000000ffd00000| Untracked 
|2046|0x00000000ffe00000, 0x00000000fff00000, 0x00000000fff00000|100%| O|  |TAMS 0x00000000ffe00000| PB 0x00000000ffe00000| Untracked 
|2047|0x00000000fff00000, 0x0000000100000000, 0x0000000100000000|100%| O|  |TAMS 0x00000000fff00000| PB 0x00000000fff00000| Untracked 

Card table byte_map: [0x000002e1b53f0000,0x000002e1b57f0000] _byte_map_base: 0x000002e1b4ff0000

Marking Bits: (CMBitMap*) 0x000002e1a28aa990
 Bits: [0x000002e1b57f0000, 0x000002e1b77f0000)

Polling page: 0x000002e1a06f0000

Metaspace:

Usage:
  Non-class:     22.56 MB used.
      Class:      2.50 MB used.
       Both:     25.05 MB used.

Virtual space:
  Non-class space:       64.00 MB reserved,      22.69 MB ( 35%) committed,  1 nodes.
      Class space:        1.00 GB reserved,       2.62 MB ( <1%) committed,  1 nodes.
             Both:        1.06 GB reserved,      25.31 MB (  2%) committed. 

Chunk freelists:
   Non-Class:  9.30 MB
       Class:  13.27 MB
        Both:  22.56 MB

MaxMetaspaceSize: unlimited
CompressedClassSpaceSize: 1.00 GB
Initial GC threshold: 21.00 MB
Current GC threshold: 42.12 MB
CDS: off
 - commit_granule_bytes: 65536.
 - commit_granule_words: 8192.
 - virtual_space_node_default_size: 8388608.
 - enlarge_chunks_in_place: 1.
 - use_allocation_guard: 0.


Internal statistics:

num_allocs_failed_limit: 3.
num_arena_births: 182.
num_arena_deaths: 0.
num_vsnodes_births: 2.
num_vsnodes_deaths: 0.
num_space_committed: 404.
num_space_uncommitted: 0.
num_chunks_returned_to_freelist: 3.
num_chunks_taken_from_freelist: 612.
num_chunk_merges: 3.
num_chunk_splits: 386.
num_chunks_enlarged: 266.
num_inconsistent_stats: 0.

CodeHeap 'non-profiled nmethods': size=119168Kb used=3692Kb max_used=3892Kb free=115475Kb
 bounds [0x000002e1acdb0000, 0x000002e1ad1c0000, 0x000002e1b4210000]
CodeHeap 'profiled nmethods': size=119104Kb used=5357Kb max_used=8501Kb free=113746Kb
 bounds [0x000002e1a5210000, 0x000002e1a5a60000, 0x000002e1ac660000]
CodeHeap 'non-nmethods': size=7488Kb used=3181Kb max_used=3267Kb free=4306Kb
 bounds [0x000002e1ac660000, 0x000002e1ac9a0000, 0x000002e1acdb0000]
CodeCache: size=245760Kb, used=12230Kb, max_used=15660Kb, free=233527Kb
 total_blobs=3830, nmethods=3260, adapters=471, full_count=0
Compilation: enabled, stopped_count=0, restarted_count=0

Compilation events (20 events):
Event: 4.036 Thread 0x000002e1bf0f4320 nmethod 4453 0x000002e1a5240010 code [0x000002e1a5240260, 0x000002e1a5240ad0]
Event: 4.036 Thread 0x000002e1bf0f5e60 nmethod 4454 0x000002e1a536df90 code [0x000002e1a536e140, 0x000002e1a536e280]
Event: 4.036 Thread 0x000002e1bf0f3580 4455       3       org.languagetool.tokenizers.nl.DutchWordTokenizer::tokenize (314 bytes)
Event: 4.038 Thread 0x000002e1bf0f27e0 4456       4       org.languagetool.tokenizers.nl.DutchWordTokenizer::startsWithQuote (43 bytes)
Event: 4.038 Thread 0x000002e1bf0f3580 nmethod 4455 0x000002e1a55b2390 code [0x000002e1a55b29e0, 0x000002e1a55b6200]
Event: 4.038 Thread 0x000002e1c0f37ee0 4457 %s    4       org.languagetool.rules.spelling.SpellingCheckRule::init @ 17 (314 bytes)
Event: 4.039 Thread 0x000002e1bf0f49f0 nmethod 4441 0x000002e1acfe6890 code [0x000002e1acfe6a40, 0x000002e1acfe6f68]
Event: 4.039 Thread 0x000002e1bf0f50c0 4458       4       org.languagetool.tokenizers.nl.DutchWordTokenizer::endsWithQuote (43 bytes)
Event: 4.041 Thread 0x000002e1bf0f49f0 4459   !   4       org.languagetool.broker.DefaultResourceDataBroker::getFromResourceDirAsLines (172 bytes)
Event: 4.046 Thread 0x000002e1bf0f3c50 nmethod 4443 0x000002e1acec5310 code [0x000002e1acec55e0, 0x000002e1acec6300]
Event: 4.048 Thread 0x000002e1bf0e78d0 nmethod 4439% 0x000002e1ad083a90 code [0x000002e1ad083cc0, 0x000002e1ad0849a8]
Event: 4.049 Thread 0x000002e1bf0f27e0 nmethod 4456 0x000002e1ace00b90 code [0x000002e1ace00d40, 0x000002e1ace011f8]
Event: 4.051 Thread 0x000002e1bf0f50c0 nmethod 4458 0x000002e1ad05c590 code [0x000002e1ad05c740, 0x000002e1ad05cc58]
Event: 4.058 Thread 0x000002e1bf0f5790 nmethod 4446 0x000002e1ad017a90 code [0x000002e1ad017dc0, 0x000002e1ad019668]
Event: 4.060 Thread 0x000002e1bf0f3c50 4460 %     4       org.languagetool.rules.spelling.CachingWordListLoader$1::load @ 40 (111 bytes)
Event: 4.065 Thread 0x000002e1bf0f5e60 4461       1       com.google.common.cache.LocalCache$StrongEntry::setValueReference (6 bytes)
Event: 4.065 Thread 0x000002e1bf0f5e60 nmethod 4461 0x000002e1acf74690 code [0x000002e1acf74820, 0x000002e1acf74938]
Event: 4.066 Thread 0x000002e1bf0f50c0 4462       4       org.languagetool.tokenizers.nl.DutchWordTokenizer::tokenize (314 bytes)
Event: 4.067 Thread 0x000002e1bf0f49f0 nmethod 4459 0x000002e1acf20810 code [0x000002e1acf20ca0, 0x000002e1acf22e38]
Event: 4.076 Thread 0x000002e1bf0f3c50 nmethod 4460% 0x000002e1acf7a190 code [0x000002e1acf7a420, 0x000002e1acf7b698]

GC Heap History (20 events):
Event: 2.269 GC heap after
{Heap after GC invocations=14 (full 0):
 garbage-first heap   total 182272K, used 108032K [0x0000000080000000, 0x0000000100000000)
  region size 1024K, 8 young (8192K), 8 survivors (8192K)
 Metaspace       used 24117K, committed 24320K, reserved 1114112K
  class space    used 2328K, committed 2432K, reserved 1048576K
}
Event: 2.319 GC heap before
{Heap before GC invocations=15 (full 0):
 garbage-first heap   total 182272K, used 155136K [0x0000000080000000, 0x0000000100000000)
  region size 1024K, 57 young (58368K), 8 survivors (8192K)
 Metaspace       used 24128K, committed 24320K, reserved 1114112K
  class space    used 2329K, committed 2432K, reserved 1048576K
}
Event: 2.326 GC heap after
{Heap after GC invocations=16 (full 0):
 garbage-first heap   total 352256K, used 112473K [0x0000000080000000, 0x0000000100000000)
  region size 1024K, 7 young (7168K), 7 survivors (7168K)
 Metaspace       used 24128K, committed 24320K, reserved 1114112K
  class space    used 2329K, committed 2432K, reserved 1048576K
}
Event: 2.510 GC heap before
{Heap before GC invocations=16 (full 0):
 garbage-first heap   total 352256K, used 275289K [0x0000000080000000, 0x0000000100000000)
  region size 1024K, 166 young (169984K), 7 survivors (7168K)
 Metaspace       used 24148K, committed 24320K, reserved 1114112K
  class space    used 2330K, committed 2432K, reserved 1048576K
}
Event: 2.518 GC heap after
{Heap after GC invocations=17 (full 0):
 garbage-first heap   total 352256K, used 127194K [0x0000000080000000, 0x0000000100000000)
  region size 1024K, 21 young (21504K), 21 survivors (21504K)
 Metaspace       used 24148K, committed 24320K, reserved 1114112K
  class space    used 2330K, committed 2432K, reserved 1048576K
}
Event: 2.975 GC heap before
{Heap before GC invocations=17 (full 0):
 garbage-first heap   total 352256K, used 309466K [0x0000000080000000, 0x0000000100000000)
  region size 1024K, 173 young (177152K), 21 survivors (21504K)
 Metaspace       used 25463K, committed 25728K, reserved 1114112K
  class space    used 2552K, committed 2688K, reserved 1048576K
}
Event: 2.985 GC heap after
{Heap after GC invocations=18 (full 0):
 garbage-first heap   total 354304K, used 158720K [0x0000000080000000, 0x0000000100000000)
  region size 1024K, 21 young (21504K), 21 survivors (21504K)
 Metaspace       used 25463K, committed 25728K, reserved 1114112K
  class space    used 2552K, committed 2688K, reserved 1048576K
}
Event: 3.187 GC heap before
{Heap before GC invocations=18 (full 0):
 garbage-first heap   total 354304K, used 317440K [0x0000000080000000, 0x0000000100000000)
  region size 1024K, 154 young (157696K), 21 survivors (21504K)
 Metaspace       used 25641K, committed 25856K, reserved 1114112K
  class space    used 2556K, committed 2688K, reserved 1048576K
}
Event: 3.195 GC heap after
{Heap after GC invocations=19 (full 0):
 garbage-first heap   total 354304K, used 178688K [0x0000000080000000, 0x0000000100000000)
  region size 1024K, 16 young (16384K), 16 survivors (16384K)
 Metaspace       used 25641K, committed 25856K, reserved 1114112K
  class space    used 2556K, committed 2688K, reserved 1048576K
}
Event: 3.356 GC heap before
{Heap before GC invocations=19 (full 0):
 garbage-first heap   total 354304K, used 303616K [0x0000000080000000, 0x0000000100000000)
  region size 1024K, 138 young (141312K), 16 survivors (16384K)
 Metaspace       used 25643K, committed 25856K, reserved 1114112K
  class space    used 2556K, committed 2688K, reserved 1048576K
}
Event: 3.360 GC heap after
{Heap after GC invocations=20 (full 0):
 garbage-first heap   total 354304K, used 183798K [0x0000000080000000, 0x0000000100000000)
  region size 1024K, 4 young (4096K), 4 survivors (4096K)
 Metaspace       used 25643K, committed 25856K, reserved 1114112K
  class space    used 2556K, committed 2688K, reserved 1048576K
}
Event: 3.580 GC heap before
{Heap before GC invocations=21 (full 0):
 garbage-first heap   total 354304K, used 312822K [0x0000000080000000, 0x0000000100000000)
  region size 1024K, 130 young (133120K), 4 survivors (4096K)
 Metaspace       used 25643K, committed 25856K, reserved 1114112K
  class space    used 2556K, committed 2688K, reserved 1048576K
}
Event: 3.583 GC heap after
{Heap after GC invocations=22 (full 0):
 garbage-first heap   total 354304K, used 185559K [0x0000000080000000, 0x0000000100000000)
  region size 1024K, 6 young (6144K), 6 survivors (6144K)
 Metaspace       used 25643K, committed 25856K, reserved 1114112K
  class space    used 2556K, committed 2688K, reserved 1048576K
}
Event: 3.742 GC heap before
{Heap before GC invocations=22 (full 0):
 garbage-first heap   total 354304K, used 319703K [0x0000000080000000, 0x0000000100000000)
  region size 1024K, 137 young (140288K), 6 survivors (6144K)
 Metaspace       used 25643K, committed 25856K, reserved 1114112K
  class space    used 2556K, committed 2688K, reserved 1048576K
}
Event: 3.747 GC heap after
{Heap after GC invocations=23 (full 0):
 garbage-first heap   total 354304K, used 188879K [0x0000000080000000, 0x0000000100000000)
  region size 1024K, 11 young (11264K), 11 survivors (11264K)
 Metaspace       used 25643K, committed 25856K, reserved 1114112K
  class space    used 2556K, committed 2688K, reserved 1048576K
}
Event: 3.894 GC heap before
{Heap before GC invocations=23 (full 0):
 garbage-first heap   total 354304K, used 324047K [0x0000000080000000, 0x0000000100000000)
  region size 1024K, 143 young (146432K), 11 survivors (11264K)
 Metaspace       used 25643K, committed 25856K, reserved 1114112K
  class space    used 2556K, committed 2688K, reserved 1048576K
}
Event: 3.899 GC heap after
{Heap after GC invocations=24 (full 0):
 garbage-first heap   total 354304K, used 195200K [0x0000000080000000, 0x0000000100000000)
  region size 1024K, 14 young (14336K), 14 survivors (14336K)
 Metaspace       used 25643K, committed 25856K, reserved 1114112K
  class space    used 2556K, committed 2688K, reserved 1048576K
}
Event: 3.977 GC heap before
{Heap before GC invocations=25 (full 0):
 garbage-first heap   total 354304K, used 321152K [0x0000000080000000, 0x0000000100000000)
  region size 1024K, 137 young (140288K), 14 survivors (14336K)
 Metaspace       used 25649K, committed 25856K, reserved 1114112K
  class space    used 2556K, committed 2688K, reserved 1048576K
}
Event: 3.986 GC heap after
{Heap after GC invocations=26 (full 0):
 garbage-first heap   total 354304K, used 210432K [0x0000000080000000, 0x0000000100000000)
  region size 1024K, 18 young (18432K), 18 survivors (18432K)
 Metaspace       used 25649K, committed 25856K, reserved 1114112K
  class space    used 2556K, committed 2688K, reserved 1048576K
}
Event: 4.079 GC heap before
{Heap before GC invocations=26 (full 0):
 garbage-first heap   total 354304K, used 318976K [0x0000000080000000, 0x0000000100000000)
  region size 1024K, 122 young (124928K), 18 survivors (18432K)
 Metaspace       used 25654K, committed 25920K, reserved 1114112K
  class space    used 2556K, committed 2688K, reserved 1048576K
}

Dll operation events (9 events):
Event: 0.006 Loaded shared library c:\Users\Legion_5\.vscode\extensions\ltex-plus.vscode-ltex-plus-15.6.1\lib\ltex-ls-plus-18.6.1\jdk-21.0.8+9\bin\java.dll
Event: 0.010 Loaded shared library c:\Users\Legion_5\.vscode\extensions\ltex-plus.vscode-ltex-plus-15.6.1\lib\ltex-ls-plus-18.6.1\jdk-21.0.8+9\bin\zip.dll
Event: 0.038 Loaded shared library c:\Users\Legion_5\.vscode\extensions\ltex-plus.vscode-ltex-plus-15.6.1\lib\ltex-ls-plus-18.6.1\jdk-21.0.8+9\bin\jsvml.dll
Event: 0.104 Loaded shared library C:\Users\Legion_5\.vscode\extensions\ltex-plus.vscode-ltex-plus-15.6.1\lib\ltex-ls-plus-18.6.1\jdk-21.0.8+9\bin\net.dll
Event: 0.105 Loaded shared library C:\Users\Legion_5\.vscode\extensions\ltex-plus.vscode-ltex-plus-15.6.1\lib\ltex-ls-plus-18.6.1\jdk-21.0.8+9\bin\nio.dll
Event: 0.109 Loaded shared library C:\Users\Legion_5\.vscode\extensions\ltex-plus.vscode-ltex-plus-15.6.1\lib\ltex-ls-plus-18.6.1\jdk-21.0.8+9\bin\zip.dll
Event: 0.222 Loaded shared library C:\Users\Legion_5\.vscode\extensions\ltex-plus.vscode-ltex-plus-15.6.1\lib\ltex-ls-plus-18.6.1\jdk-21.0.8+9\bin\jimage.dll
Event: 0.267 Loaded shared library C:\Users\Legion_5\AppData\Local\Temp\jansi-2.4.2-e2fc4b5a722393ac-jansi.dll
Event: 0.287 Loaded shared library c:\Users\Legion_5\.vscode\extensions\ltex-plus.vscode-ltex-plus-15.6.1\lib\ltex-ls-plus-18.6.1\jdk-21.0.8+9\bin\verify.dll

Deoptimization events (20 events):
Event: 3.849 Thread 0x000002e1a284f020 DEOPT PACKING pc=0x000002e1ad160628 sp=0x000000f8301fe310
Event: 3.849 Thread 0x000002e1a284f020 DEOPT UNPACKING pc=0x000002e1ac6b46a2 sp=0x000000f8301fe218 mode 2
Event: 3.886 Thread 0x000002e1a284f020 Uncommon trap: trap_request=0xffffff45 fr.pc=0x000002e1ad1a057c relative=0x000000000000771c
Event: 3.886 Thread 0x000002e1a284f020 Uncommon trap: reason=unstable_if action=reinterpret pc=0x000002e1ad1a057c method=org.languagetool.tools.StringTools.isAllUppercase(Ljava/lang/String;)Z @ 7 c2
Event: 3.886 Thread 0x000002e1a284f020 DEOPT PACKING pc=0x000002e1ad1a057c sp=0x000000f8301fe460
Event: 3.886 Thread 0x000002e1a284f020 DEOPT UNPACKING pc=0x000002e1ac6b46a2 sp=0x000000f8301fe3b0 mode 2
Event: 3.902 Thread 0x000002e1a284f020 Uncommon trap: trap_request=0xffffffde fr.pc=0x000002e1acdef630 relative=0x00000000000002f0
Event: 3.902 Thread 0x000002e1a284f020 Uncommon trap: reason=class_check action=maybe_recompile pc=0x000002e1acdef630 method=org.languagetool.Language.getWordTokenizer()Lorg/languagetool/tokenizers/Tokenizer; @ 23 c2
Event: 3.902 Thread 0x000002e1a284f020 DEOPT PACKING pc=0x000002e1acdef630 sp=0x000000f8301fe680
Event: 3.902 Thread 0x000002e1a284f020 DEOPT UNPACKING pc=0x000002e1ac6b46a2 sp=0x000000f8301fe630 mode 2
Event: 4.022 Thread 0x000002e1a284f020 Uncommon trap: trap_request=0xffffff45 fr.pc=0x000002e1acfce3b0 relative=0x00000000000013b0
Event: 4.022 Thread 0x000002e1a284f020 Uncommon trap: reason=unstable_if action=reinterpret pc=0x000002e1acfce3b0 method=jdk.internal.jimage.ImageLocation.verifyName(Ljava/lang/String;Ljava/lang/String;IIIIIILjdk/internal/jimage/ImageStrings;)Z @ 2 c2
Event: 4.022 Thread 0x000002e1a284f020 DEOPT PACKING pc=0x000002e1acfce3b0 sp=0x000000f8301fdc00
Event: 4.022 Thread 0x000002e1a284f020 DEOPT UNPACKING pc=0x000002e1ac6b46a2 sp=0x000000f8301fdad8 mode 2
Event: 4.036 Thread 0x000002e1a284f020 Uncommon trap: trap_request=0xffffff45 fr.pc=0x000002e1ace07bb8 relative=0x0000000000000378
Event: 4.036 Thread 0x000002e1a284f020 Uncommon trap: reason=unstable_if action=reinterpret pc=0x000002e1ace07bb8 method=java.lang.String.startsWith(Ljava/lang/String;I)Z @ 56 c2
Event: 4.036 Thread 0x000002e1a284f020 DEOPT PACKING pc=0x000002e1ace07bb8 sp=0x000000f8301fe570
Event: 4.036 Thread 0x000002e1a284f020 DEOPT UNPACKING pc=0x000002e1ac6b46a2 sp=0x000000f8301fe4a0 mode 2
Event: 4.041 Thread 0x000002e1a284f020 DEOPT PACKING pc=0x000002e1a52bbb41 sp=0x000000f8301fdfd0
Event: 4.041 Thread 0x000002e1a284f020 DEOPT UNPACKING pc=0x000002e1ac6b4e42 sp=0x000000f8301fd578 mode 0

Classes loaded (20 events):
Event: 1.896 Loading class java/text/StringCharacterIterator
Event: 1.896 Loading class java/text/CharacterIterator
Event: 1.897 Loading class java/text/CharacterIterator done
Event: 1.897 Loading class java/text/StringCharacterIterator done
Event: 2.069 Loading class java/net/URISyntaxException
Event: 2.069 Loading class java/net/URISyntaxException done
Event: 2.564 Loading class java/io/SequenceInputStream
Event: 2.564 Loading class java/io/SequenceInputStream done
Event: 2.795 Loading class java/util/regex/PatternSyntaxException
Event: 2.795 Loading class java/util/regex/PatternSyntaxException done
Event: 2.817 Loading class java/lang/invoke/BoundMethodHandle$Species_LLLLLL
Event: 2.817 Loading class java/lang/invoke/BoundMethodHandle$Species_LLLLLL done
Event: 2.818 Loading class java/lang/invoke/BoundMethodHandle$Species_LLLLLLL
Event: 2.819 Loading class java/lang/invoke/BoundMethodHandle$Species_LLLLLLL done
Event: 2.826 Loading class java/util/function/IntUnaryOperator
Event: 2.826 Loading class java/util/function/IntUnaryOperator done
Event: 2.961 Loading class java/lang/ArrayIndexOutOfBoundsException
Event: 2.961 Loading class java/lang/ArrayIndexOutOfBoundsException done
Event: 3.075 Loading class java/util/AbstractList$Itr
Event: 3.075 Loading class java/util/AbstractList$Itr done

Classes unloaded (0 events):
No events

Classes redefined (0 events):
No events

Internal exceptions (20 events):
Event: 0.269 Thread 0x000002e1a284f020 Exception <a 'java/lang/NullPointerException'{0x000000008377c000}> (0x000000008377c000) 
thrown [s\src\hotspot\share\interpreter\linkResolver.cpp, line 1372]
Event: 0.269 Thread 0x000002e1a284f020 Exception <a 'java/lang/NullPointerException'{0x000000008377c2e0}> (0x000000008377c2e0) 
thrown [s\src\hotspot\share\interpreter\linkResolver.cpp, line 1372]
Event: 0.269 Thread 0x000002e1a284f020 Exception <a 'java/lang/NullPointerException'{0x000000008377c5c0}> (0x000000008377c5c0) 
thrown [s\src\hotspot\share\interpreter\linkResolver.cpp, line 1372]
Event: 0.445 Thread 0x000002e1a284f020 Exception <a 'java/lang/NoSuchMethodError'{0x0000000083086b38}: 'int java.lang.invoke.DirectMethodHandle$Holder.invokeSpecial(java.lang.Object, java.lang.Object, java.lang.Object)'> (0x0000000083086b38) 
thrown [s\src\hotspot\share\interpreter\linkResolver.cpp, line 773]
Event: 0.446 Thread 0x000002e1a284f020 Exception <a 'java/lang/NoSuchMethodError'{0x00000000830913f0}: 'void java.lang.invoke.DelegatingMethodHandle$Holder.reinvoke_L(java.lang.Object, java.lang.Object, int)'> (0x00000000830913f0) 
thrown [s\src\hotspot\share\interpreter\linkResolver.cpp, line 773]
Event: 0.446 Thread 0x000002e1a284f020 Exception <a 'java/lang/NoSuchMethodError'{0x0000000083097d90}: 'int java.lang.invoke.Invokers$Holder.invokeExact_MT(java.lang.Object, java.lang.Object, java.lang.Object)'> (0x0000000083097d90) 
thrown [s\src\hotspot\share\interpreter\linkResolver.cpp, line 773]
Event: 0.448 Thread 0x000002e1a284f020 Exception <a 'java/lang/NoSuchMethodError'{0x00000000830a8478}: 'void java.lang.invoke.Invokers$Holder.invokeExact_MT(java.lang.Object, java.lang.Object, java.lang.Object, java.lang.Object)'> (0x00000000830a8478) 
thrown [s\src\hotspot\share\interpreter\linkResolver.cpp, line 773]
Event: 0.480 Thread 0x000002e1a284f020 Exception <a 'java/lang/NoSuchMethodError'{0x0000000082e07c78}: 'void java.lang.invoke.DirectMethodHandle$Holder.invokeVirtual(java.lang.Object, java.lang.Object)'> (0x0000000082e07c78) 
thrown [s\src\hotspot\share\interpreter\linkResolver.cpp, line 773]
Event: 0.589 Thread 0x000002e1a284f020 Exception <a 'java/lang/NoSuchMethodError'{0x0000000083e18cc8}: 'java.lang.Object java.lang.invoke.DirectMethodHandle$Holder.invokeStaticInit(java.lang.Object, java.lang.Object, java.lang.Object)'> (0x0000000083e18cc8) 
thrown [s\src\hotspot\share\interpreter\linkResolver.cpp, line 773]
Event: 0.592 Thread 0x000002e1a284f020 Exception <a 'java/lang/NoClassDefFoundError'{0x0000000083e3dd00}: org/apache/logging/log4j/spi/LoggerAdapter> (0x0000000083e3dd00) 
thrown [s\src\hotspot\share\classfile\systemDictionary.cpp, line 301]
Event: 0.621 Thread 0x000002e1a284f020 Exception <a 'java/lang/ClassNotFoundException'{0x0000000083d3d4e8}: com/sun/org/apache/xerces/internal/impl/xpath/regex/spi/messageProvider> (0x0000000083d3d4e8) 
thrown [s\src\hotspot\share\classfile\systemDictionary.cpp, line 312]
Event: 0.740 Thread 0x000002e1a284f020 Exception <a 'java/lang/NoSuchMethodError'{0x0000000083636d88}: 'java.lang.Object java.lang.invoke.DirectMethodHandle$Holder.invokeInterface(java.lang.Object, java.lang.Object)'> (0x0000000083636d88) 
thrown [s\src\hotspot\share\interpreter\linkResolver.cpp, line 773]
Event: 0.740 Thread 0x000002e1a284f020 Exception <a 'java/lang/IncompatibleClassChangeError'{0x000000008363a360}: Found class java.lang.Object, but interface was expected> (0x000000008363a360) 
thrown [s\src\hotspot\share\interpreter\linkResolver.cpp, line 840]
Event: 0.821 Thread 0x000002e1a284f020 Exception <a 'java/lang/NoSuchMethodError'{0x0000000083f698a0}: 'java.lang.Object java.lang.invoke.Invokers$Holder.invokeExact_MT(java.lang.Object, java.lang.Object, java.lang.Object, java.lang.Object, java.lang.Object, java.lang.Object)'> (0x0000000083f698a0) 
thrown [s\src\hotspot\share\interpreter\linkResolver.cpp, line 773]
Event: 0.834 Thread 0x000002e1a284f020 Exception <a 'java/lang/NoSuchMethodError'{0x0000000083e760e8}: 'int java.lang.invoke.DirectMethodHandle$Holder.invokeVirtual(java.lang.Object, java.lang.Object, java.lang.Object)'> (0x0000000083e760e8) 
thrown [s\src\hotspot\share\interpreter\linkResolver.cpp, line 773]
Event: 0.864 Thread 0x000002e1a284f020 Exception <a 'java/lang/NoSuchMethodError'{0x0000000083b5b6b8}: 'void java.lang.invoke.DirectMethodHandle$Holder.invokeInterface(java.lang.Object, java.lang.Object, java.lang.Object)'> (0x0000000083b5b6b8) 
thrown [s\src\hotspot\share\interpreter\linkResolver.cpp, line 773]
Event: 0.903 Thread 0x000002e1a284f020 Exception <a 'java/lang/NoSuchMethodError'{0x0000000083a44910}: 'java.lang.Object java.lang.invoke.DirectMethodHandle$Holder.invokeVirtual(java.lang.Object, java.lang.Object, java.lang.Object)'> (0x0000000083a44910) 
thrown [s\src\hotspot\share\interpreter\linkResolver.cpp, line 773]
Event: 2.630 Thread 0x000002e1a284f020 Exception <a 'java/lang/NoSuchMethodError'{0x0000000092d15150}: 'java.lang.Object java.lang.invoke.DirectMethodHandle$Holder.invokeStaticInit(java.lang.Object, java.lang.Object, java.lang.Object, java.lang.Object)'> (0x0000000092d15150) 
thrown [s\src\hotspot\share\interpreter\linkResolver.cpp, line 773]
Event: 3.682 Thread 0x000002e1a284f020 Implicit null exception at 0x000002e1ad14cf7d to 0x000002e1ad14f670
Event: 3.725 Thread 0x000002e1a284f020 Implicit null exception at 0x000002e1ace99c85 to 0x000002e1ace99ff4

ZGC Phase Switch (0 events):
No events

VM Operations (20 events):
Event: 3.360 Executing VM operation: G1CollectForAllocation (G1 Evacuation Pause) done
Event: 3.393 Executing VM operation: G1PauseRemark
Event: 3.396 Executing VM operation: G1PauseRemark done
Event: 3.425 Executing VM operation: G1PauseCleanup
Event: 3.426 Executing VM operation: G1PauseCleanup done
Event: 3.580 Executing VM operation: G1CollectForAllocation (G1 Evacuation Pause)
Event: 3.583 Executing VM operation: G1CollectForAllocation (G1 Evacuation Pause) done
Event: 3.742 Executing VM operation: G1CollectForAllocation (G1 Evacuation Pause)
Event: 3.747 Executing VM operation: G1CollectForAllocation (G1 Evacuation Pause) done
Event: 3.894 Executing VM operation: G1CollectForAllocation (G1 Evacuation Pause)
Event: 3.899 Executing VM operation: G1CollectForAllocation (G1 Evacuation Pause) done
Event: 3.929 Executing VM operation: G1PauseRemark
Event: 3.935 Executing VM operation: G1PauseRemark done
Event: 3.964 Executing VM operation: G1PauseCleanup
Event: 3.965 Executing VM operation: G1PauseCleanup done
Event: 3.977 Executing VM operation: G1CollectForAllocation (G1 Evacuation Pause)
Event: 3.986 Executing VM operation: G1CollectForAllocation (G1 Evacuation Pause) done
Event: 4.032 Executing VM operation: HandshakeAllThreads (Deoptimize)
Event: 4.032 Executing VM operation: HandshakeAllThreads (Deoptimize) done
Event: 4.079 Executing VM operation: G1CollectForAllocation (G1 Evacuation Pause)

Memory protections (0 events):
No events

Nmethod flushes (20 events):
Event: 3.934 Thread 0x000002e1a0310420 flushing  nmethod 0x000002e1a59de390
Event: 3.934 Thread 0x000002e1a0310420 flushing  nmethod 0x000002e1a59df010
Event: 3.934 Thread 0x000002e1a0310420 flushing  nmethod 0x000002e1a59dfb90
Event: 3.934 Thread 0x000002e1a0310420 flushing  nmethod 0x000002e1a59e0010
Event: 3.934 Thread 0x000002e1a0310420 flushing  nmethod 0x000002e1a59e0510
Event: 3.934 Thread 0x000002e1a0310420 flushing  nmethod 0x000002e1a59e0e10
Event: 3.934 Thread 0x000002e1a0310420 flushing  nmethod 0x000002e1a59e1290
Event: 3.934 Thread 0x000002e1a0310420 flushing  nmethod 0x000002e1a59e2410
Event: 3.934 Thread 0x000002e1a0310420 flushing  nmethod 0x000002e1a59e2910
Event: 3.934 Thread 0x000002e1a0310420 flushing  nmethod 0x000002e1a59e2e10
Event: 3.934 Thread 0x000002e1a0310420 flushing  nmethod 0x000002e1a59e3410
Event: 3.934 Thread 0x000002e1a0310420 flushing  nmethod 0x000002e1a59e5010
Event: 3.934 Thread 0x000002e1a0310420 flushing  nmethod 0x000002e1a59e7d10
Event: 3.934 Thread 0x000002e1a0310420 flushing  nmethod 0x000002e1a59ea890
Event: 3.934 Thread 0x000002e1a0310420 flushing  nmethod 0x000002e1a59eb090
Event: 3.934 Thread 0x000002e1a0310420 flushing  nmethod 0x000002e1a59eb790
Event: 3.934 Thread 0x000002e1a0310420 flushing  nmethod 0x000002e1a59ebb90
Event: 3.934 Thread 0x000002e1a0310420 flushing  nmethod 0x000002e1a59ed290
Event: 3.934 Thread 0x000002e1a0310420 flushing  nmethod 0x000002e1a59edf90
Event: 3.934 Thread 0x000002e1a0310420 flushing  nmethod 0x000002e1a59f3990

Events (20 events):
Event: 0.036 Thread 0x000002e1a284f020 Thread added: 0x000002e1bf0b2730
Event: 0.036 Thread 0x000002e1a284f020 Thread added: 0x000002e1bf0bf490
Event: 0.036 Thread 0x000002e1a284f020 Thread added: 0x000002e1bf0d9c00
Event: 0.036 Thread 0x000002e1a284f020 Thread added: 0x000002e1bf0dc270
Event: 0.036 Thread 0x000002e1a284f020 Thread added: 0x000002e1bf0e78d0
Event: 0.036 Thread 0x000002e1a284f020 Thread added: 0x000002e1bf0f5e60
Event: 0.079 Thread 0x000002e1bf0f5e60 Thread added: 0x000002e1bf0f3580
Event: 0.095 Thread 0x000002e1a284f020 Thread added: 0x000002e1bf3d0530
Event: 0.099 Thread 0x000002e1a284f020 Thread added: 0x000002e1bf310610
Event: 0.123 Thread 0x000002e1bf0e78d0 Thread added: 0x000002e1bf0f49f0
Event: 0.220 Thread 0x000002e1a284f020 Thread added: 0x000002e1bf7b50a0
Event: 0.231 Thread 0x000002e1bf7b50a0 Thread exited: 0x000002e1bf7b50a0
Event: 0.327 Thread 0x000002e1bf0f3580 Thread added: 0x000002e1bf0f27e0
Event: 0.419 Thread 0x000002e1bf0f3580 Thread added: 0x000002e1bf0f2eb0
Event: 0.783 Thread 0x000002e1bf0f5e60 Thread added: 0x000002e1bf0f3c50
Event: 0.836 Thread 0x000002e1bf0f2eb0 Thread added: 0x000002e1bf0f4320
Event: 0.840 Thread 0x000002e1bf0f4320 Thread added: 0x000002e1bf0f50c0
Event: 0.844 Thread 0x000002e1bf0f5e60 Thread added: 0x000002e1bf0f5790
Event: 0.846 Thread 0x000002e1bf0f49f0 Thread added: 0x000002e1c0f37810
Event: 1.011 Thread 0x000002e1bf0f4320 Thread added: 0x000002e1c0f37ee0


Dynamic libraries:
0x00007ff6cf130000 - 0x00007ff6cf13e000 	c:\Users\Legion_5\.vscode\extensions\ltex-plus.vscode-ltex-plus-15.6.1\lib\ltex-ls-plus-18.6.1\jdk-21.0.8+9\bin\java.exe
0x00007ff97dd80000 - 0x00007ff97dfe7000 	C:\WINDOWS\SYSTEM32\ntdll.dll
0x00007ff97d0d0000 - 0x00007ff97d199000 	C:\WINDOWS\System32\KERNEL32.DLL
0x00007ff97ac90000 - 0x00007ff97b084000 	C:\WINDOWS\System32\KERNELBASE.dll
0x00007ff97a9d0000 - 0x00007ff97ab1b000 	C:\WINDOWS\System32\ucrtbase.dll
0x00007ff94fb50000 - 0x00007ff94fb68000 	c:\Users\Legion_5\.vscode\extensions\ltex-plus.vscode-ltex-plus-15.6.1\lib\ltex-ls-plus-18.6.1\jdk-21.0.8+9\bin\jli.dll
0x00007ff94fb30000 - 0x00007ff94fb4e000 	c:\Users\Legion_5\.vscode\extensions\ltex-plus.vscode-ltex-plus-15.6.1\lib\ltex-ls-plus-18.6.1\jdk-21.0.8+9\bin\VCRUNTIME140.dll
0x00007ff97d1a0000 - 0x00007ff97d365000 	C:\WINDOWS\System32\USER32.dll
0x00007ff969f30000 - 0x00007ff96a1c3000 	C:\WINDOWS\WinSxS\amd64_microsoft.windows.common-controls_6595b64144ccf1df_6.0.26100.8115_none_3e075c82e3354f9c\COMCTL32.dll
0x00007ff97bae0000 - 0x00007ff97bb07000 	C:\WINDOWS\System32\win32u.dll
0x00007ff97c5d0000 - 0x00007ff97c679000 	C:\WINDOWS\System32\msvcrt.dll
0x00007ff97dd10000 - 0x00007ff97dd3b000 	C:\WINDOWS\System32\GDI32.dll
0x00007ff97b090000 - 0x00007ff97b1bb000 	C:\WINDOWS\System32\gdi32full.dll
0x00007ff97b1c0000 - 0x00007ff97b263000 	C:\WINDOWS\System32\msvcp_win.dll
0x00007ff97ce90000 - 0x00007ff97cec2000 	C:\WINDOWS\System32\IMM32.DLL
0x00007ff96b9a0000 - 0x00007ff96b9ac000 	c:\Users\Legion_5\.vscode\extensions\ltex-plus.vscode-ltex-plus-15.6.1\lib\ltex-ls-plus-18.6.1\jdk-21.0.8+9\bin\vcruntime140_1.dll
0x00007ff90c950000 - 0x00007ff90c9dd000 	c:\Users\Legion_5\.vscode\extensions\ltex-plus.vscode-ltex-plus-15.6.1\lib\ltex-ls-plus-18.6.1\jdk-21.0.8+9\bin\msvcp140.dll
0x00007ff8dde40000 - 0x00007ff8debd7000 	c:\Users\Legion_5\.vscode\extensions\ltex-plus.vscode-ltex-plus-15.6.1\lib\ltex-ls-plus-18.6.1\jdk-21.0.8+9\bin\server\jvm.dll
0x00007ff97ced0000 - 0x00007ff97cf86000 	C:\WINDOWS\System32\ADVAPI32.dll
0x00007ff97c2a0000 - 0x00007ff97c347000 	C:\WINDOWS\System32\sechost.dll
0x00007ff97cf90000 - 0x00007ff97d0a8000 	C:\WINDOWS\System32\RPCRT4.dll
0x00007ff97dae0000 - 0x00007ff97db60000 	C:\WINDOWS\System32\WS2_32.dll
0x00007ff97a040000 - 0x00007ff97a09e000 	C:\WINDOWS\SYSTEM32\POWRPROF.dll
0x00007ff971e70000 - 0x00007ff971e7b000 	C:\WINDOWS\SYSTEM32\VERSION.dll
0x00007ff975450000 - 0x00007ff975486000 	C:\WINDOWS\SYSTEM32\WINMM.dll
0x00007ff97a020000 - 0x00007ff97a034000 	C:\WINDOWS\SYSTEM32\UMPDC.dll
0x00007ff9793a0000 - 0x00007ff9793bb000 	C:\WINDOWS\SYSTEM32\kernel.appcore.dll
0x00007ff967ab0000 - 0x00007ff967aba000 	c:\Users\Legion_5\.vscode\extensions\ltex-plus.vscode-ltex-plus-15.6.1\lib\ltex-ls-plus-18.6.1\jdk-21.0.8+9\bin\jimage.dll
0x00007ff9784a0000 - 0x00007ff9786e2000 	C:\WINDOWS\SYSTEM32\DBGHELP.DLL
0x00007ff97bc20000 - 0x00007ff97bfa2000 	C:\WINDOWS\System32\combase.dll
0x00007ff97cbd0000 - 0x00007ff97cca8000 	C:\WINDOWS\System32\OLEAUT32.dll
0x00007ff96d580000 - 0x00007ff96d5bb000 	C:\WINDOWS\SYSTEM32\dbgcore.DLL
0x00007ff97abe0000 - 0x00007ff97ac85000 	C:\WINDOWS\System32\bcryptPrimitives.dll
0x00007ff94acc0000 - 0x00007ff94acdf000 	c:\Users\Legion_5\.vscode\extensions\ltex-plus.vscode-ltex-plus-15.6.1\lib\ltex-ls-plus-18.6.1\jdk-21.0.8+9\bin\java.dll
0x00007ff945800000 - 0x00007ff945818000 	c:\Users\Legion_5\.vscode\extensions\ltex-plus.vscode-ltex-plus-15.6.1\lib\ltex-ls-plus-18.6.1\jdk-21.0.8+9\bin\zip.dll
0x00007ff97d370000 - 0x00007ff97dad7000 	C:\WINDOWS\System32\SHELL32.dll
0x00007ff97a6e0000 - 0x00007ff97a84a000 	C:\WINDOWS\System32\wintypes.dll
0x00007ff97b270000 - 0x00007ff97bad8000 	C:\WINDOWS\System32\windows.storage.dll
0x00007ff97cd20000 - 0x00007ff97ce18000 	C:\WINDOWS\System32\SHCORE.dll
0x00007ff97ccb0000 - 0x00007ff97cd16000 	C:\WINDOWS\System32\shlwapi.dll
0x00007ff97a570000 - 0x00007ff97a599000 	C:\WINDOWS\SYSTEM32\profapi.dll
0x00007ff90b130000 - 0x00007ff90b207000 	c:\Users\Legion_5\.vscode\extensions\ltex-plus.vscode-ltex-plus-15.6.1\lib\ltex-ls-plus-18.6.1\jdk-21.0.8+9\bin\jsvml.dll
0x00007ff966b20000 - 0x00007ff966b30000 	C:\Users\Legion_5\.vscode\extensions\ltex-plus.vscode-ltex-plus-15.6.1\lib\ltex-ls-plus-18.6.1\jdk-21.0.8+9\bin\net.dll
0x00007ff973820000 - 0x00007ff97394d000 	C:\WINDOWS\SYSTEM32\WINHTTP.dll
0x00007ff9798f0000 - 0x00007ff97995c000 	C:\WINDOWS\system32\mswsock.dll
0x00007ff9443d0000 - 0x00007ff9443e6000 	C:\Users\Legion_5\.vscode\extensions\ltex-plus.vscode-ltex-plus-15.6.1\lib\ltex-ls-plus-18.6.1\jdk-21.0.8+9\bin\nio.dll
0x00007ff94ace0000 - 0x00007ff94ad04000 	C:\Users\Legion_5\AppData\Local\Temp\jansi-2.4.2-e2fc4b5a722393ac-jansi.dll
0x00007ff9667f0000 - 0x00007ff966800000 	c:\Users\Legion_5\.vscode\extensions\ltex-plus.vscode-ltex-plus-15.6.1\lib\ltex-ls-plus-18.6.1\jdk-21.0.8+9\bin\verify.dll

JVMTI agents: none

dbghelp: loaded successfully - version: 4.0.5 - missing functions: none
symbol engine: initialized successfully - sym options: 0x614 - pdb path: .;c:\Users\Legion_5\.vscode\extensions\ltex-plus.vscode-ltex-plus-15.6.1\lib\ltex-ls-plus-18.6.1\jdk-21.0.8+9\bin;C:\WINDOWS\SYSTEM32;C:\WINDOWS\WinSxS\amd64_microsoft.windows.common-controls_6595b64144ccf1df_6.0.26100.8115_none_3e075c82e3354f9c;c:\Users\Legion_5\.vscode\extensions\ltex-plus.vscode-ltex-plus-15.6.1\lib\ltex-ls-plus-18.6.1\jdk-21.0.8+9\bin\server;C:\Users\Legion_5\AppData\Local\Temp

VM Arguments:
jvm_args: -Xms64m -Xmx2048m -Dapp.name=ltex-ls-plus -Dapp.repo=c:\Users\Legion_5\.vscode\extensions\ltex-plus.vscode-ltex-plus-15.6.1\lib\ltex-ls-plus-18.6.1\lib -Dapp.home=c:\Users\Legion_5\.vscode\extensions\ltex-plus.vscode-ltex-plus-15.6.1\lib\ltex-ls-plus-18.6.1 -Dbasedir=c:\Users\Legion_5\.vscode\extensions\ltex-plus.vscode-ltex-plus-15.6.1\lib\ltex-ls-plus-18.6.1 
java_command: org.bsplines.ltexls.LtexLanguageServerLauncher
java_class_path (initial): c:\Users\Legion_5\.vscode\extensions\ltex-plus.vscode-ltex-plus-15.6.1\lib\ltex-ls-plus-18.6.1\etc;c:\Users\Legion_5\.vscode\extensions\ltex-plus.vscode-ltex-plus-15.6.1\lib\ltex-ls-plus-18.6.1\lib\aho-corasick-double-array-trie-1.2.2.jar;c:\Users\Legion_5\.vscode\extensions\ltex-plus.vscode-ltex-plus-15.6.1\lib\ltex-ls-plus-18.6.1\lib\angus-activation-2.0.2.jar;c:\Users\Legion_5\.vscode\extensions\ltex-plus.vscode-ltex-plus-15.6.1\lib\ltex-ls-plus-18.6.1\lib\animal-sniffer-annotations-1.24.jar;c:\Users\Legion_5\.vscode\extensions\ltex-plus.vscode-ltex-plus-15.6.1\lib\ltex-ls-plus-18.6.1\lib\annotations-12.0.jar;c:\Users\Legion_5\.vscode\extensions\ltex-plus.vscode-ltex-plus-15.6.1\lib\ltex-ls-plus-18.6.1\lib\annotations-13.0.jar;c:\Users\Legion_5\.vscode\extensions\ltex-plus.vscode-ltex-plus-15.6.1\lib\ltex-ls-plus-18.6.1\lib\annotations-4.1.1.4.jar;c:\Users\Legion_5\.vscode\extensions\ltex-plus.vscode-ltex-plus-15.6.1\lib\ltex-ls-plus-18.6.1\lib\asturian-pos-dict-0.1.jar;c:\Users\Legion_5\.vscode\extensions\ltex-plus.vscode-ltex-plus-15.6.1\lib\ltex-ls-plus-18.6.1\lib\catalan-pos-dict-2.27.jar;c:\Users\Legion_5\.vscode\extensions\ltex-plus.vscode-ltex-plus-15.6.1\lib\ltex-ls-plus-18.6.1\lib\checker-qual-3.43.0.jar;c:\Users\Legion_5\.vscode\extensions\ltex-plus.vscode-ltex-plus-15.6.1\lib\ltex-ls-plus-18.6.1\lib\commons-digester-2.1.jar;c:\Users\Legion_5\.vscode\extensions\ltex-plus.vscode-ltex-plus-15.6.1\lib\ltex-ls-plus-18.6.1\lib\commons-lang3-3.18.0.jar;c:\Users\Legion_5\.vscode\extensions\ltex-plus.vscode-ltex-plus-15.6.1\lib\ltex-ls-plus-18.6.1\lib\commons-logging-1.3.4.jar;c:\Users\Legion_5\.vscode\extensions\ltex-plus.vscode-ltex-plus-15.6.1\lib\ltex-ls-plus-18.6.1\lib\commons-pool2-2.12.0.jar;c:\Users\Legion_5\.vscode\extensions\ltex-plus.vscode-ltex-plus-15.6.1\lib\ltex-ls-plus-18.6.1\lib\commons-text-1.12.0.jar;c:\Users\Legion_5\.vscode\extensions\ltex-plus.vscode-ltex-plus-15.6.1\lib\ltex-ls-plus-18.6.1\lib\commons-validator-1.9.0.jar;c:\Users\Legion_5\.vscode\extensions\ltex-plus.vscode-ltex-plus-15.6.1\lib\ltex-ls-plus-18.6.1\lib\dutch-pos-dict-0.1.jar;c:\Users\Legion_5\.vscode\extensions\ltex-plus.vscode-ltex-plus-15.6.1\lib\ltex-ls-plus-18.6.1\lib\english-pos-dict-0.6.jar;c:\Users\Legion_5\.vscode\extensions\ltex-plus.vscode-ltex-plus-15.6.1\lib\ltex-ls-plus-18.6.1\lib\error_prone_annotations-2.38.0.jar;c:\Users\Legion_5\.vscode\extensions\ltex-plus.vscode-ltex-plus-15.6.1\lib\ltex-ls-plus-18.6.1\lib\error_prone_annotations-2.41.0.jar;c:\Users\Legion_5\.vscode\extensions\ltex-plus.vscode-ltex-plus-15.6.1\lib\ltex-ls-plus-18.6.1\lib\failureaccess-1.0.2.jar;c:\Users\Legion_5\.vscode\extensions\ltex-plus.vscode-ltex-plus-15.6.1\lib\ltex-ls-plus-18.6.1\lib\fastutil-core-8.5.14.jar;c:\Users\Legion_5\.vscode\extensions\ltex-plus.vscode-ltex-plus-15.6.1\lib\ltex-ls-plus-18.6.1\lib\flexmark-0.64.8.jar;c:\Users\Legion_5\.vscode\extensions\ltex-plus.vscode-ltex-plus-15.6.1\lib\ltex-ls-plus-18.6.1\lib\flexmark-ext-definition-0.64.8.jar;c:\Users\Legion_5\.vscode\extensions\ltex-plus.vscode-ltex-plus-15.6.1\lib\ltex-ls-plus-18.6.1\lib\flexmark-ext-gfm-strikethrough-0.64.8.jar;c:\Users\Legion_5\.vscode\extensions\ltex-plus.vscode-ltex-plus-15.6.1\lib\ltex-ls-plus-18.6.1\lib\flexmark-ext-gitlab-0.64.8.jar;c:\Users\Legion_5\.vscode\extensions\ltex-plus.vscode-ltex-plus-15.6.1\lib\ltex-ls-plus-18.6.1\lib\flexmark-ext-tables-0.64.8.jar;c:\Users\Legion_5\.vscode\extensions\ltex-plus.vscode-ltex-plus-15.6.1\lib\ltex-ls-plus-18.6.1\lib\flexmark-ext-yaml-front-matter-0.64.8.jar;c:\Users\Legion_5\.vscode\extensions\ltex-plus.vscode-ltex-plus-15.6.1\lib\ltex-ls-plus-18.6.1\lib\flexmark-test-util-0.64.8.jar;c:\Users\Legion_5\.vscode\extensions\ltex-plus.vscode-ltex-plus-15.6.1\lib\ltex-ls-plus-18.6.1\lib\flexmark-util-0.64.8.jar;c:\Users\Legion_5\.vscode\extensions\ltex-plus.vscode-ltex-plus-15.6.1\lib\ltex-ls-plus-18.6.1\lib\flexmark-util-ast-0.64.8.jar;c:\Users\Legion_5\.vscode\extensions\ltex-plus.vscode-ltex-plus-15.6.1\lib\ltex-ls-plus-18.6.1\lib\flexmark-util-builder-0.64.8.jar;c:\Users\Legion_5\.vscode\extensions\ltex-plus.vscode-ltex-plus-15.6.1\lib\ltex-ls-plus-18.6.1\lib\flexmark-util-collection-0.64.8.jar;c:\Users\Legion_5\.vscode\extensions\ltex-plus.vscode-ltex-plus-15.6.1\lib\ltex-ls-plus-18.6.1\lib\flexmark-util-data-0.64.8.jar;c:\Users\Legion_5\.vscode\extensions\ltex-plus.vscode-ltex-plus-15.6.1\lib\ltex-ls-plus-18.6.1\lib\flexmark-util-dependency-0.64.8.jar;c:\Users\Legion_5\.vscode\extensions\ltex-plus.vscode-ltex-plus-15.6.1\lib\ltex-ls-plus-18.6.1\lib\flexmark-util-format-0.64.8.jar;c:\Users\Legion_5\.vscode\extensions\ltex-plus.vscode-ltex-plus-15.6.1\lib\ltex-ls-plus-18.6.1\lib\flexmark-util-html-0.64.8.jar;c:\Users\Legion_5\.vscode\extensions\ltex-plus.vscode-ltex-plus-15.6.1\lib\ltex-ls-plus-18.6.1\lib\flexmark-util-misc-0.64.8.jar;c:\Users\Legion_5\.vscode\extensions\ltex-plus.vscode-ltex-plus-15.6.1\lib\ltex-ls-plus-18.6.1\lib\flexmark-util-options-0.64.8.jar;c:\Users\Legion_5\.vscode\extensions\ltex-plus.vscode-ltex-plus-15.6.1\lib\ltex-ls-plus-18.6.1\lib\flexmark-util-sequence-0.64.8.jar;c:\Users\Legion_5\.vscode\extensions\ltex-plus.vscode-ltex-plus-15.6.1\lib\ltex-ls-plus-18.6.1\lib\flexmark-util-visitor-0.64.8.jar;c:\Users\Legion_5\.vscode\extensions\ltex-plus.vscode-ltex-plus-15.6.1\lib\ltex-ls-plus-18.6.1\lib\french-pos-dict-0.7.jar;c:\Users\Legion_5\.vscode\extensions\ltex-plus.vscode-ltex-plus-15.6.1\lib\ltex-ls-plus-18.6.1\lib\german-pos-dict-1.2.4.jar;c:\Users\Legion_5\.vscode\extensions\ltex-plus.vscode-ltex-plus-15.6.1\lib\ltex-ls-plus-18.6.1\lib\grpc-api-1.75.0.jar;c:\Users\Legion_5\.vscode\extensions\ltex-plus.vscode-ltex-plus-15.6.1\lib\ltex-ls-plus-18.6.1\lib\grpc-context-1.75.0.jar;c:\Users\Legion_5\.vscode\extensions\ltex-plus.vscode-ltex-plus-15.6.1\lib\ltex-ls-plus-18.6.1\lib\grpc-core-1.75.0.jar;c:\Users\Legion_5\.vscode\extensions\ltex-plus.vscode-ltex-plus-15.6.1\lib\ltex-ls-plus-18.6.1\lib\grpc-netty-shaded-1.75.0.jar;c:\Users\Legion_5\.vscode\extensions\ltex-plus.vscode-ltex-plus-15.6.1\lib\ltex-ls-plus-18.6.1\lib\grpc-protobuf-1.75.0.jar;c:\Users\Legion_5\.vscode\extensions\ltex-plus.vscode-ltex-plus-15.6.1\lib\ltex-ls-plus-18.6.1\lib\grpc-protobuf-lite-1.75.0.jar;c:\Users\Legion_5\.vscode\extensions\ltex-plus.vscode-ltex-plus-15.6.1\lib\ltex-ls-plus-18.6.1\lib\grpc-stub-1.75.0.jar;c:\Users\Legion_5\.vscode\extensions\ltex-plus.vscode-ltex-plus-15.6.1\lib\ltex-ls-plus-18.6.1\lib\grpc-util-1.75.0.jar;c:\Users\Legion_5\.vscode\extensions\ltex-plus.vscode-ltex-plus-15.6.1\lib\ltex-ls-plus-18.6.1\lib\gson-2.13.1.jar;c:\Users\Legion_5\.vscode\extensions\ltex-plus.vscode-ltex-plus-15.6.1\lib\ltex-ls-plus-18.6.1\lib\gson-2.13.2.jar;c:\Users\Legion_5\.vscode\extensions\ltex-plus.vscode-ltex-plus-15.6.1\lib\ltex-ls-plus-18.6.1\lib\guava-33.3.1-jre.jar;c:\Users\Legion_5\.vscode\extensions\ltex-plus.vscode-ltex-plus-15.6.1\lib\ltex-ls-plus-18.6.1\lib\hamcrest-core-1.3.jar;c:\Users\Legion_5\.vscode\extensions\ltex-plus.vscode-ltex-plus-15.6.1\lib\ltex-ls-plus-18.6.1\lib\hanlp-portable-1.8.2.jar;c:\Users\Legion_5\.vscode\extensions\ltex-plus.vscode-ltex-plus-15.6.1\lib\ltex-ls-plus-18.6.1\lib\HdrHistogram-2.1.12.jar;c:\Users\Legion_5\.vscode\extensions\ltex-plus.vscode-ltex-plus-15.6.1\lib\ltex-ls-plus-18.6.1\lib\hppc-0.8.2.jar;c:\Users\Legion_5\.vscode\extensions\ltex-plus.vscode-ltex-plus-15.6.1\lib\ltex-ls-plus-18.6.1\lib\hunspell-2.1.2.jar;c:\Users\Legion_5\.vscode\extensions\ltex-plus.vscode-ltex-plus-15.6.1\lib\ltex-ls-plus-18.6.1\lib\icu4j-77.1.jar;c:\Users\Legion_5\.vscode\extensions\ltex-plus.vscode-ltex-plus-15.6.1\lib\ltex-ls-plus-18.6.1\lib\indriya-1.3.jar;c:\Users\Legion_5\.vscode\extensions\ltex-plus.vscode-ltex-plus-15.6.1\lib\ltex-ls-plus-18.6.1\lib\istack-commons-runtime-4.1.2.jar;c:\Users\Legion_5\.vscode\extensions\ltex-plus.vscode-ltex-plus-15.6.1\lib\ltex-ls-plus-18.6.1\lib\j2objc-annotations-3.0.0.jar;c:\Users\Legion_5\.vscode\extensions\ltex-plus.vscode-ltex-plus-15.6.1\lib\ltex-ls-plus-18.6.1\lib\jackson-annotations-2.18.0.jar;c:\Users\Legion_5\.vscode\extensions\ltex-plus.vscode-ltex-plus-15.6.1\lib\ltex-ls-plus-18.6.1\lib\jackson-core-2.18.0.jar;c:\Users\Legion_5\.vscode\extensions\ltex-plus.vscode-ltex-plus-15.6.1\lib\ltex-ls-plus-18.6.1\lib\jackson-databind-2.18.0.jar;c:\Users\Legion_5\.vscode\extensions\ltex-plus.vscode-ltex-plus-15.6.1\lib\ltex-ls-plus-18.6.1\lib\jakarta.activation-1.2.2.jar;c:\Users\Legion_5\.vscode\extensions\ltex-plus.vscode-ltex-plus-15.6.1\lib\ltex-ls-plus-18.6.1\lib\jakarta.activation-api-2.1.3.jar;c:\Users\Legion_5\.vscode\extensions\ltex-plus.vscode-ltex-plus-15.6.1\lib\ltex-ls-plus-18.6.1\lib\jakarta.xml.bind-api-2.3.3.jar;c:\Users\Legion_5\.vscode\extensions\ltex-plus.vscode-ltex-plus-15.6.1\lib\ltex-ls-plus-18.6.1\lib\jansi-2.4.2.jar;c:\Users\Legion_5\.vscode\extensions\ltex-plus.vscode-ltex-plus-15.6.1\lib\ltex-ls-plus-18.6.1\lib\java-diff-utils-4.12.jar;c:\Users\Legion_5\.vscode\extensions\ltex-plus.vscode-ltex-plus-15.6.1\lib\ltex-ls-plus-18.6.1\lib\javax.activation-api-1.2.0.jar;c:\Users\Legion_5\.vscode\extensions\ltex-plus.vscode-ltex-plus-15.6.1\lib\ltex-ls-plus-18.6.1\lib\javax.annotation-api-1.3.2.jar;c:\Users\Legion_5\.vscode\extensions\ltex-plus.vscode-ltex-plus-15.6.1\lib\ltex-ls-plus-18.6.1\lib\jaxb-api-2.3.1.jar;c:\Users\Legion_5\.vscode\extensions\ltex-plus.vscode-ltex-plus-15.6.1\lib\ltex-ls-plus-18.6.1\lib\jaxb-core-2.3.0.1.jar;c:\Users\Legion_5\.vscode\extensions\ltex-plus.vscode-ltex-plus-15.6.1\lib\ltex-ls-plus-18.6.1\lib\jaxb-core-4.0.5.jar;c:\Users\Legion_5\.vscode\extensions\ltex-plus.vscode-ltex-plus-15.6.1\lib\ltex-ls-plus-18.6.1\lib\jaxb-impl-2.3.3.jar;c:\Users\Legion_5\.vscode\extensions\ltex-plus.vscode-ltex-plus-15.6.1\lib\ltex-ls-plus-18.6.1\lib\jaxb-runtime-4.0.5.jar;c:\Users\Legion_5\.vscode\extensions\ltex-plus.vscode-ltex-plus-15.6.1\lib\ltex-ls-plus-18.6.1\lib\jna-5.12.1.jar;c:\Users\Legion_5\.vscode\extensions\ltex-plus.vscode-ltex-plus-15.6.1\lib\ltex-ls-plus-18.6.1\lib\jna-platform-5.12.1.jar;c:\Users\Legion_5\.vscode\extensions\ltex-plus.vscode-ltex-plus-15.6.1\lib\ltex-ls-plus-18.6.1\lib\json-20240303.jar;c:\Users\Legion_5\.vscode\extensions\ltex-plus.vscode-ltex-plus-15.6.1\lib\ltex-ls-plus-18.6.1\lib\jsonic-1.2.11.jar;c:\Users\Legion_5\.vscode\extensions\ltex-plus.vscode-ltex-plus-15.6.1\lib\ltex-ls-plus-18.6.1\lib\jsr305-3.0.2.jar;c:\Users\Legion_5\.vscode\extensions\ltex-plus.vscode-ltex-plus-15.6.1\lib\ltex-ls-plus-18.6.1\lib\junit-4.13.2.jar;c:\Users\Legion_5\.vscode\extensions\ltex-plus.vscode-ltex-plus-15.6.1\lib\ltex-ls-plus-18.6.1\lib\jwordsplitter-4.7.jar;c:\Users\Legion_5\.vscode\extensions\ltex-plus.vscode-ltex-plus-15.6.1\lib\ltex-ls-plus-18.6.1\lib\kotlin-stdlib-2.2.10.jar;c:\Users\Legion_5\.vscode\extensions\ltex-plus.vscode-ltex-plus-15.6.1\lib\ltex-ls-plus-18.6.1\lib\kotlin-stdlib-2.2.20.jar;c:\Users\Legion_5\.vscode\extensions\ltex-plus.vscode-ltex-plus-15.6.1\lib\ltex-ls-plus-18.6.1\lib\language-all-6.7.jar;c:\Users\Legion_5\.vscode\extensions\ltex-plus.vscode-ltex-plus-15.6.1\lib\ltex-ls-plus-18.6.1\lib\language-ar-6.7.jar;c:\Users\Legion_5\.vscode\extensions\ltex-plus.vscode-ltex-plus-15.6.1\lib\ltex-ls-plus-18.6.1\lib\language-ast-6.7.jar;c:\Users\Legion_5\.vscode\extensions\ltex-plus.vscode-ltex-plus-15.6.1\lib\ltex-ls-plus-18.6.1\lib\language-be-6.7.jar;c:\Users\Legion_5\.vscode\extensions\ltex-plus.vscode-ltex-plus-15.6.1\lib\ltex-ls-plus-18.6.1\lib\language-br-6.7.jar;c:\Users\Legion_5\.vscode\extensions\ltex-plus.vscode-ltex-plus-15.6.1\lib\ltex-ls-plus-18.6.1\lib\language-ca-6.7.jar;c:\Users\Legion_5\.vscode\extensions\ltex-plus.vscode-ltex-plus-15.6.1\lib\ltex-ls-plus-18.6.1\lib\language-crh-6.7.jar;c:\Users\Legion_5\.vscode\extensions\ltex-plus.vscode-ltex-plus-15.6.1\lib\ltex-ls-plus-18.6.1\lib\language-da-6.7.jar;c:\Users\Legion_5\.vscode\extensions\ltex-plus.vscode-ltex-plus-15.6.1\lib\ltex-ls-plus-18.6.1\lib\language-de-6.7.jar;c:\Users\Legion_5\.vscode\extensions\ltex-plus.vscode-ltex-plus-15.6.1\lib\ltex-ls-plus-18.6.1\lib\language-de-DE-x-simple-language-6.7.jar;c:\Users\Legion_5\.vscode\extensions\ltex-plus.vscode-ltex-plus-15.6.1\lib\ltex-ls-plus-18.6.1\lib\language-detector-0.6.jar;c:\Users\Legion_5\.vscode\extensions\ltex-plus.vscode-ltex-plus-15.6.1\lib\ltex-ls-plus-18.6.1\lib\language-el-6.7.jar;c:\Users\Legion_5\.vscode\extensions\ltex-plus.vscode-ltex-plus-15.6.1\lib\ltex-ls-plus-18.6.1\lib\language-en-6.7.jar;c:\Users\Legion_5\.vscode\extensions\ltex-plus.vscode-ltex-plus-15.6.1\lib\ltex-ls-plus-18.6.1\lib\language-eo-6.7.jar;c:\Users\Legion_5\.vscode\extensions\ltex-plus.vscode-ltex-plus-15.6.1\lib\ltex-ls-plus-18.6.1\lib\language-es-6.7.jar;c:\Users\Legion_5\.vscode\extensions\ltex-plus.vscode-ltex-plus-15.6.1\lib\ltex-ls-plus-18.6.1\lib\language-fa-6.7.jar;c:\Users\Legion_5\.vscode\extensions\ltex-plus.vscode-ltex-plus-15.6.1\lib\ltex-ls-plus-18.6.1\lib\language-fr-6.7.jar;c:\Users\Legion_5\.vscode\extensions\ltex-plus.vscode-ltex-plus-15.6.1\lib\ltex-ls-plus-18.6.1\lib\language-ga-6.7.jar;c:\Users\Legion_5\.vscode\extensions\ltex-plus.vscode-ltex-plus-15.6.1\lib\ltex-ls-plus-18.6.1\lib\language-gl-6.7.jar;c:\Users\Legion_5\.vscode\extensions\ltex-plus.vscode-ltex-plus-15.6.1\lib\ltex-ls-plus-18.6.1\lib\language-it-6.7.jar;c:\Users\Legion_5\.vscode\extensions\ltex-plus.vscode-ltex-plus-15.6.1\lib\ltex-ls-plus-18.6.1\lib\language-ja-6.7.jar;c:\Users\Legion_5\.vscode\extensions\ltex-plus.vscode-ltex-plus-15.6.1\lib\ltex-ls-plus-18.6.1\lib\language-km-6.7.jar;c:\Users\Legion_5\.vscode\extensions\ltex-plus.vscode-ltex-plus-15.6.1\lib\ltex-ls-plus-18.6.1\lib\language-nl-6.7.jar;c:\Users\Legion_5\.vscode\extensions\ltex-plus.vscode-ltex-plus-15.6.1\lib\ltex-ls-plus-18.6.1\lib\language-pl-6.7.jar;c:\Users\Legion_5\.vscode\extensions\ltex-plus.vscode-ltex-plus-15.6.1\lib\ltex-ls-plus-18.6.1\lib\language-pt-6.7.jar;c:\Users\Legion_5\.vscode\extensions\ltex-plus.vscode-ltex-plus-15.6.1\lib\ltex-ls-plus-18.6.1\lib\language-ro-6.7.jar;c:\Users\Legion_5\.vscode\extensions\ltex-plus.vscode-ltex-plus-15.6.1\lib\ltex-ls-plus-18.6.1\lib\language-ru-6.7.jar;c:\Users\Legion_5\.vscode\extensions\ltex-plus.vscode-ltex-plus-15.6.1\lib\ltex-ls-plus-18.6.1\lib\language-sk-6.7.jar;c:\Users\Legion_5\.vscode\extensions\ltex-plus.vscode-ltex-plus-15.6.1\lib\ltex-ls-plus-18.6.1\lib\language-sl-6.7.jar;c:\Users\Legion_5\.vscode\extensions\ltex-plus.vscode-ltex-plus-15.6.1\lib\ltex-ls-plus-18.6.1\lib\language-sv-6.7.jar;c:\Users\Legion_5\.vscode\extensions\ltex-plus.vscode-ltex-plus-15.6.1\lib\ltex-ls-plus-18.6.1\lib\language-ta-6.7.jar;c:\Users\Legion_5\.vscode\extensions\ltex-plus.vscode-ltex-plus-15.6.1\lib\ltex-ls-plus-18.6.1\lib\language-tl-6.7.jar;c:\Users\Legion_5\.vscode\extensions\ltex-plus.vscode-ltex-plus-15.6.1\lib\ltex-ls-plus-18.6.1\lib\language-uk-6.7.jar;c:\Users\Legion_5\.vscode\extensions\ltex-plus.vscode-ltex-plus-15.6.1\lib\ltex-ls-plus-18.6.1\lib\language-zh-6.7.jar;c:\Users\Legion_5\.vscode\extensions\ltex-plus.vscode-ltex-plus-15.6.1\lib\ltex-ls-plus-18.6.1\lib\languagetool-core-6.7.jar;c:\Users\Legion_5\.vscode\extensions\ltex-plus.vscode-ltex-plus-15.6.1\lib\ltex-ls-plus-18.6.1\lib\languagetool-ga-dicts-0.02.jar;c:\Users\Legion_5\.vscode\extensions\ltex-plus.vscode-ltex-plus-15.6.1\lib\ltex-ls-plus-18.6.1\lib\LatencyUtils-2.0.3.jar;c:\Users\Legion_5\.vscode\extensions\ltex-plus.vscode-ltex-plus-15.6.1\lib\ltex-ls-plus-18.6.1\lib\linguistics.grammardb.spell.languagetool-1.0.2.jar;c:\Users\Legion_5\.vscode\extensions\ltex-plus.vscode-ltex-plus-15.6.1\lib\ltex-ls-plus-18.6.1\lib\listenablefuture-9999.0-empty-to-avoid-conflict-with-guava.jar;c:\Users\Legion_5\.vscode\extensions\ltex-plus.vscode-ltex-plus-15.6.1\lib\ltex-ls-plus-18.6.1\lib\lspcli-2.2.1.jar;c:\Users\Legion_5\.vscode\extensions\ltex-plus.vscode-ltex-plus-15.6.1\lib\ltex-ls-plus-18.6.1\lib\ltexls-plus-18.6.1.jar;c:\Users\Legion_5\.vscode\extensions\ltex-plus.vscode-ltex-plus-15.6.1\lib\ltex-ls-plus-18.6.1\lib\lucene-backward-codecs-5.5.5.jar;c:\Users\Legion_5\.vscode\extensions\ltex-plus.vscode-ltex-plus-15.6.1\lib\ltex-ls-plus-18.6.1\lib\lucene-core-5.5.5.jar;c:\Users\Legion_5\.vscode\extensions\ltex-plus.vscode-ltex-plus-15.6.1\lib\ltex-ls-plus-18.6.1\lib\lucene-gosen-6.2.1-ipadic.jar;c:\Users\Legion_5\.vscode\extensions\ltex-plus.vscode-ltex-plus-15.6.1\lib\ltex-ls-plus-18.6.1\lib\micrometer-core-1.7.12.jar;c:\Users\Legion_5\.vscode\extensions\ltex-plus.vscode-ltex-plus-15.6.1\lib\ltex-ls-plus-18.6.1\lib\micrometer-registry-prometheus-1.7.12.jar;c:\Users\Legion_5\.vscode\extensions\ltex-plus.vscode-ltex-plus-15.6.1\lib\ltex-ls-plus-18.6.1\lib\morfologik-crh-lt-1.0.1.jar;c:\Users\Legion_5\.vscode\extensions\ltex-plus.vscode-ltex-plus-15.6.1\lib\ltex-ls-plus-18.6.1\lib\morfologik-fsa-2.1.9.jar;c:\Users\Legion_5\.vscode\extensions\ltex-plus.vscode-ltex-plus-15.6.1\lib\ltex-ls-plus-18.6.1\lib\morfologik-fsa-builders-2.1.9.jar;c:\Users\Legion_5\.vscode\extensions\ltex-plus.vscode-ltex-plus-15.6.1\lib\ltex-ls-plus-18.6.1\lib\morfologik-speller-2.1.9.jar;c:\Users\Legion_5\.vscode\extensions\ltex-plus.vscode-ltex-plus-15.6.1\lib\ltex-ls-plus-18.6.1\lib\morfologik-stemming-2.1.9.jar;c:\Users\Legion_5\.vscode\extensions\ltex-plus.vscode-ltex-plus-15.6.1\lib\ltex-ls-plus-18.6.1\lib\morfologik-ukrainian-lt-6.7.1.jar;c:\Users\Legion_5\.vscode\extensions\ltex-plus.vscode-ltex-plus-15.6.1\lib\ltex-ls-plus-18.6.1\lib\morphology-el-1.0.0.jar;c:\Users\Legion_5\.vscode\extensions\ltex-plus.vscode-ltex-plus-15.6.1\lib\ltex-ls-plus-18.6.1\lib\opennlp-chunk-models-1.5.jar;c:\Users\Legion_5\.vscode\extensions\ltex-plus.vscode-ltex-plus-15.6.1\lib\ltex-ls-plus-18.6.1\lib\opennlp-postag-models-1.5.jar;c:\Users\Legion_5\.vscode\extensions\ltex-plus.vscode-ltex-plus-15.6.1\lib\ltex-ls-plus-18.6.1\lib\opennlp-tokenize-models-1.5.jar;c:\Users\Legion_5\.vscode\extensions\ltex-plus.vscode-ltex-plus-15.6.1\lib\ltex-ls-plus-18.6.1\lib\opennlp-tools-1.9.4.jar;c:\Users\Legion_5\.vscode\extensions\ltex-plus.vscode-ltex-plus-15.6.1\lib\ltex-ls-plus-18.6.1\lib\openregex-1.1.1.jar;c:\Users\Legion_5\.vscode\extensions\ltex-plus.vscode-ltex-plus-15.6.1\lib\ltex-ls-plus-18.6.1\lib\opentelemetry-api-1.42.1.jar;c:\Users\Legion_5\.vscode\extensions\ltex-plus.vscode-ltex-plus-15.6.1\lib\ltex-ls-plus-18.6.1\lib\opentelemetry-context-1.42.1.jar;c:\Users\Legion_5\.vscode\extensions\ltex-plus.vscode-ltex-plus-15.6.1\lib\ltex-ls-plus-18.6.1\lib\opentelemetry-semconv-1.30.1-alpha.jar;c:\Users\Legion_5\.vscode\extensions\ltex-plus.vscode-ltex-plus-15.6.1\lib\ltex-ls-plus-18.6.1\lib\org.eclipse.lsp4j-0.24.0.jar;c:\Users\Legion_5\.vscode\extensions\ltex-plus.vscode-ltex-plus-15.6.1\lib\ltex-ls-plus-18.6.1\lib\org.eclipse.lsp4j.jsonrpc-0.24.0.jar;c:\Users\Legion_5\.vscode\extensions\ltex-plus.vscode-ltex-plus-15.6.1\lib\ltex-ls-plus-18.6.1\lib\perfmark-api-0.27.0.jar;c:\Users\Legion_5\.vscode\extensions\ltex-plus.vscode-ltex-plus-15.6.1\lib\ltex-ls-plus-18.6.1\lib\picocli-4.7.7.jar;c:\Users\Legion_5\.vscode\extensions\ltex-plus.vscode-ltex-plus-15.6.1\lib\ltex-ls-plus-18.6.1\lib\portuguese-pos-dict-1.2.0.jar;c:\Users\Legion_5\.vscode\extensions\ltex-plus.vscode-ltex-plus-15.6.1\lib\ltex-ls-plus-18.6.1\lib\proto-google-common-protos-2.59.2.jar;c:\Users\Legion_5\.vscode\extensions\ltex-plus.vscode-ltex-plus-15.6.1\lib\ltex-ls-plus-18.6.1\lib\protobuf-java-3.25.8.jar;c:\Users\Legion_5\.vscode\extensions\ltex-plus.vscode-ltex-plus-15.6.1\lib\ltex-ls-plus-18.6.1\lib\resilience4j-circuitbreaker-1.7.1.jar;c:\Users\Legion_5\.vscode\extensions\ltex-plus.vscode-ltex-plus-15.6.1\lib\ltex-ls-plus-18.6.1\lib\resilience4j-core-1.7.1.jar;c:\Users\Legion_5\.vscode\extensions\ltex-plus.vscode-ltex-plus-15.6.1\lib\ltex-ls-plus-18.6.1\lib\resilience4j-micrometer-1.7.1.jar;c:\Users\Legion_5\.vscode\extensions\ltex-plus.vscode-ltex-plus-15.6.1\lib\ltex-ls-plus-18.6.1\lib\segment-2.0.3.jar;c:\Users\Legion_5\.vscode\extensions\ltex-plus.vscode-ltex-plus-15.6.1\lib\ltex-ls-plus-18.6.1\lib\simpleclient-0.16.0.jar;c:\Users\Legion_5\.vscode\extensions\ltex-plus.vscode-ltex-plus-15.6.1\lib\ltex-ls-plus-18.6.1\lib\simpleclient_common-0.10.0.jar;c:\Users\Legion_5\.vscode\extensions\ltex-plus.vscode-ltex-plus-15.6.1\lib\ltex-ls-plus-18.6.1\lib\simpleclient_guava-0.16.0.jar;c:\Users\Legion_5\.vscode\extensions\ltex-plus.vscode-ltex-plus-15.6.1\lib\ltex-ls-plus-18.6.1\lib\simpleclient_tracer_common-0.16.0.jar;c:\Users\Legion_5\.vscode\extensions\ltex-plus.vscode-ltex-plus-15.6.1\lib\ltex-ls-plus-18.6.1\lib\simpleclient_tracer_otel-0.16.0.jar;c:\Users\Legion_5\.vscode\extensions\ltex-plus.vscode-ltex-plus-15.6.1\lib\ltex-ls-plus-18.6.1\lib\simpleclient_tracer_otel_agent-0.16.0.jar;c:\Users\Legion_5\.vscode\extensions\ltex-plus.vscode-ltex-plus-15.6.1\lib\ltex-ls-plus-18.6.1\lib\slf4j-api-2.0.16.jar;c:\Users\Legion_5\.vscode\extensions\ltex-plus.vscode-ltex-plus-15.6.1\lib\ltex-ls-plus-18.6.1\lib\slf4j-nop-2.0.17.jar;c:\Users\Legion_5\.vscode\extensions\ltex-plus.vscode-ltex-plus-15.6.1\lib\ltex-ls-plus-18.6.1\lib\spanish-pos-dict-2.5.jar;c:\Users\Legion_5\.vscode\extensions\ltex-plus.vscode-ltex-plus-15.6.1\lib\ltex-ls-plus-18.6.1\lib\stax2-api-4.2.2.jar;c:\Users\Legion_5\.vscode\extensions\ltex-plus.vscode-ltex-plus-15.6.1\lib\ltex-ls-plus-18.6.1\lib\txw2-4.0.5.jar;c:\Users\Legion_5\.vscode\extensions\ltex-plus.vscode-ltex-plus-15.6.1\lib\ltex-ls-plus-18.6.1\lib\unit-api-1.0.jar;c:\Users\Legion_5\.vscode\extensions\ltex-plus.vscode-ltex-plus-15.6.1\lib\ltex-ls-plus-18.6.1\lib\uom-lib-common-1.1.jar;c:\Users\Legion_5\.vscode\extensions\ltex-plus.vscode-ltex-plus-15.6.1\lib\ltex-ls-plus-18.6.1\lib\vavr-0.10.2.jar;c:\Users\Legion_5\.vscode\extensions\ltex-plus.vscode-ltex-plus-15.6.1\lib\ltex-ls-plus-18.6.1\lib\vavr-match-0.10.2.jar;c:\Users\Legion_5\.vscode\extensions\ltex-plus.vscode-ltex-plus-15.6.1\lib\ltex-ls-plus-18.6.1\lib\woodstox-core-7.1.1.jar
Launcher Type: SUN_STANDARD

[Global flags]
     intx CICompilerCount                          = 12                                        {product} {ergonomic}
     uint ConcGCThreads                            = 5                                         {product} {ergonomic}
     uint G1ConcRefinementThreads                  = 18                                        {product} {ergonomic}
   size_t G1HeapRegionSize                         = 1048576                                   {product} {ergonomic}
    uintx GCDrainStackTargetSize                   = 64                                        {product} {ergonomic}
   size_t InitialHeapSize                          = 67108864                                  {product} {command line}
   size_t MarkStackSize                            = 4194304                                   {product} {ergonomic}
   size_t MaxHeapSize                              = 2147483648                                {product} {command line}
   size_t MaxNewSize                               = 1287651328                                {product} {ergonomic}
   size_t MinHeapDeltaBytes                        = 1048576                                   {product} {ergonomic}
   size_t MinHeapSize                              = 67108864                                  {product} {command line}
    uintx NonNMethodCodeHeapSize                   = 7602480                                {pd product} {ergonomic}
    uintx NonProfiledCodeHeapSize                  = 122027880                              {pd product} {ergonomic}
    uintx ProfiledCodeHeapSize                     = 122027880                              {pd product} {ergonomic}
    uintx ReservedCodeCacheSize                    = 251658240                              {pd product} {ergonomic}
     bool SegmentedCodeCache                       = true                                      {product} {ergonomic}
   size_t SoftMaxHeapSize                          = 2147483648                             {manageable} {ergonomic}
     bool UseCompressedOops                        = true                           {product lp64_product} {ergonomic}
     bool UseG1GC                                  = true                                      {product} {ergonomic}
     bool UseLargePagesIndividualAllocation        = false                                  {pd product} {ergonomic}

Logging:
Log output configuration:
 #0: stdout all=warning uptime,level,tags foldmultilines=false
 #1: stderr all=off uptime,level,tags foldmultilines=false

Environment Variables:
JAVA_HOME=c:\Users\Legion_5\.vscode\extensions\ltex-plus.vscode-ltex-plus-15.6.1\lib\ltex-ls-plus-18.6.1\jdk-21.0.8+9
CLASSPATH="c:\Users\Legion_5\.vscode\extensions\ltex-plus.vscode-ltex-plus-15.6.1\lib\ltex-ls-plus-18.6.1"\etc;"c:\Users\Legion_5\.vscode\extensions\ltex-plus.vscode-ltex-plus-15.6.1\lib\ltex-ls-plus-18.6.1\lib"\*
PATH=C:\Users\Legion_5\AppData\Local\Programs\Microsoft VS Code;D:\program_files\bin;C:\Python314\Scripts\;C:\Python314\;C:\msys64\ucrt64\bin;C:\Python313\Scripts\;C:\Python313\;C:\WINDOWS\system32;C:\WINDOWS;C:\WINDOWS\System32\Wbem;C:\WINDOWS\System32\WindowsPowerShell\v1.0\;C:\WINDOWS\System32\OpenSSH\;C:\Program Files\NVIDIA Corporation\NVIDIA App\NvDLISR;C:\Program Files (x86)\NVIDIA Corporation\PhysX\Common;C:\Program Files (x86)\Windows Kits\10\Windows Performance Toolkit\;C:\ProgramData\chocolatey\bin;C:\Program Files\WireGuard\;C:\Program Files\Wolfram Research\WolframScript\;C:\Program Files\doxygen\bin;C:\msys64\ucrt64\bin;C:\Program Files\dotnet\;C:\Program Files\nodejs\;C:\Program Files\cursor\resources\app\bin;C:\Program Files\RuDesktop\;C:\Tools\clangd-windows-21.1.0\clangd_21.1.0\bin;C:\Program Files\Git\cmd;C:\Program Files\PowerShell\7\;C:\Program Files\Docker\Docker\resources\bin;C:\Users\Legion_5\AppData\Local\Microsoft\WindowsApps;C:\Users\Legion_5\AppData\Local\Programs\Microsoft VS Code\bin;C:\Users\Legion_5\AppData\Roaming\npm;D:\Antigravity\bin;C:\texlive\2025\bin\windows;C:\Users\Legion_5\AppData\Local\Programs\cursor\resources\app\bin;C:\Users\Legion_5\.local\bin;C:\Users\Legion_5\AppData\Local\PowerToys\DSCModules\;D:\program_files\pandoc-3.9.0.2-windows-x86_64\pandoc-3.9.0.2\
USERNAME=Legion_5
OS=Windows_NT
PROCESSOR_IDENTIFIER=Intel64 Family 6 Model 183 Stepping 1, GenuineIntel
TMP=C:\Users\Legion_5\AppData\Local\Temp
TEMP=C:\Users\Legion_5\AppData\Local\Temp




Periodic native trim disabled

---------------  S Y S T E M  ---------------

OS:
 Windows 11 , 64 bit Build 26100 (10.0.26100.8246)
OS uptime: 0 days 7:53 hours
Hyper-V role detected

CPU: total 24 (initial active 24) (12 cores per cpu, 2 threads per core) family 6 model 183 stepping 1 microcode 0x133, cx8, cmov, fxsr, ht, mmx, 3dnowpref, sse, sse2, sse3, ssse3, sse4.1, sse4.2, popcnt, lzcnt, tsc, tscinvbit, avx, avx2, aes, erms, clmul, bmi1, bmi2, adx, sha, fma, vzeroupper, clflush, clflushopt, clwb, hv, serialize, rdtscp, rdpid, fsrm, f16c, cet_ibt, cet_ss
Processor Information for processor 0
  Max Mhz: 2200, Current Mhz: 1466, Mhz Limit: 2200
Processor Information for processor 1
  Max Mhz: 2200, Current Mhz: 2200, Mhz Limit: 2200
Processor Information for processor 2
  Max Mhz: 2200, Current Mhz: 2200, Mhz Limit: 2200
Processor Information for processor 3
  Max Mhz: 2200, Current Mhz: 1466, Mhz Limit: 2200
Processor Information for processor 4
  Max Mhz: 2200, Current Mhz: 1466, Mhz Limit: 2200
Processor Information for processor 5
  Max Mhz: 2200, Current Mhz: 2200, Mhz Limit: 2200
Processor Information for processor 6
  Max Mhz: 2200, Current Mhz: 2200, Mhz Limit: 2200
Processor Information for processor 7
  Max Mhz: 2200, Current Mhz: 1466, Mhz Limit: 2200
Processor Information for processor 8
  Max Mhz: 2200, Current Mhz: 2200, Mhz Limit: 2200
Processor Information for processor 9
  Max Mhz: 2200, Current Mhz: 2200, Mhz Limit: 2200
Processor Information for processor 10
  Max Mhz: 2200, Current Mhz: 2200, Mhz Limit: 2200
Processor Information for processor 11
  Max Mhz: 2200, Current Mhz: 1466, Mhz Limit: 2200
Processor Information for processor 12
  Max Mhz: 2200, Current Mhz: 2200, Mhz Limit: 2200
Processor Information for processor 13
  Max Mhz: 2200, Current Mhz: 2200, Mhz Limit: 2200
Processor Information for processor 14
  Max Mhz: 2200, Current Mhz: 2200, Mhz Limit: 2200
Processor Information for processor 15
  Max Mhz: 2200, Current Mhz: 2200, Mhz Limit: 2200
Processor Information for processor 16
  Max Mhz: 2200, Current Mhz: 1512, Mhz Limit: 2200
Processor Information for processor 17
  Max Mhz: 2200, Current Mhz: 1512, Mhz Limit: 2200
Processor Information for processor 18
  Max Mhz: 2200, Current Mhz: 1512, Mhz Limit: 2200
Processor Information for processor 19
  Max Mhz: 2200, Current Mhz: 1512, Mhz Limit: 2200
Processor Information for processor 20
  Max Mhz: 2200, Current Mhz: 1512, Mhz Limit: 2200
Processor Information for processor 21
  Max Mhz: 2200, Current Mhz: 1512, Mhz Limit: 2200
Processor Information for processor 22
  Max Mhz: 2200, Current Mhz: 1512, Mhz Limit: 2200
Processor Information for processor 23
  Max Mhz: 2200, Current Mhz: 1512, Mhz Limit: 2200

Memory: 4k page, system-wide physical 16091M (1819M free)
TotalPageFile size 24283M (AvailPageFile size 391M)
current process WorkingSet (physical memory assigned to process): 463M, peak: 558M
current process commit charge ("private bytes"): 533M, peak: 1032M

vm_info: OpenJDK 64-Bit Server VM (21.0.8+9-LTS) for windows-amd64 JRE (21.0.8+9-LTS), built on 2025-07-15T00:00:00Z by "admin" with MS VC++ 17.7 (VS2022)

END.
