#
# There is insufficient memory for the Java Runtime Environment to continue.
# Native memory allocation (mmap) failed to map 65536 bytes. Error detail: Failed to commit metaspace.
# Possible reasons:
#   The system is out of physical RAM or swap space
#   This process is running with CompressedOops enabled, and the Java Heap may be blocking the growth of the native heap
# Possible solutions:
#   Reduce memory load on the system
#   Increase physical memory or swap space
#   Check if swap backing store is full
#   Decrease Java heap size (-Xmx/-Xms)
#   Decrease number of Java threads
#   Decrease Java thread stack sizes (-Xss)
#   Set larger code cache with -XX:ReservedCodeCacheSize=
#   JVM is running with Unscaled Compressed Oops mode in which the Java heap is
#     placed in the first 4GB address space. The Java Heap base address is the
#     maximum limit for the native heap growth. Please use -XX:HeapBaseMinAddress
#     to set the Java Heap base and to place the Java Heap above 4GB virtual address.
# This output file may be truncated or incomplete.
#
#  Out of Memory Error (virtualSpaceNode.cpp:113), pid=35412, tid=32572
#
# JRE version: OpenJDK Runtime Environment Temurin-21.0.8+9 (21.0.8+9) (build 21.0.8+9-LTS)
# Java VM: OpenJDK 64-Bit Server VM Temurin-21.0.8+9 (21.0.8+9-LTS, mixed mode, tiered, compressed oops, compressed class ptrs, g1 gc, windows-amd64)
# No core dump will be written. Minidumps are not enabled by default on client versions of Windows
#

---------------  S U M M A R Y ------------

Command Line: -Xms64m -Xmx2048m -Dapp.name=ltex-ls-plus -Dapp.repo=c:\Users\Legion_5\.vscode\extensions\ltex-plus.vscode-ltex-plus-15.6.1\lib\ltex-ls-plus-18.6.1\lib -Dapp.home=c:\Users\Legion_5\.vscode\extensions\ltex-plus.vscode-ltex-plus-15.6.1\lib\ltex-ls-plus-18.6.1 -Dbasedir=c:\Users\Legion_5\.vscode\extensions\ltex-plus.vscode-ltex-plus-15.6.1\lib\ltex-ls-plus-18.6.1 org.bsplines.ltexls.LtexLanguageServerLauncher

Host: Intel(R) Core(TM) i7-14650HX, 24 cores, 15G,  Windows 11 , 64 bit Build 26100 (10.0.26100.8328)
Time: Fri May 22 07:24:11 2026 Belarus Standard Time elapsed time: 57.690959 seconds (0d 0h 0m 57s)

---------------  T H R E A D  ---------------

Current thread (0x000001ab8760d6d0):  JavaThread "pool-1-thread-1"        [_thread_in_vm, id=32572, stack(0x000000a842a00000,0x000000a842b00000) (1024K)]

Stack: [0x000000a842a00000,0x000000a842b00000]
Native frames: (J=compiled Java code, j=interpreted, Vv=VM code, C=native code)
V  [jvm.dll+0x6d2449]
V  [jvm.dll+0x8ae341]
V  [jvm.dll+0x8b08be]
V  [jvm.dll+0x8b0fa3]
V  [jvm.dll+0x280c96]
V  [jvm.dll+0x8aa07e]
V  [jvm.dll+0x6745b5]
V  [jvm.dll+0x1e5b2c]
V  [jvm.dll+0x1e58fe]
V  [jvm.dll+0x676eb2]
V  [jvm.dll+0x676cd2]
V  [jvm.dll+0x674f8e]
V  [jvm.dll+0x26bc76]
V  [jvm.dll+0x217447]
V  [jvm.dll+0x20cece]
V  [jvm.dll+0x5b19dc]
V  [jvm.dll+0x827606]
V  [jvm.dll+0x4741b6]
V  [jvm.dll+0x47a088]
C  [java.dll+0x17ec]

Java frames: (J=compiled Java code, j=interpreted, Vv=VM code)
J 613  java.lang.ClassLoader.defineClass1(Ljava/lang/ClassLoader;Ljava/lang/String;[BIILjava/security/ProtectionDomain;Ljava/lang/String;)Ljava/lang/Class; java.base@21.0.8 (0 bytes) @ 0x000001abf4006d09 [0x000001abf4006c40+0x00000000000000c9]
J 1137 c1 java.lang.ClassLoader.defineClass(Ljava/lang/String;[BIILjava/security/ProtectionDomain;)Ljava/lang/Class; java.base@21.0.8 (43 bytes) @ 0x000001abec64ef6c [0x000001abec64ec20+0x000000000000034c]
J 1393 c1 java.security.SecureClassLoader.defineClass(Ljava/lang/String;[BIILjava/security/CodeSource;)Ljava/lang/Class; java.base@21.0.8 (16 bytes) @ 0x000001abec6d6b9c [0x000001abec6d6ac0+0x00000000000000dc]
J 1096 c1 jdk.internal.loader.BuiltinClassLoader.defineClass(Ljava/lang/String;Ljdk/internal/loader/Resource;)Ljava/lang/Class; java.base@21.0.8 (121 bytes) @ 0x000001abec63ae94 [0x000001abec639b80+0x0000000000001314]
J 1019 c1 jdk.internal.loader.BuiltinClassLoader.findClassOnClassPathOrNull(Ljava/lang/String;)Ljava/lang/Class; java.base@21.0.8 (64 bytes) @ 0x000001abec605154 [0x000001abec6044a0+0x0000000000000cb4]
J 560 c1 jdk.internal.loader.BuiltinClassLoader.loadClassOrNull(Ljava/lang/String;Z)Ljava/lang/Class; java.base@21.0.8 (143 bytes) @ 0x000001abec5269dc [0x000001abec525fe0+0x00000000000009fc]
J 618 c1 jdk.internal.loader.ClassLoaders$AppClassLoader.loadClass(Ljava/lang/String;Z)Ljava/lang/Class; java.base@21.0.8 (40 bytes) @ 0x000001abec53e03c [0x000001abec53de60+0x00000000000001dc]
J 598 c1 java.lang.ClassLoader.loadClass(Ljava/lang/String;)Ljava/lang/Class; java.base@21.0.8 (7 bytes) @ 0x000001abec534544 [0x000001abec534440+0x0000000000000104]
v  ~StubRoutines::call_stub 0x000001abf388100d
j  com.vladsch.flexmark.parser.core.BlockQuoteParser$BlockFactory.tryStart(Lcom/vladsch/flexmark/parser/block/ParserState;Lcom/vladsch/flexmark/parser/block/MatchedBlockParser;)Lcom/vladsch/flexmark/parser/block/BlockStart;+97
j  com.vladsch.flexmark.parser.internal.DocumentParser.findBlockStart(Lcom/vladsch/flexmark/parser/block/BlockParser;)Lcom/vladsch/flexmark/parser/internal/BlockStartImpl;+54
j  com.vladsch.flexmark.parser.internal.DocumentParser.incorporateLine(Lcom/vladsch/flexmark/util/sequence/BasedSequence;)V+692
j  com.vladsch.flexmark.parser.internal.DocumentParser.parse(Ljava/lang/CharSequence;)Lcom/vladsch/flexmark/util/ast/Document;+163
j  com.vladsch.flexmark.parser.Parser.parse(Ljava/lang/String;)Lcom/vladsch/flexmark/util/ast/Document;+62
j  org.bsplines.ltexls.parsing.markdown.MarkdownAnnotatedTextBuilder.addCode(Ljava/lang/String;)Lorg/bsplines/ltexls/parsing/markdown/MarkdownAnnotatedTextBuilder;+11
j  org.bsplines.ltexls.parsing.markdown.MarkdownAnnotatedTextBuilder.addCode(Ljava/lang/String;)Lorg/bsplines/ltexls/parsing/CodeAnnotatedTextBuilder;+2
j  org.bsplines.ltexls.server.DocumentChecker.buildAnnotatedTextFragments(Ljava/util/List;Lorg/bsplines/ltexls/server/LtexTextDocumentItem;Z)Ljava/util/List;+105
j  org.bsplines.ltexls.server.DocumentChecker.check(Lorg/bsplines/ltexls/server/LtexTextDocumentItem;Lorg/eclipse/lsp4j/Range;)Lkotlin/Pair;+71
j  org.bsplines.ltexls.server.LtexTextDocumentItem.check(Lorg/eclipse/lsp4j/Range;Z)Lkotlin/Pair;+431
j  org.bsplines.ltexls.server.LtexTextDocumentItem.checkAndGetDiagnostics(Lorg/eclipse/lsp4j/Range;Z)Ljava/util/List;+24
j  org.bsplines.ltexls.server.LtexTextDocumentItem.checkAndPublishDiagnostics(Lorg/eclipse/lsp4j/Range;Z)Z+11
j  org.bsplines.ltexls.server.LtexTextDocumentItem.checkAndPublishDiagnosticsWithoutCache(Lorg/eclipse/lsp4j/Range;)Z+3
j  org.bsplines.ltexls.server.LtexTextDocumentItem.checkAndPublishDiagnosticsWithoutCache$default(Lorg/bsplines/ltexls/server/LtexTextDocumentItem;Lorg/eclipse/lsp4j/Range;ILjava/lang/Object;)Z+10
j  org.bsplines.ltexls.server.LtexTextDocumentService.didOpen$lambda$0(Lorg/bsplines/ltexls/server/LtexTextDocumentItem;)V+7
j  org.bsplines.ltexls.server.LtexTextDocumentService$$Lambda+0x0000000100316000.run()V+4
j  java.util.concurrent.Executors$RunnableAdapter.call()Ljava/lang/Object;+4 java.base@21.0.8
j  java.util.concurrent.FutureTask.run()V+39 java.base@21.0.8
j  java.util.concurrent.ScheduledThreadPoolExecutor$ScheduledFutureTask.run()V+28 java.base@21.0.8
j  java.util.concurrent.ThreadPoolExecutor.runWorker(Ljava/util/concurrent/ThreadPoolExecutor$Worker;)V+92 java.base@21.0.8
j  java.util.concurrent.ThreadPoolExecutor$Worker.run()V+5 java.base@21.0.8
j  java.lang.Thread.runWith(Ljava/lang/Object;Ljava/lang/Runnable;)V+5 java.base@21.0.8
j  java.lang.Thread.run()V+19 java.base@21.0.8
v  ~StubRoutines::call_stub 0x000001abf388100d

Compiled method (n/a) 57716  613     n 0       java.lang.ClassLoader::defineClass1 (native)
 total in heap  [0x000001abf4006a90,0x000001abf40070e8] = 1624
 relocation     [0x000001abf4006bf0,0x000001abf4006c28] = 56
 main code      [0x000001abf4006c40,0x000001abf40070e7] = 1191
 stub code      [0x000001abf40070e7,0x000001abf40070e8] = 1

[Constant Pool (empty)]

[MachCode]
[Entry Point]
  # {method} {0x000001ab83022a18} 'defineClass1' '(Ljava/lang/ClassLoader;Ljava/lang/String;[BIILjava/security/ProtectionDomain;Ljava/lang/String;)Ljava/lang/Class;' in 'java/lang/ClassLoader'
  # parm0:    rdx:rdx   = 'java/lang/ClassLoader'
  # parm1:    r8:r8     = 'java/lang/String'
  # parm2:    r9:r9     = '[B'
  # parm3:    rdi       = int
  # parm4:    rsi       = int
  # parm5:    rcx:rcx   = 'java/security/ProtectionDomain'
  # parm6:    [sp+0xa0]   = 'java/lang/String'  (sp of caller)
  0x000001abf4006c40: 448b 5208 | 49c1 e203 | 493b c20f | 8407 0000 

  0x000001abf4006c50: ;   {runtime_call ic_miss_stub}
  0x000001abf4006c50: 00e9 2a7b | 8cff 6690 
[Verified Entry Point]
  0x000001abf4006c58: 8984 2400 | 80ff ff55 | 488b ec48 | 81ec 9000 | 0000 6690 | 4181 7f20 | 0700 0000 

  0x000001abf4006c74: ;   {runtime_call StubRoutines (final stubs)}
  0x000001abf4006c74: 7405 e8a5 | e08a ff48 | 837d 1000 | 488d 4510 | 480f 4445 | 1048 8944 | 2440 4889 | 4c24 7048 
  0x000001abf4006c94: 83f9 0048 | 8d44 2470 | 480f 4444 | 2470 4889 | 4424 3848 | 8974 2430 | 4889 7c24 | 284c 894c 
  0x000001abf4006cb4: 2458 4983 | f900 488d | 4424 5848 | 0f44 4424 | 5848 8944 | 2420 4c89 | 4424 5049 | 83f8 004c 
  0x000001abf4006cd4: 8d4c 2450 | 4c0f 444c | 2450 4889 | 5424 4848 | 83fa 004c | 8d44 2448 | 4c0f 4444 

  0x000001abf4006cf0: ;   {oop(a 'java/lang/Class'{0x000000008056c090} = 'java/lang/ClassLoader')}
  0x000001abf4006cf0: 2448 49be | 90c0 5680 | 0000 0000 | 4c89 7424 | 784c 8d74 | 2478 498b | d6c5 f877 

  0x000001abf4006d0c: ;   {internal_word}
  0x000001abf4006d0c: 49ba 096d | 00f4 ab01 | 0000 4d89 | 97a0 0300 | 0049 89a7 | 9803 0000 

  0x000001abf4006d24: ;   {external_word}
  0x000001abf4006d24: 49ba 56cc | 6313 f87f | 0000 4180 | 3a00 0f84 | 4e00 0000 | 5241 5041 

  0x000001abf4006d3c: ;   {metadata({method} {0x000001ab83022a18} 'defineClass1' '(Ljava/lang/ClassLoader;Ljava/lang/String;[BIILjava/security/ProtectionDomain;Ljava/lang/String;)Ljava/lang/Class;' in 'java/lang/ClassLoader')}
  0x000001abf4006d3c: 5148 ba10 | 2a02 83ab | 0100 0049 | 8bcf 4883 | ec20 40f6 | c40f 0f84 | 1900 0000 | 4883 ec08 
  0x000001abf4006d5c: ;   {runtime_call}
  0x000001abf4006d5c: 48b8 908d | 0d13 f87f | 0000 ffd0 | 4883 c408 | e90c 0000 

  0x000001abf4006d70: ;   {runtime_call}
  0x000001abf4006d70: 0048 b890 | 8d0d 13f8 | 7f00 00ff | d048 83c4 | 2041 5941 | 585a 498d | 8fb8 0300 | 0041 c787 
  0x000001abf4006d90: 4404 0000 | 0400 0000 

  0x000001abf4006d98: ;   {runtime_call}
  0x000001abf4006d98: 48b8 ac16 | 543b f87f | 0000 ffd0 | c5f8 7741 | c787 4404 | 0000 0500 | 0000 f083 | 4424 c000 
  0x000001abf4006db8: 493b af48 | 0400 000f | 870e 0000 | 0041 83bf | 4004 0000 | 000f 842b | 0000 00c5 | f877 4889 
  0x000001abf4006dd8: 45f8 498b | cf4c 8be4 | 4883 ec20 | 4883 e4f0 

  0x000001abf4006de8: ;   {runtime_call}
  0x000001abf4006de8: 48b8 20fa | d812 f87f | 0000 ffd0 | 498b e44d | 33e4 488b | 45f8 41c7 | 8744 0400 | 0008 0000 
  0x000001abf4006e08: 0041 83bf | c004 0000 | 020f 84a3 

  0x000001abf4006e14: ;   {external_word}
  0x000001abf4006e14: 0200 0049 | ba56 cc63 | 13f8 7f00 | 0041 803a | 000f 844c | 0000 0048 

  0x000001abf4006e2c: ;   {metadata({method} {0x000001ab83022a18} 'defineClass1' '(Ljava/lang/ClassLoader;Ljava/lang/String;[BIILjava/security/ProtectionDomain;Ljava/lang/String;)Ljava/lang/Class;' in 'java/lang/ClassLoader')}
  0x000001abf4006e2c: 8945 f848 | ba10 2a02 | 83ab 0100 | 0049 8bcf | 4883 ec20 | 40f6 c40f | 0f84 1900 | 0000 4883 
  0x000001abf4006e4c: ;   {runtime_call}
  0x000001abf4006e4c: ec08 48b8 | 908d 0d13 | f87f 0000 | ffd0 4883 | c408 e90c 

  0x000001abf4006e60: ;   {runtime_call}
  0x000001abf4006e60: 0000 0048 | b890 8d0d | 13f8 7f00 | 00ff d048 | 83c4 2048 | 8b45 f849 | c787 9803 | 0000 0000 
  0x000001abf4006e80: 0000 49c7 | 87a0 0300 | 0000 0000 | 00c5 f877 | 4885 c00f | 84fe 0100 | 00a8 030f | 8508 0000 
  0x000001abf4006ea0: 0048 8b00 | e9ee 0100 | 00a8 010f | 8509 0000 | 0048 8b40 | fee9 dd01 | 0000 488b | 40ff 4180 
  0x000001abf4006ec0: 7f40 000f | 84ce 0100 | 0048 83f8 | 000f 84c4 | 0100 0049 | 8b4f 2848 | 83f9 000f | 8414 0000 
  0x000001abf4006ee0: 0048 83e9 | 0849 894f | 2849 034f | 3848 8901 | e9a2 0100 | 0048 81ec | d000 0000 | 4889 0424 
  0x000001abf4006f00: 4889 4c24 | 0848 8954 | 2410 4889 | 7424 1848 | 897c 2420 | 4c89 4424 | 284c 894c | 2430 4c89 
  0x000001abf4006f20: 5424 384c | 895c 2440 | c5fb 1144 | 2450 c5fb | 114c 2458 | c5fb 1154 | 2460 c5fb | 115c 2468 
  0x000001abf4006f40: c5fb 1164 | 2470 c5fb | 116c 2478 | c5fb 11b4 | 2480 0000 | 00c5 fb11 | bc24 8800 | 0000 c57b 
  0x000001abf4006f60: ;   {no_reloc}
  0x000001abf4006f60: 1184 2490 | 0000 00c5 | 7b11 8c24 | 9800 0000 | c57b 1194 | 24a0 0000 | 00c5 7b11 | 9c24 a800 
  0x000001abf4006f80: 0000 c57b | 11a4 24b0 | 0000 00c5 | 7b11 ac24 | b800 0000 | c57b 11b4 | 24c0 0000 | 00c5 7b11 
  0x000001abf4006fa0: bc24 c800 | 0000 498b | d748 8bc8 | 4883 ec20 | 40f6 c40f | 0f84 1900 | 0000 4883 

  0x000001abf4006fbc: ;   {runtime_call}
  0x000001abf4006fbc: ec08 48b8 | c03c cc12 | f87f 0000 | ffd0 4883 | c408 e90c 

  0x000001abf4006fd0: ;   {runtime_call}
  0x000001abf4006fd0: 0000 0048 | b8c0 3ccc | 12f8 7f00 | 00ff d048 | 83c4 20c5 | 7b10 bc24 | c800 0000 | c57b 10b4 
  0x000001abf4006ff0: 24c0 0000 | 00c5 7b10 | ac24 b800 | 0000 c57b | 10a4 24b0 | 0000 00c5 | 7b10 9c24 | a800 0000 
  0x000001abf4007010: c57b 1094 | 24a0 0000 | 00c5 7b10 | 8c24 9800 | 0000 c57b | 1084 2490 | 0000 00c5 | fb10 bc24 
  0x000001abf4007030: 8800 0000 | c5fb 10b4 | 2480 0000 | 00c5 fb10 | 6c24 78c5 | fb10 6424 | 70c5 fb10 | 5c24 68c5 
  0x000001abf4007050: fb10 5424 | 60c5 fb10 | 4c24 58c5 | fb10 4424 | 504c 8b5c | 2440 4c8b | 5424 384c | 8b4c 2430 
  0x000001abf4007070: 4c8b 4424 | 2848 8b7c | 2420 488b | 7424 1848 | 8b54 2410 | 488b 4c24 | 0848 8b04 | 2448 81c4 
  0x000001abf4007090: d000 0000 | c5f8 7749 | 8b8f 2804 | 0000 c781 | 0001 0000 | 0000 0000 | c949 837f | 0800 0f85 
  0x000001abf40070b0: 0100 0000 

  0x000001abf40070b4: ;   {runtime_call StubRoutines (initial stubs)}
  0x000001abf40070b4: c3e9 469e | 87ff c5f8 | 7748 8945 | f84c 8be4 | 4883 ec20 | 4883 e4f0 

  0x000001abf40070cc: ;   {runtime_call}
  0x000001abf40070cc: 48b8 30c5 | 0d13 f87f | 0000 ffd0 | 498b e44d | 33e4 488b | 45f8 e930 | fdff fff4 
[/MachCode]


Compiled method (c1) 57721 1137       3       java.lang.ClassLoader::defineClass (43 bytes)
 total in heap  [0x000001abec64ea10,0x000001abec64f358] = 2376
 relocation     [0x000001abec64eb70,0x000001abec64ec10] = 160
 main code      [0x000001abec64ec20,0x000001abec64f0b0] = 1168
 stub code      [0x000001abec64f0b0,0x000001abec64f128] = 120
 metadata       [0x000001abec64f128,0x000001abec64f158] = 48
 scopes data    [0x000001abec64f158,0x000001abec64f248] = 240
 scopes pcs     [0x000001abec64f248,0x000001abec64f328] = 224
 dependencies   [0x000001abec64f328,0x000001abec64f330] = 8
 nul chk table  [0x000001abec64f330,0x000001abec64f358] = 40

[Constant Pool (empty)]

[MachCode]
[Entry Point]
  # {method} {0x000001ab83022868} 'defineClass' '(Ljava/lang/String;[BIILjava/security/ProtectionDomain;)Ljava/lang/Class;' in 'java/lang/ClassLoader'
  # this:     rdx:rdx   = 'java/lang/ClassLoader'
  # parm0:    r8:r8     = 'java/lang/String'
  # parm1:    r9:r9     = '[B'
  # parm2:    rdi       = int
  # parm3:    rsi       = int
  # parm4:    rcx:rcx   = 'java/security/ProtectionDomain'
  #           [sp+0xc0]  (sp of caller)
  0x000001abec64ec20: 448b 5208 | 49c1 e203 

  0x000001abec64ec28: ;   {runtime_call ic_miss_stub}
  0x000001abec64ec28: 4c3b d00f | 854f fb27 | 0766 6666 | 0f1f 8400 | 0000 0000 | 6666 6690 
[Verified Entry Point]
  0x000001abec64ec40: 8984 2400 | 80ff ff55 | 4881 ecb0 | 0000 0090 | 4181 7f20 | 0700 0000 

  0x000001abec64ec58: ;   {runtime_call StubRoutines (final stubs)}
  0x000001abec64ec58: 7405 e8c1 | 6026 0748 | 8954 2478 

  0x000001abec64ec64: ;   {metadata(method data for {method} {0x000001ab83022868} 'defineClass' '(Ljava/lang/String;[BIILjava/security/ProtectionDomain;)Ljava/lang/Class;' in 'java/lang/ClassLoader')}
  0x000001abec64ec64: 48bb 5874 | d583 ab01 | 0000 8b83 | cc00 0000 | 83c0 0289 | 83cc 0000 | 0025 fe07 | 0000 85c0 
  0x000001abec64ec84: 0f84 4803 | 0000 89b4 | 2494 0000 | 0089 bc24 | 9000 0000 | 4c89 8c24 | 8800 0000 

  0x000001abec64eca0: ;   {metadata(method data for {method} {0x000001ab83022868} 'defineClass' '(Ljava/lang/String;[BIILjava/security/ProtectionDomain;)Ljava/lang/Class;' in 'java/lang/ClassLoader')}
  0x000001abec64eca0: 488b da48 | b858 74d5 | 83ab 0100 | 0048 8380 | 1001 0000 | 0149 8bd8 | 4c8b c34c | 8bc9 488b 
  0x000001abec64ecc0: ca48 8bd1 | 4889 9c24 | 8000 0000 

  0x000001abec64eccc: ;   {optimized virtual_call}
  0x000001abec64eccc: 6666 90e8 

  0x000001abec64ecd0: ; ImmutableOopMap {[120]=Oop [128]=Oop [136]=Oop }
                      ;*invokevirtual preDefineClass {reexecute=0 rethrow=0 return_oop=0}
                      ; - java.lang.ClassLoader::defineClass@4
  0x000001abec64ecd0: 4c27 0000 

  0x000001abec64ecd4: ;   {other}
  0x000001abec64ecd4: 0f1f 8400 | c402 0000 | 4889 8424 | 9800 0000 | 488b 5424 

  0x000001abec64ece8: ;   {metadata(method data for {method} {0x000001ab83022868} 'defineClass' '(Ljava/lang/String;[BIILjava/security/ProtectionDomain;)Ljava/lang/Class;' in 'java/lang/ClassLoader')}
  0x000001abec64ece8: 7849 b858 | 74d5 83ab | 0100 0049 | 8380 4801 

  0x000001abec64ecf8: ;   {metadata(method data for {method} {0x000001ab830226b8} 'defineClassSourceLocation' '(Ljava/security/ProtectionDomain;)Ljava/lang/String;' in 'java/lang/ClassLoader')}
  0x000001abec64ecf8: 0000 0149 | b870 7bd5 | 83ab 0100 | 0041 8b90 | cc00 0000 | 83c2 0241 | 8990 cc00 | 0000 81e2 
  0x000001abec64ed18: feff 1f00 | 85d2 0f84 | cf02 0000 

  0x000001abec64ed24: ; implicit exception: dispatches to 0x000001abec64f014
  0x000001abec64ed24: 483b 004c 

  0x000001abec64ed28: ;   {metadata(method data for {method} {0x000001ab830226b8} 'defineClassSourceLocation' '(Ljava/security/ProtectionDomain;)Ljava/lang/String;' in 'java/lang/ClassLoader')}
  0x000001abec64ed28: 8bc0 48ba | 707b d583 | ab01 0000 | 4883 8210 | 0100 0001 | 448b 4010 

  0x000001abec64ed40: ;   {metadata(method data for {method} {0x000001ab830226b8} 'defineClassSourceLocation' '(Ljava/security/ProtectionDomain;)Ljava/lang/String;' in 'java/lang/ClassLoader')}
  0x000001abec64ed40: 4d85 c048 | ba70 7bd5 | 83ab 0100 | 0048 c7c6 | 5801 0000 | 7507 48c7 | c648 0100 | 0048 8b3c 
  0x000001abec64ed60: 3248 8d7f | 0148 893c | 320f 850f 

  0x000001abec64ed6c: ;   {oop(nullptr)}
  0x000001abec64ed6c: 0000 0048 | bb00 0000 | 0000 0000 | 00e9 9901 | 0000 493b | 0049 8bd0 

  0x000001abec64ed84: ;   {metadata(method data for {method} {0x000001ab830226b8} 'defineClassSourceLocation' '(Ljava/security/ProtectionDomain;)Ljava/lang/String;' in 'java/lang/ClassLoader')}
  0x000001abec64ed84: 48be 707b | d583 ab01 | 0000 4883 | 8668 0100 | 0001 418b | 500c 4885 

  0x000001abec64ed9c: ;   {metadata(method data for {method} {0x000001ab830226b8} 'defineClassSourceLocation' '(Ljava/security/ProtectionDomain;)Ljava/lang/String;' in 'java/lang/ClassLoader')}
  0x000001abec64ed9c: d248 be70 | 7bd5 83ab | 0100 0048 | c7c7 b001 | 0000 7507 | 48c7 c7a0 | 0100 0048 | 8b1c 3e48 
  0x000001abec64edbc: 8d5b 0148 | 891c 3e0f | 850f 0000 

  0x000001abec64edc8: ;   {oop(nullptr)}
  0x000001abec64edc8: 0048 bb00 | 0000 0000 | 0000 00e9 | 3f01 0000 

  0x000001abec64edd8: ;   {metadata(method data for {method} {0x000001ab830226b8} 'defineClassSourceLocation' '(Ljava/security/ProtectionDomain;)Ljava/lang/String;' in 'java/lang/ClassLoader')}
  0x000001abec64edd8: 48be 707b | d583 ab01 | 0000 4883 | 86c0 0100 | 0001 483b | 024c 8bc2 

  0x000001abec64edf0: ;   {metadata(method data for {method} {0x000001ab830226b8} 'defineClassSourceLocation' '(Ljava/security/ProtectionDomain;)Ljava/lang/String;' in 'java/lang/ClassLoader')}
  0x000001abec64edf0: 48be 707b | d583 ab01 | 0000 4883 | 86f8 0100 

  0x000001abec64ee00: ;   {metadata(method data for {method} {0x000001ab830e33d0} 'toString' '()Ljava/lang/String;' in 'java/net/URL')}
  0x000001abec64ee00: 0001 49b8 | c8cf 6583 | ab01 0000 | 418b b0cc | 0000 0083 | c602 4189 | b0cc 0000 | 0081 e6fe 
  0x000001abec64ee20: ff1f 0085 | f60f 84f8 | 0100 004c 

  0x000001abec64ee2c: ;   {metadata(method data for {method} {0x000001ab830e33d0} 'toString' '()Ljava/lang/String;' in 'java/net/URL')}
  0x000001abec64ee2c: 8bc2 48be | c8cf 6583 | ab01 0000 | 4883 8610 | 0100 0001 

  0x000001abec64ee40: ;   {metadata(method data for {method} {0x000001ab830e3470} 'toExternalForm' '()Ljava/lang/String;' in 'java/net/URL')}
  0x000001abec64ee40: 49b8 d8c6 | 6583 ab01 | 0000 418b | b0cc 0000 | 0083 c602 | 4189 b0cc | 0000 0081 | e6fe ff1f 
  0x000001abec64ee60: 0085 f60f | 84db 0100 | 008b 7238 

  0x000001abec64ee6c: ; implicit exception: dispatches to 0x000001abec64f065
  0x000001abec64ee6c: 483b 064c 

  0x000001abec64ee70: ;   {metadata(method data for {method} {0x000001ab830e3470} 'toExternalForm' '()Ljava/lang/String;' in 'java/net/URL')}
  0x000001abec64ee70: 8bc6 48bf | d8c6 6583 | ab01 0000 | 458b 4008 | 49c1 e003 | 4c3b 8720 | 0100 0075 | 0d48 8387 
  0x000001abec64ee90: 2801 0000 | 01e9 6000 | 0000 4c3b | 8730 0100 | 0075 0d48 | 8387 3801 | 0000 01e9 | 4a00 0000 
  0x000001abec64eeb0: 4883 bf20 | 0100 0000 | 7517 4c89 | 8720 0100 | 0048 c787 | 2801 0000 | 0100 0000 | e929 0000 
  0x000001abec64eed0: 0048 83bf | 3001 0000 | 0075 174c | 8987 3001 | 0000 48c7 | 8738 0100 | 0001 0000 | 00e9 0800 
  0x000001abec64eef0: 0000 4883 | 8710 0100 | 0001 4c8b | c248 8bd6 | 0f1f 8000 

  0x000001abec64ef04: ;   {optimized virtual_call}
  0x000001abec64ef04: 0000 00e8 

  0x000001abec64ef08: ; ImmutableOopMap {[120]=Oop [128]=Oop [136]=Oop [152]=Oop }
                      ;*invokevirtual toExternalForm {reexecute=0 rethrow=0 return_oop=0}
                      ; - java.net.URL::toExternalForm@5
                      ; - java.net.URL::toString@1
                      ; - java.lang.ClassLoader::defineClassSourceLocation@22
                      ; - java.lang.ClassLoader::defineClass@12
  0x000001abec64ef08: 9433 edff 

  0x000001abec64ef0c: ;   {other}
  0x000001abec64ef0c: 0f1f 8400 | fc04 0001 | 488b d848 | 8b84 2498 | 0000 008b | b424 9400 | 0000 8bbc | 2490 0000 
  0x000001abec64ef2c: 004c 8b8c | 2488 0000 | 004c 8b84 | 2480 0000 | 0048 8b54 

  0x000001abec64ef40: ;   {metadata(method data for {method} {0x000001ab83022868} 'defineClass' '(Ljava/lang/String;[BIILjava/security/ProtectionDomain;)Ljava/lang/Class;' in 'java/lang/ClassLoader')}
  0x000001abec64ef40: 2478 48b9 | 5874 d583 | ab01 0000 | 4883 8180 | 0100 0001 | 4c8b da49 | 8bd3 488b | c848 891c 
  0x000001abec64ef60: 2466 0f1f 

  0x000001abec64ef64: ;   {static_call}
  0x000001abec64ef64: 4400 00e8 

  0x000001abec64ef68: ; ImmutableOopMap {[120]=Oop [152]=Oop }
                      ;*invokestatic defineClass1 {reexecute=0 rethrow=0 return_oop=0}
                      ; - java.lang.ClassLoader::defineClass@27
  0x000001abec64ef68: ec7c 9b07 

  0x000001abec64ef6c: ;   {other}
  0x000001abec64ef6c: 0f1f 8400 | 5c05 0002 | 488b 5424 

  0x000001abec64ef78: ;   {metadata(method data for {method} {0x000001ab83022868} 'defineClass' '(Ljava/lang/String;[BIILjava/security/ProtectionDomain;)Ljava/lang/Class;' in 'java/lang/ClassLoader')}
  0x000001abec64ef78: 7849 b858 | 74d5 83ab | 0100 0049 | 8380 9001 | 0000 014c | 8bc0 4c8b | 8c24 9800 | 0000 488b 
  0x000001abec64ef98: 5424 7848 | 8984 24a0 | 0000 000f 

  0x000001abec64efa4: ;   {optimized virtual_call}
  0x000001abec64efa4: 1f40 00e8 

  0x000001abec64efa8: ; ImmutableOopMap {[160]=Oop }
                      ;*invokevirtual postDefineClass {reexecute=0 rethrow=0 return_oop=0}
                      ; - java.lang.ClassLoader::defineClass@37
  0x000001abec64efa8: 74ce fbff 

  0x000001abec64efac: ;   {other}
  0x000001abec64efac: 0f1f 8400 | 9c05 0003 | 488b 8424 | a000 0000 | 4881 c4b0 | 0000 005d 

  0x000001abec64efc4: ;   {poll_return}
  0x000001abec64efc4: 493b a748 | 0400 000f | 8799 0000 

  0x000001abec64efd0: ;   {metadata({method} {0x000001ab83022868} 'defineClass' '(Ljava/lang/String;[BIILjava/security/ProtectionDomain;)Ljava/lang/Class;' in 'java/lang/ClassLoader')}
  0x000001abec64efd0: 00c3 49ba | 6028 0283 | ab01 0000 | 4c89 5424 | 0848 c704 | 24ff ffff 

  0x000001abec64efe8: ;   {runtime_call counter_overflow Runtime1 stub}
  0x000001abec64efe8: ffe8 1287 

  0x000001abec64efec: ; ImmutableOopMap {rdx=Oop r8=Oop r9=Oop rcx=Oop [120]=Oop }
                      ;*synchronization entry
                      ; - java.lang.ClassLoader::defineClass@-1
  0x000001abec64efec: 3307 e997 

  0x000001abec64eff0: ;   {metadata({method} {0x000001ab830226b8} 'defineClassSourceLocation' '(Ljava/security/ProtectionDomain;)Ljava/lang/String;' in 'java/lang/ClassLoader')}
  0x000001abec64eff0: fcff ff49 | bab0 2602 | 83ab 0100 | 004c 8954 | 2408 48c7 | 0424 ffff 

  0x000001abec64f008: ;   {runtime_call counter_overflow Runtime1 stub}
  0x000001abec64f008: ffff e8f1 

  0x000001abec64f00c: ; ImmutableOopMap {rax=Oop [120]=Oop [128]=Oop [136]=Oop [152]=Oop }
                      ;*synchronization entry
                      ; - java.lang.ClassLoader::defineClassSourceLocation@-1
                      ; - java.lang.ClassLoader::defineClass@12
  0x000001abec64f00c: 8633 07e9 | 10fd ffff 

  0x000001abec64f014: ;   {runtime_call throw_null_pointer_exception Runtime1 stub}
  0x000001abec64f014: e867 2c33 

  0x000001abec64f018: ; ImmutableOopMap {rax=Oop [120]=Oop [128]=Oop [136]=Oop [152]=Oop }
                      ;*invokevirtual getCodeSource {reexecute=0 rethrow=0 return_oop=0}
                      ; - java.lang.ClassLoader::defineClassSourceLocation@1
                      ; - java.lang.ClassLoader::defineClass@12
                      ;   {runtime_call throw_null_pointer_exception Runtime1 stub}
  0x000001abec64f018: 07e8 622c 

  0x000001abec64f01c: ; ImmutableOopMap {rax=Oop r8=Oop [120]=Oop [128]=Oop [136]=Oop [152]=Oop }
                      ;*invokevirtual getLocation {reexecute=0 rethrow=0 return_oop=0}
                      ; - java.lang.ClassLoader::defineClassSourceLocation@12
                      ; - java.lang.ClassLoader::defineClass@12
                      ;   {runtime_call throw_null_pointer_exception Runtime1 stub}
  0x000001abec64f01c: 3307 e85d 

  0x000001abec64f020: ; ImmutableOopMap {rdx=Oop [120]=Oop [128]=Oop [136]=Oop [152]=Oop }
                      ;*invokevirtual toString {reexecute=0 rethrow=0 return_oop=0}
                      ; - java.lang.ClassLoader::defineClassSourceLocation@22
                      ; - java.lang.ClassLoader::defineClass@12
                      ;   {metadata({method} {0x000001ab830e33d0} 'toString' '()Ljava/lang/String;' in 'java/net/URL')}
  0x000001abec64f020: 2c33 0749 | bac8 330e | 83ab 0100 | 004c 8954 | 2408 48c7 | 0424 ffff 

  0x000001abec64f038: ;   {runtime_call counter_overflow Runtime1 stub}
  0x000001abec64f038: ffff e8c1 

  0x000001abec64f03c: ; ImmutableOopMap {rdx=Oop [120]=Oop [128]=Oop [136]=Oop [152]=Oop }
                      ;*synchronization entry
                      ; - java.net.URL::toString@-1
                      ; - java.lang.ClassLoader::defineClassSourceLocation@22
                      ; - java.lang.ClassLoader::defineClass@12
  0x000001abec64f03c: 8633 07e9 | e7fd ffff 

  0x000001abec64f044: ;   {metadata({method} {0x000001ab830e3470} 'toExternalForm' '()Ljava/lang/String;' in 'java/net/URL')}
  0x000001abec64f044: 49ba 6834 | 0e83 ab01 | 0000 4c89 | 5424 0848 | c704 24ff 

  0x000001abec64f058: ;   {runtime_call counter_overflow Runtime1 stub}
  0x000001abec64f058: ffff ffe8 

  0x000001abec64f05c: ; ImmutableOopMap {rdx=Oop [120]=Oop [128]=Oop [136]=Oop [152]=Oop }
                      ;*synchronization entry
                      ; - java.net.URL::toExternalForm@-1
                      ; - java.net.URL::toString@1
                      ; - java.lang.ClassLoader::defineClassSourceLocation@22
                      ; - java.lang.ClassLoader::defineClass@12
  0x000001abec64f05c: a086 3307 | e904 feff 

  0x000001abec64f064: ;   {runtime_call throw_null_pointer_exception Runtime1 stub}
  0x000001abec64f064: ffe8 162c 

  0x000001abec64f068: ; ImmutableOopMap {rdx=Oop rsi=Oop [120]=Oop [128]=Oop [136]=Oop [152]=Oop }
                      ;*invokevirtual toExternalForm {reexecute=0 rethrow=0 return_oop=0}
                      ; - java.net.URL::toExternalForm@5
                      ; - java.net.URL::toString@1
                      ; - java.lang.ClassLoader::defineClassSourceLocation@22
                      ; - java.lang.ClassLoader::defineClass@12
                      ;   {internal_word}
  0x000001abec64f068: 3307 49ba | c4ef 64ec | ab01 0000 | 4d89 9760 

  0x000001abec64f078: ;   {runtime_call SafepointBlob}
  0x000001abec64f078: 0400 00e9 | 8066 2807 | 498b 87f8 | 0400 0049 | c787 f804 | 0000 0000 | 0000 49c7 | 8700 0500 
  0x000001abec64f098: 0000 0000 | 0048 81c4 | b000 0000 

  0x000001abec64f0a4: ;   {runtime_call unwind_exception Runtime1 stub}
  0x000001abec64f0a4: 5de9 d61c | 3307 f4f4 | f4f4 f4f4 
[Stub Code]
  0x000001abec64f0b0: ;   {no_reloc}
  0x000001abec64f0b0: 0f1f 4400 

  0x000001abec64f0b4: ;   {static_stub}
  0x000001abec64f0b4: 0048 bb00 | 0000 0000 

  0x000001abec64f0bc: ;   {runtime_call nmethod}
  0x000001abec64f0bc: 0000 00e9 | fbff ffff 

  0x000001abec64f0c4: ;   {static_stub}
  0x000001abec64f0c4: 48bb 0000 | 0000 0000 

  0x000001abec64f0cc: ;   {runtime_call nmethod}
  0x000001abec64f0cc: 0000 e9fb 

  0x000001abec64f0d0: ;   {static_stub}
  0x000001abec64f0d0: ffff ff48 | bb00 0000 | 0000 0000 

  0x000001abec64f0dc: ;   {runtime_call nmethod}
  0x000001abec64f0dc: 00e9 fbff 

  0x000001abec64f0e0: ;   {static_stub}
  0x000001abec64f0e0: ffff 48bb | 0000 0000 | 0000 0000 

  0x000001abec64f0ec: ;   {runtime_call nmethod}
  0x000001abec64f0ec: e9fb ffff 

  0x000001abec64f0f0: ;   {runtime_call handle_exception_from_callee Runtime1 stub}
  0x000001abec64f0f0: ffe8 8a49 

  0x000001abec64f0f4: ;   {external_word}
  0x000001abec64f0f4: 3307 48b9 | 90e2 3913 | f87f 0000 | 4883 e4f0 

  0x000001abec64f104: ;   {runtime_call}
  0x000001abec64f104: 48b8 1079 | fc12 f87f | 0000 ffd0 

  0x000001abec64f110: ;   {section_word}
  0x000001abec64f110: f449 ba11 | f164 ecab | 0100 0041 

  0x000001abec64f11c: ;   {runtime_call DeoptimizationBlob}
  0x000001abec64f11c: 52e9 7e58 | 2807 f4f4 | f4f4 f4f4 
[/MachCode]


Compiled method (c1) 57731 1393       3       java.security.SecureClassLoader::defineClass (16 bytes)
 total in heap  [0x000001abec6d6910,0x000001abec6d6d10] = 1024
 relocation     [0x000001abec6d6a70,0x000001abec6d6ac0] = 80
 main code      [0x000001abec6d6ac0,0x000001abec6d6c18] = 344
 stub code      [0x000001abec6d6c18,0x000001abec6d6c68] = 80
 metadata       [0x000001abec6d6c68,0x000001abec6d6c70] = 8
 scopes data    [0x000001abec6d6c70,0x000001abec6d6cb8] = 72
 scopes pcs     [0x000001abec6d6cb8,0x000001abec6d6d08] = 80
 dependencies   [0x000001abec6d6d08,0x000001abec6d6d10] = 8

[Constant Pool (empty)]

[MachCode]
[Entry Point]
  # {method} {0x000001ab83039210} 'defineClass' '(Ljava/lang/String;[BIILjava/security/CodeSource;)Ljava/lang/Class;' in 'java/security/SecureClassLoader'
  # this:     rdx:rdx   = 'java/security/SecureClassLoader'
  # parm0:    r8:r8     = 'java/lang/String'
  # parm1:    r9:r9     = '[B'
  # parm2:    rdi       = int
  # parm3:    rsi       = int
  # parm4:    rcx:rcx   = 'java/security/CodeSource'
  #           [sp+0x80]  (sp of caller)
  0x000001abec6d6ac0: 448b 5208 | 49c1 e203 

  0x000001abec6d6ac8: ;   {runtime_call ic_miss_stub}
  0x000001abec6d6ac8: 4c3b d00f | 85af 7c1f | 0766 6666 | 0f1f 8400 | 0000 0000 | 6666 6690 
[Verified Entry Point]
  0x000001abec6d6ae0: 8984 2400 | 80ff ff55 | 4883 ec70 | 4181 7f20 | 0700 0000 

  0x000001abec6d6af4: ;   {runtime_call StubRoutines (final stubs)}
  0x000001abec6d6af4: 7405 e825 

  0x000001abec6d6af8: ;   {metadata(method data for {method} {0x000001ab83039210} 'defineClass' '(Ljava/lang/String;[BIILjava/security/CodeSource;)Ljava/lang/Class;' in 'java/security/SecureClassLoader')}
  0x000001abec6d6af8: e21d 0748 | bb48 8ed3 | 83ab 0100 | 008b 83cc | 0000 0083 | c002 8983 | cc00 0000 | 25fe 0700 
  0x000001abec6d6b18: 0085 c00f | 8496 0000 | 0089 7424 | 5c89 7c24 | 584c 894c | 2450 4c89 | 4424 4848 

  0x000001abec6d6b34: ;   {metadata(method data for {method} {0x000001ab83039210} 'defineClass' '(Ljava/lang/String;[BIILjava/security/CodeSource;)Ljava/lang/Class;' in 'java/security/SecureClassLoader')}
  0x000001abec6d6b34: 8bda 48b8 | 488e d383 | ab01 0000 | 4883 8010 | 0100 0001 | 4c8b c148 | 8bc2 488b | d048 8944 
  0x000001abec6d6b54: ;   {optimized virtual_call}
  0x000001abec6d6b54: 2440 90e8 

  0x000001abec6d6b58: ; ImmutableOopMap {[64]=Oop [72]=Oop [80]=Oop }
                      ;*invokevirtual getProtectionDomain {reexecute=0 rethrow=0 return_oop=0}
                      ; - java.security.SecureClassLoader::defineClass@9
  0x000001abec6d6b58: c43a f3ff 

  0x000001abec6d6b5c: ;   {other}
  0x000001abec6d6b5c: 0f1f 8400 | 4c02 0000 | 488b 5424 

  0x000001abec6d6b68: ;   {metadata(method data for {method} {0x000001ab83039210} 'defineClass' '(Ljava/lang/String;[BIILjava/security/CodeSource;)Ljava/lang/Class;' in 'java/security/SecureClassLoader')}
  0x000001abec6d6b68: 4049 b848 | 8ed3 83ab | 0100 0049 | 8380 4801 | 0000 014c | 8b44 2448 | 4c8b 4c24 | 508b 7c24 
  0x000001abec6d6b88: 588b 7424 | 5c48 8bc8 | 488b 5424 

  0x000001abec6d6b94: ;   {optimized virtual_call}
  0x000001abec6d6b94: 4066 90e8 

  0x000001abec6d6b98: ; ImmutableOopMap {}
                      ;*invokevirtual defineClass {reexecute=0 rethrow=0 return_oop=0}
                      ; - java.security.SecureClassLoader::defineClass@12
  0x000001abec6d6b98: a480 f7ff 

  0x000001abec6d6b9c: ;   {other}
  0x000001abec6d6b9c: 0f1f 8400 | 8c02 0001 | 4883 c470 

  0x000001abec6d6ba8: ;   {poll_return}
  0x000001abec6d6ba8: 5d49 3ba7 | 4804 0000 | 0f87 2200 

  0x000001abec6d6bb4: ;   {metadata({method} {0x000001ab83039210} 'defineClass' '(Ljava/lang/String;[BIILjava/security/CodeSource;)Ljava/lang/Class;' in 'java/security/SecureClassLoader')}
  0x000001abec6d6bb4: 0000 c349 | ba08 9203 | 83ab 0100 | 004c 8954 | 2408 48c7 | 0424 ffff 

  0x000001abec6d6bcc: ;   {runtime_call counter_overflow Runtime1 stub}
  0x000001abec6d6bcc: ffff e82d 

  0x000001abec6d6bd0: ; ImmutableOopMap {rdx=Oop r8=Oop r9=Oop rcx=Oop }
                      ;*synchronization entry
                      ; - java.security.SecureClassLoader::defineClass@-1
  0x000001abec6d6bd0: 0b2b 07e9 | 49ff ffff 

  0x000001abec6d6bd8: ;   {internal_word}
  0x000001abec6d6bd8: 49ba a96b | 6dec ab01 | 0000 4d89 | 9760 0400 

  0x000001abec6d6be8: ;   {runtime_call SafepointBlob}
  0x000001abec6d6be8: 00e9 12eb | 1f07 498b | 87f8 0400 | 0049 c787 | f804 0000 | 0000 0000 | 49c7 8700 | 0500 0000 
  0x000001abec6d6c08: 0000 0048 | 83c4 705d 

  0x000001abec6d6c10: ;   {runtime_call unwind_exception Runtime1 stub}
  0x000001abec6d6c10: e96b a12a | 07f4 f4f4 
[Stub Code]
  0x000001abec6d6c18: ;   {no_reloc}
  0x000001abec6d6c18: 48bb 0000 | 0000 0000 

  0x000001abec6d6c20: ;   {runtime_call nmethod}
  0x000001abec6d6c20: 0000 e9fb 

  0x000001abec6d6c24: ;   {static_stub}
  0x000001abec6d6c24: ffff ff48 | bb00 0000 | 0000 0000 

  0x000001abec6d6c30: ;   {runtime_call nmethod}
  0x000001abec6d6c30: 00e9 fbff 

  0x000001abec6d6c34: ;   {runtime_call handle_exception_from_callee Runtime1 stub}
  0x000001abec6d6c34: ffff e845 

  0x000001abec6d6c38: ;   {external_word}
  0x000001abec6d6c38: ce2a 0748 | b990 e239 | 13f8 7f00 | 0048 83e4 

  0x000001abec6d6c48: ;   {runtime_call}
  0x000001abec6d6c48: f048 b810 | 79fc 12f8 | 7f00 00ff 

  0x000001abec6d6c54: ;   {section_word}
  0x000001abec6d6c54: d0f4 49ba | 566c 6dec | ab01 0000 

  0x000001abec6d6c60: ;   {runtime_call DeoptimizationBlob}
  0x000001abec6d6c60: 4152 e939 | dd1f 07f4 
[/MachCode]


---------------  P R O C E S S  ---------------

Threads class SMR info:
_java_thread_list=0x000001abe75706f0, length=14, elements={
0x000001abe9a6b190, 0x000001ab821b93c0, 0x000001ab821b9e10, 0x000001ab821bc870,
0x000001ab821c5730, 0x000001ab821c6180, 0x000001ab821a6270, 0x000001ab821a4220,
0x000001ab821a5060, 0x000001ab824c6e10, 0x000001ab8248df60, 0x000001ab8cde7db0,
0x000001ab8760d6d0, 0x000001ab8865ed90
}

Java Threads: ( => current thread )
  0x000001abe9a6b190 JavaThread "main"                              [_thread_blocked, id=43788, stack(0x000000a841a00000,0x000000a841b00000) (1024K)]
  0x000001ab821b93c0 JavaThread "Reference Handler"          daemon [_thread_blocked, id=47612, stack(0x000000a842200000,0x000000a842300000) (1024K)]
  0x000001ab821b9e10 JavaThread "Finalizer"                  daemon [_thread_blocked, id=51708, stack(0x000000a842300000,0x000000a842400000) (1024K)]
  0x000001ab821bc870 JavaThread "Signal Dispatcher"          daemon [_thread_blocked, id=33080, stack(0x000000a842400000,0x000000a842500000) (1024K)]
  0x000001ab821c5730 JavaThread "Attach Listener"            daemon [_thread_blocked, id=41968, stack(0x000000a842500000,0x000000a842600000) (1024K)]
  0x000001ab821c6180 JavaThread "Service Thread"             daemon [_thread_blocked, id=51984, stack(0x000000a842600000,0x000000a842700000) (1024K)]
  0x000001ab821a6270 JavaThread "Monitor Deflation Thread"   daemon [_thread_blocked, id=34840, stack(0x000000a842700000,0x000000a842800000) (1024K)]
  0x000001ab821a4220 JavaThread "C2 CompilerThread0"         daemon [_thread_blocked, id=4600, stack(0x000000a842800000,0x000000a842900000) (1024K)]
  0x000001ab821a5060 JavaThread "C1 CompilerThread0"         daemon [_thread_blocked, id=26464, stack(0x000000a842900000,0x000000a842a00000) (1024K)]
  0x000001ab824c6e10 JavaThread "Notification Thread"        daemon [_thread_blocked, id=35956, stack(0x000000a842b00000,0x000000a842c00000) (1024K)]
  0x000001ab8248df60 JavaThread "Common-Cleaner"             daemon [_thread_blocked, id=11256, stack(0x000000a842c00000,0x000000a842d00000) (1024K)]
  0x000001ab8cde7db0 JavaThread "pool-2-thread-1"                   [_thread_in_native, id=37332, stack(0x000000a843600000,0x000000a843700000) (1024K)]
=>0x000001ab8760d6d0 JavaThread "pool-1-thread-1"                   [_thread_in_vm, id=32572, stack(0x000000a842a00000,0x000000a842b00000) (1024K)]
  0x000001ab8865ed90 JavaThread "C1 CompilerThread1"         daemon [_thread_blocked, id=50596, stack(0x000000a841900000,0x000000a841a00000) (1024K)]
Total: 14

Other Threads:
  0x000001ab8215e290 VMThread "VM Thread"                           [id=43636, stack(0x000000a842100000,0x000000a842200000) (1024K)] _threads_hazard_ptr=0x000001abe75706f0
  0x000001abffba6d70 WatcherThread "VM Periodic Task Thread"        [id=47904, stack(0x000000a842000000,0x000000a842100000) (1024K)]
  0x000001abe9ac51f0 WorkerThread "GC Thread#0"                     [id=33436, stack(0x000000a841b00000,0x000000a841c00000) (1024K)]
  0x000001ab8727d7f0 WorkerThread "GC Thread#1"                     [id=42332, stack(0x000000a842f00000,0x000000a843000000) (1024K)]
  0x000001ab8727e640 WorkerThread "GC Thread#2"                     [id=35508, stack(0x000000a843000000,0x000000a843100000) (1024K)]
  0x000001ab87294420 WorkerThread "GC Thread#3"                     [id=43828, stack(0x000000a843100000,0x000000a843200000) (1024K)]
  0x000001ab874e81b0 WorkerThread "GC Thread#4"                     [id=49196, stack(0x000000a843200000,0x000000a843300000) (1024K)]
  0x000001ab874f0580 WorkerThread "GC Thread#5"                     [id=43912, stack(0x000000a843300000,0x000000a843400000) (1024K)]
  0x000001ab87846250 WorkerThread "GC Thread#6"                     [id=5440, stack(0x000000a843800000,0x000000a843900000) (1024K)]
  0x000001ab879e8c50 WorkerThread "GC Thread#7"                     [id=5520, stack(0x000000a843900000,0x000000a843a00000) (1024K)]
  0x000001ab87add970 WorkerThread "GC Thread#8"                     [id=46592, stack(0x000000a843a00000,0x000000a843b00000) (1024K)]
  0x000001ab87ade120 WorkerThread "GC Thread#9"                     [id=44012, stack(0x000000a843b00000,0x000000a843c00000) (1024K)]
  0x000001ab88175d80 WorkerThread "GC Thread#10"                    [id=36208, stack(0x000000a843c00000,0x000000a843d00000) (1024K)]
  0x000001ab88176120 WorkerThread "GC Thread#11"                    [id=34936, stack(0x000000a843d00000,0x000000a843e00000) (1024K)]
  0x000001ab88176fa0 WorkerThread "GC Thread#12"                    [id=6312, stack(0x000000a844500000,0x000000a844600000) (1024K)]
  0x000001ab881759e0 WorkerThread "GC Thread#13"                    [id=42832, stack(0x000000a844600000,0x000000a844700000) (1024K)]
  0x000001ab87935e00 WorkerThread "GC Thread#14"                    [id=47884, stack(0x000000a844700000,0x000000a844800000) (1024K)]
  0x000001ab87937ea0 WorkerThread "GC Thread#15"                    [id=50960, stack(0x000000a844800000,0x000000a844900000) (1024K)]
  0x000001ab879356c0 WorkerThread "GC Thread#16"                    [id=13188, stack(0x000000a844900000,0x000000a844a00000) (1024K)]
  0x000001ab87936540 WorkerThread "GC Thread#17"                    [id=1968, stack(0x000000a844a00000,0x000000a844b00000) (1024K)]
  0x000001abe9ad60d0 ConcurrentGCThread "G1 Main Marker"            [id=43288, stack(0x000000a841c00000,0x000000a841d00000) (1024K)]
  0x000001abe9ad6ad0 WorkerThread "G1 Conc#0"                       [id=31544, stack(0x000000a841d00000,0x000000a841e00000) (1024K)]
  0x000001ab88176860 WorkerThread "G1 Conc#1"                       [id=18704, stack(0x000000a843e00000,0x000000a843f00000) (1024K)]
  0x000001ab881764c0 WorkerThread "G1 Conc#2"                       [id=18316, stack(0x000000a843f00000,0x000000a844000000) (1024K)]
  0x000001ab88175640 WorkerThread "G1 Conc#3"                       [id=8356, stack(0x000000a844000000,0x000000a844100000) (1024K)]
  0x000001ab88176c00 WorkerThread "G1 Conc#4"                       [id=22116, stack(0x000000a844100000,0x000000a844200000) (1024K)]
  0x000001abffa74ef0 ConcurrentGCThread "G1 Refine#0"               [id=5252, stack(0x000000a841e00000,0x000000a841f00000) (1024K)]
  0x000001abffa75800 ConcurrentGCThread "G1 Service"                [id=39316, stack(0x000000a841f00000,0x000000a842000000) (1024K)]
Total: 28

Threads with active compile tasks:
C2 CompilerThread0  57734 5316   !   4       java.net.URL::<init> (543 bytes)
Total: 1

VM state: synchronizing (normal execution)

VM Mutex/Monitor currently owned by a thread:  ([mutex/lock_event])
[0x00007ff813653458] Metaspace_lock - owner thread: 0x000001ab8760d6d0
[0x00007ff813655458] Threads_lock - owner thread: 0x000001ab8215e290

Heap address: 0x0000000080000000, size: 2048 MB, Compressed Oops mode: 32-bit

CDS archive(s) not mapped
Compressed class space mapped at: 0x0000000100000000-0x0000000140000000, reserved size: 1073741824
Narrow klass base: 0x0000000000000000, Narrow klass shift: 3, Narrow klass range: 0x140000000

GC Precious Log:
 CardTable entry size: 512
 Card Set container configuration: InlinePtr #cards 5 size 8 Array Of Cards #cards 12 size 40 Howl #buckets 4 coarsen threshold 1843 Howl Bitmap #cards 512 size 80 coarsen threshold 460 Card regions per heap region 1 cards per card region 2048
 CPUs: 24 total, 24 available
 Memory: 16091M
 Large Page Support: Disabled
 NUMA Support: Disabled
 Compressed Oops: Enabled (32-bit)
 Heap Region Size: 1M
 Heap Min Capacity: 64M
 Heap Initial Capacity: 64M
 Heap Max Capacity: 2G
 Pre-touch: Disabled
 Parallel Workers: 18
 Concurrent Workers: 5
 Concurrent Refinement Workers: 18
 Periodic GC: Disabled

Heap:
 garbage-first heap   total 749568K, used 566272K [0x0000000080000000, 0x0000000100000000)
  region size 1024K, 232 young (237568K), 36 survivors (36864K)
 Metaspace       used 31750K, committed 32000K, reserved 1114112K
  class space    used 3315K, committed 3456K, reserved 1048576K

Heap Regions: E=young(eden), S=young(survivor), O=old, HS=humongous(starts), HC=humongous(continues), CS=collection set, F=free, TAMS=top-at-mark-start, PB=parsable bottom
|   0|0x0000000080000000, 0x0000000080100000, 0x0000000080100000|100%| O|  |TAMS 0x0000000080000000| PB 0x0000000080000000| Untracked 
|   1|0x0000000080100000, 0x0000000080200000, 0x0000000080200000|100%| O|  |TAMS 0x0000000080100000| PB 0x0000000080100000| Untracked 
|   2|0x0000000080200000, 0x0000000080300000, 0x0000000080300000|100%| O|  |TAMS 0x0000000080200000| PB 0x0000000080200000| Untracked 
|   3|0x0000000080300000, 0x0000000080400000, 0x0000000080400000|100%| O|  |TAMS 0x0000000080300000| PB 0x0000000080300000| Untracked 
|   4|0x0000000080400000, 0x0000000080500000, 0x0000000080500000|100%| O|  |TAMS 0x0000000080400000| PB 0x0000000080400000| Untracked 
|   5|0x0000000080500000, 0x0000000080600000, 0x0000000080600000|100%| O|  |TAMS 0x0000000080500000| PB 0x0000000080500000| Untracked 
|   6|0x0000000080600000, 0x0000000080700000, 0x0000000080700000|100%| O|  |TAMS 0x0000000080600000| PB 0x0000000080600000| Untracked 
|   7|0x0000000080700000, 0x0000000080800000, 0x0000000080800000|100%| O|  |TAMS 0x0000000080700000| PB 0x0000000080700000| Untracked 
|   8|0x0000000080800000, 0x0000000080900000, 0x0000000080900000|100%| O|  |TAMS 0x0000000080800000| PB 0x0000000080800000| Untracked 
|   9|0x0000000080900000, 0x0000000080a00000, 0x0000000080a00000|100%| O|  |TAMS 0x0000000080900000| PB 0x0000000080900000| Untracked 
|  10|0x0000000080a00000, 0x0000000080b00000, 0x0000000080b00000|100%| O|  |TAMS 0x0000000080a00000| PB 0x0000000080a00000| Untracked 
|  11|0x0000000080b00000, 0x0000000080c00000, 0x0000000080c00000|100%| O|  |TAMS 0x0000000080b00000| PB 0x0000000080b00000| Untracked 
|  12|0x0000000080c00000, 0x0000000080d00000, 0x0000000080d00000|100%| O|  |TAMS 0x0000000080c00000| PB 0x0000000080c00000| Untracked 
|  13|0x0000000080d00000, 0x0000000080e00000, 0x0000000080e00000|100%| O|  |TAMS 0x0000000080d00000| PB 0x0000000080d00000| Untracked 
|  14|0x0000000080e00000, 0x0000000080f00000, 0x0000000080f00000|100%| O|  |TAMS 0x0000000080e00000| PB 0x0000000080e00000| Untracked 
|  15|0x0000000080f00000, 0x0000000081000000, 0x0000000081000000|100%| O|  |TAMS 0x0000000080f00000| PB 0x0000000080f00000| Untracked 
|  16|0x0000000081000000, 0x0000000081100000, 0x0000000081100000|100%| O|  |TAMS 0x0000000081000000| PB 0x0000000081000000| Untracked 
|  17|0x0000000081100000, 0x0000000081200000, 0x0000000081200000|100%| O|  |TAMS 0x0000000081100000| PB 0x0000000081100000| Untracked 
|  18|0x0000000081200000, 0x0000000081300000, 0x0000000081300000|100%| O|  |TAMS 0x0000000081200000| PB 0x0000000081200000| Untracked 
|  19|0x0000000081300000, 0x0000000081400000, 0x0000000081400000|100%| O|  |TAMS 0x0000000081300000| PB 0x0000000081300000| Untracked 
|  20|0x0000000081400000, 0x0000000081500000, 0x0000000081500000|100%| O|  |TAMS 0x0000000081400000| PB 0x0000000081400000| Untracked 
|  21|0x0000000081500000, 0x0000000081600000, 0x0000000081600000|100%|HS|  |TAMS 0x0000000081500000| PB 0x0000000081500000| Complete 
|  22|0x0000000081600000, 0x0000000081700000, 0x0000000081700000|100%| O|  |TAMS 0x0000000081600000| PB 0x0000000081600000| Untracked 
|  23|0x0000000081700000, 0x0000000081800000, 0x0000000081800000|100%| O|  |TAMS 0x0000000081700000| PB 0x0000000081700000| Untracked 
|  24|0x0000000081800000, 0x0000000081900000, 0x0000000081900000|100%| O|  |TAMS 0x0000000081800000| PB 0x0000000081800000| Untracked 
|  25|0x0000000081900000, 0x0000000081a00000, 0x0000000081a00000|100%|HS|  |TAMS 0x0000000081900000| PB 0x0000000081900000| Complete 
|  26|0x0000000081a00000, 0x0000000081b00000, 0x0000000081b00000|100%| O|  |TAMS 0x0000000081a00000| PB 0x0000000081a00000| Untracked 
|  27|0x0000000081b00000, 0x0000000081c00000, 0x0000000081c00000|100%| O|  |TAMS 0x0000000081b00000| PB 0x0000000081b00000| Untracked 
|  28|0x0000000081c00000, 0x0000000081d00000, 0x0000000081d00000|100%| O|  |TAMS 0x0000000081c00000| PB 0x0000000081c00000| Untracked 
|  29|0x0000000081d00000, 0x0000000081e00000, 0x0000000081e00000|100%| O|  |TAMS 0x0000000081d00000| PB 0x0000000081d00000| Untracked 
|  30|0x0000000081e00000, 0x0000000081f00000, 0x0000000081f00000|100%| O|  |TAMS 0x0000000081e00000| PB 0x0000000081e00000| Untracked 
|  31|0x0000000081f00000, 0x0000000082000000, 0x0000000082000000|100%| O|  |TAMS 0x0000000081f00000| PB 0x0000000081f00000| Untracked 
|  32|0x0000000082000000, 0x0000000082100000, 0x0000000082100000|100%| O|  |TAMS 0x0000000082000000| PB 0x0000000082000000| Untracked 
|  33|0x0000000082100000, 0x0000000082200000, 0x0000000082200000|100%| O|  |TAMS 0x0000000082100000| PB 0x0000000082100000| Untracked 
|  34|0x0000000082200000, 0x0000000082300000, 0x0000000082300000|100%| O|  |TAMS 0x0000000082200000| PB 0x0000000082200000| Untracked 
|  35|0x0000000082300000, 0x0000000082400000, 0x0000000082400000|100%| O|  |TAMS 0x0000000082300000| PB 0x0000000082300000| Untracked 
|  36|0x0000000082400000, 0x0000000082500000, 0x0000000082500000|100%| O|  |TAMS 0x0000000082400000| PB 0x0000000082400000| Untracked 
|  37|0x0000000082500000, 0x0000000082600000, 0x0000000082600000|100%| O|  |TAMS 0x0000000082500000| PB 0x0000000082500000| Untracked 
|  38|0x0000000082600000, 0x0000000082700000, 0x0000000082700000|100%| O|  |TAMS 0x0000000082600000| PB 0x0000000082600000| Untracked 
|  39|0x0000000082700000, 0x0000000082800000, 0x0000000082800000|100%| O|  |TAMS 0x0000000082700000| PB 0x0000000082700000| Untracked 
|  40|0x0000000082800000, 0x0000000082900000, 0x0000000082900000|100%|HS|  |TAMS 0x0000000082800000| PB 0x0000000082800000| Complete 
|  41|0x0000000082900000, 0x0000000082a00000, 0x0000000082a00000|100%| O|  |TAMS 0x0000000082900000| PB 0x0000000082900000| Untracked 
|  42|0x0000000082a00000, 0x0000000082b00000, 0x0000000082b00000|100%| O|  |TAMS 0x0000000082a00000| PB 0x0000000082a00000| Untracked 
|  43|0x0000000082b00000, 0x0000000082c00000, 0x0000000082c00000|100%| O|  |TAMS 0x0000000082b00000| PB 0x0000000082b00000| Untracked 
|  44|0x0000000082c00000, 0x0000000082d00000, 0x0000000082d00000|100%| O|  |TAMS 0x0000000082c00000| PB 0x0000000082c00000| Untracked 
|  45|0x0000000082d00000, 0x0000000082e00000, 0x0000000082e00000|100%| O|  |TAMS 0x0000000082d00000| PB 0x0000000082d00000| Untracked 
|  46|0x0000000082e00000, 0x0000000082f00000, 0x0000000082f00000|100%| O|  |TAMS 0x0000000082e00000| PB 0x0000000082e00000| Untracked 
|  47|0x0000000082f00000, 0x0000000083000000, 0x0000000083000000|100%| O|  |TAMS 0x0000000082f00000| PB 0x0000000082f00000| Untracked 
|  48|0x0000000083000000, 0x0000000083100000, 0x0000000083100000|100%| O|  |TAMS 0x0000000083000000| PB 0x0000000083000000| Untracked 
|  49|0x0000000083100000, 0x0000000083200000, 0x0000000083200000|100%| O|  |TAMS 0x0000000083100000| PB 0x0000000083100000| Untracked 
|  50|0x0000000083200000, 0x0000000083300000, 0x0000000083300000|100%| O|  |TAMS 0x0000000083200000| PB 0x0000000083200000| Untracked 
|  51|0x0000000083300000, 0x0000000083400000, 0x0000000083400000|100%| O|  |TAMS 0x0000000083300000| PB 0x0000000083300000| Untracked 
|  52|0x0000000083400000, 0x0000000083500000, 0x0000000083500000|100%| O|  |TAMS 0x0000000083400000| PB 0x0000000083400000| Untracked 
|  53|0x0000000083500000, 0x0000000083600000, 0x0000000083600000|100%| O|  |TAMS 0x0000000083500000| PB 0x0000000083500000| Untracked 
|  54|0x0000000083600000, 0x0000000083700000, 0x0000000083700000|100%| O|  |TAMS 0x0000000083600000| PB 0x0000000083600000| Untracked 
|  55|0x0000000083700000, 0x0000000083800000, 0x0000000083800000|100%| O|  |TAMS 0x0000000083700000| PB 0x0000000083700000| Untracked 
|  56|0x0000000083800000, 0x0000000083900000, 0x0000000083900000|100%| O|  |TAMS 0x0000000083800000| PB 0x0000000083800000| Untracked 
|  57|0x0000000083900000, 0x0000000083a00000, 0x0000000083a00000|100%| O|  |TAMS 0x0000000083900000| PB 0x0000000083900000| Untracked 
|  58|0x0000000083a00000, 0x0000000083b00000, 0x0000000083b00000|100%| O|  |TAMS 0x0000000083a00000| PB 0x0000000083a00000| Untracked 
|  59|0x0000000083b00000, 0x0000000083c00000, 0x0000000083c00000|100%| O|  |TAMS 0x0000000083b00000| PB 0x0000000083b00000| Untracked 
|  60|0x0000000083c00000, 0x0000000083d00000, 0x0000000083d00000|100%|HS|  |TAMS 0x0000000083c00000| PB 0x0000000083c00000| Complete 
|  61|0x0000000083d00000, 0x0000000083e00000, 0x0000000083e00000|100%|HC|  |TAMS 0x0000000083d00000| PB 0x0000000083d00000| Complete 
|  62|0x0000000083e00000, 0x0000000083f00000, 0x0000000083f00000|100%|HC|  |TAMS 0x0000000083e00000| PB 0x0000000083e00000| Complete 
|  63|0x0000000083f00000, 0x0000000084000000, 0x0000000084000000|100%| O|  |TAMS 0x0000000083f00000| PB 0x0000000083f00000| Untracked 
|  64|0x0000000084000000, 0x0000000084100000, 0x0000000084100000|100%| O|  |TAMS 0x0000000084000000| PB 0x0000000084000000| Untracked 
|  65|0x0000000084100000, 0x0000000084200000, 0x0000000084200000|100%| O|  |TAMS 0x0000000084100000| PB 0x0000000084100000| Untracked 
|  66|0x0000000084200000, 0x0000000084300000, 0x0000000084300000|100%| O|  |TAMS 0x0000000084200000| PB 0x0000000084200000| Untracked 
|  67|0x0000000084300000, 0x0000000084400000, 0x0000000084400000|100%| O|  |TAMS 0x0000000084300000| PB 0x0000000084300000| Untracked 
|  68|0x0000000084400000, 0x0000000084500000, 0x0000000084500000|100%| O|  |TAMS 0x0000000084400000| PB 0x0000000084400000| Untracked 
|  69|0x0000000084500000, 0x0000000084600000, 0x0000000084600000|100%| O|  |TAMS 0x0000000084500000| PB 0x0000000084500000| Untracked 
|  70|0x0000000084600000, 0x0000000084700000, 0x0000000084700000|100%| O|  |TAMS 0x0000000084600000| PB 0x0000000084600000| Untracked 
|  71|0x0000000084700000, 0x0000000084800000, 0x0000000084800000|100%| O|  |TAMS 0x0000000084700000| PB 0x0000000084700000| Untracked 
|  72|0x0000000084800000, 0x0000000084900000, 0x0000000084900000|100%| O|  |TAMS 0x0000000084800000| PB 0x0000000084800000| Untracked 
|  73|0x0000000084900000, 0x0000000084a00000, 0x0000000084a00000|100%| O|  |TAMS 0x0000000084900000| PB 0x0000000084900000| Untracked 
|  74|0x0000000084a00000, 0x0000000084b00000, 0x0000000084b00000|100%| O|  |TAMS 0x0000000084a00000| PB 0x0000000084a00000| Untracked 
|  75|0x0000000084b00000, 0x0000000084c00000, 0x0000000084c00000|100%| O|  |TAMS 0x0000000084b00000| PB 0x0000000084b00000| Untracked 
|  76|0x0000000084c00000, 0x0000000084d00000, 0x0000000084d00000|100%| O|  |TAMS 0x0000000084c00000| PB 0x0000000084c00000| Untracked 
|  77|0x0000000084d00000, 0x0000000084e00000, 0x0000000084e00000|100%| O|  |TAMS 0x0000000084d00000| PB 0x0000000084d00000| Untracked 
|  78|0x0000000084e00000, 0x0000000084f00000, 0x0000000084f00000|100%| O|  |TAMS 0x0000000084e00000| PB 0x0000000084e00000| Untracked 
|  79|0x0000000084f00000, 0x0000000085000000, 0x0000000085000000|100%| O|  |TAMS 0x0000000084f00000| PB 0x0000000084f00000| Untracked 
|  80|0x0000000085000000, 0x0000000085100000, 0x0000000085100000|100%| O|  |TAMS 0x0000000085000000| PB 0x0000000085000000| Untracked 
|  81|0x0000000085100000, 0x0000000085200000, 0x0000000085200000|100%| O|  |TAMS 0x0000000085100000| PB 0x0000000085100000| Untracked 
|  82|0x0000000085200000, 0x0000000085300000, 0x0000000085300000|100%| O|  |TAMS 0x0000000085200000| PB 0x0000000085200000| Untracked 
|  83|0x0000000085300000, 0x0000000085400000, 0x0000000085400000|100%| O|  |TAMS 0x0000000085300000| PB 0x0000000085300000| Untracked 
|  84|0x0000000085400000, 0x0000000085500000, 0x0000000085500000|100%| O|  |TAMS 0x0000000085400000| PB 0x0000000085400000| Untracked 
|  85|0x0000000085500000, 0x0000000085600000, 0x0000000085600000|100%| O|  |TAMS 0x0000000085500000| PB 0x0000000085500000| Untracked 
|  86|0x0000000085600000, 0x0000000085700000, 0x0000000085700000|100%| O|  |TAMS 0x0000000085600000| PB 0x0000000085600000| Untracked 
|  87|0x0000000085700000, 0x0000000085800000, 0x0000000085800000|100%| O|  |TAMS 0x0000000085700000| PB 0x0000000085700000| Untracked 
|  88|0x0000000085800000, 0x0000000085900000, 0x0000000085900000|100%| O|  |TAMS 0x0000000085800000| PB 0x0000000085800000| Untracked 
|  89|0x0000000085900000, 0x0000000085a00000, 0x0000000085a00000|100%| O|  |TAMS 0x0000000085900000| PB 0x0000000085900000| Untracked 
|  90|0x0000000085a00000, 0x0000000085b00000, 0x0000000085b00000|100%| O|  |TAMS 0x0000000085a00000| PB 0x0000000085a00000| Untracked 
|  91|0x0000000085b00000, 0x0000000085c00000, 0x0000000085c00000|100%| O|  |TAMS 0x0000000085b00000| PB 0x0000000085b00000| Untracked 
|  92|0x0000000085c00000, 0x0000000085d00000, 0x0000000085d00000|100%| O|  |TAMS 0x0000000085c00000| PB 0x0000000085c00000| Untracked 
|  93|0x0000000085d00000, 0x0000000085e00000, 0x0000000085e00000|100%| O|  |TAMS 0x0000000085d00000| PB 0x0000000085d00000| Untracked 
|  94|0x0000000085e00000, 0x0000000085f00000, 0x0000000085f00000|100%| O|  |TAMS 0x0000000085e00000| PB 0x0000000085e00000| Untracked 
|  95|0x0000000085f00000, 0x0000000086000000, 0x0000000086000000|100%| O|  |TAMS 0x0000000085f00000| PB 0x0000000085f00000| Untracked 
|  96|0x0000000086000000, 0x0000000086100000, 0x0000000086100000|100%| O|  |TAMS 0x0000000086000000| PB 0x0000000086000000| Untracked 
|  97|0x0000000086100000, 0x0000000086200000, 0x0000000086200000|100%| O|  |TAMS 0x0000000086100000| PB 0x0000000086100000| Untracked 
|  98|0x0000000086200000, 0x0000000086300000, 0x0000000086300000|100%| O|  |TAMS 0x0000000086200000| PB 0x0000000086200000| Untracked 
|  99|0x0000000086300000, 0x0000000086400000, 0x0000000086400000|100%| O|  |TAMS 0x0000000086300000| PB 0x0000000086300000| Untracked 
| 100|0x0000000086400000, 0x0000000086500000, 0x0000000086500000|100%| O|  |TAMS 0x0000000086400000| PB 0x0000000086400000| Untracked 
| 101|0x0000000086500000, 0x0000000086600000, 0x0000000086600000|100%| O|  |TAMS 0x0000000086500000| PB 0x0000000086500000| Untracked 
| 102|0x0000000086600000, 0x0000000086700000, 0x0000000086700000|100%| O|  |TAMS 0x0000000086600000| PB 0x0000000086600000| Untracked 
| 103|0x0000000086700000, 0x0000000086800000, 0x0000000086800000|100%| O|  |TAMS 0x0000000086700000| PB 0x0000000086700000| Untracked 
| 104|0x0000000086800000, 0x0000000086900000, 0x0000000086900000|100%| O|  |TAMS 0x0000000086800000| PB 0x0000000086800000| Untracked 
| 105|0x0000000086900000, 0x0000000086a00000, 0x0000000086a00000|100%| O|  |TAMS 0x0000000086900000| PB 0x0000000086900000| Untracked 
| 106|0x0000000086a00000, 0x0000000086b00000, 0x0000000086b00000|100%|HS|  |TAMS 0x0000000086a00000| PB 0x0000000086a00000| Complete 
| 107|0x0000000086b00000, 0x0000000086c00000, 0x0000000086c00000|100%| O|  |TAMS 0x0000000086b00000| PB 0x0000000086b00000| Untracked 
| 108|0x0000000086c00000, 0x0000000086d00000, 0x0000000086d00000|100%| O|  |TAMS 0x0000000086c00000| PB 0x0000000086c00000| Untracked 
| 109|0x0000000086d00000, 0x0000000086e00000, 0x0000000086e00000|100%| O|  |TAMS 0x0000000086d00000| PB 0x0000000086d00000| Untracked 
| 110|0x0000000086e00000, 0x0000000086f00000, 0x0000000086f00000|100%| O|  |TAMS 0x0000000086e00000| PB 0x0000000086e00000| Untracked 
| 111|0x0000000086f00000, 0x0000000087000000, 0x0000000087000000|100%| O|  |TAMS 0x0000000086f00000| PB 0x0000000086f00000| Untracked 
| 112|0x0000000087000000, 0x0000000087100000, 0x0000000087100000|100%| O|  |TAMS 0x0000000087000000| PB 0x0000000087000000| Untracked 
| 113|0x0000000087100000, 0x0000000087200000, 0x0000000087200000|100%|HS|  |TAMS 0x0000000087100000| PB 0x0000000087100000| Complete 
| 114|0x0000000087200000, 0x0000000087300000, 0x0000000087300000|100%|HC|  |TAMS 0x0000000087200000| PB 0x0000000087200000| Complete 
| 115|0x0000000087300000, 0x0000000087400000, 0x0000000087400000|100%| O|  |TAMS 0x0000000087300000| PB 0x0000000087300000| Untracked 
| 116|0x0000000087400000, 0x0000000087500000, 0x0000000087500000|100%|HS|  |TAMS 0x0000000087400000| PB 0x0000000087400000| Complete 
| 117|0x0000000087500000, 0x0000000087600000, 0x0000000087600000|100%|HC|  |TAMS 0x0000000087500000| PB 0x0000000087500000| Complete 
| 118|0x0000000087600000, 0x0000000087700000, 0x0000000087700000|100%| O|  |TAMS 0x0000000087600000| PB 0x0000000087600000| Untracked 
| 119|0x0000000087700000, 0x0000000087800000, 0x0000000087800000|100%| O|  |TAMS 0x0000000087700000| PB 0x0000000087700000| Untracked 
| 120|0x0000000087800000, 0x0000000087900000, 0x0000000087900000|100%|HS|  |TAMS 0x0000000087800000| PB 0x0000000087800000| Complete 
| 121|0x0000000087900000, 0x0000000087a00000, 0x0000000087a00000|100%|HC|  |TAMS 0x0000000087900000| PB 0x0000000087900000| Complete 
| 122|0x0000000087a00000, 0x0000000087b00000, 0x0000000087b00000|100%| O|  |TAMS 0x0000000087a00000| PB 0x0000000087a00000| Untracked 
| 123|0x0000000087b00000, 0x0000000087c00000, 0x0000000087c00000|100%| O|  |TAMS 0x0000000087b00000| PB 0x0000000087b00000| Untracked 
| 124|0x0000000087c00000, 0x0000000087d00000, 0x0000000087d00000|100%| O|  |TAMS 0x0000000087c00000| PB 0x0000000087c00000| Untracked 
| 125|0x0000000087d00000, 0x0000000087e00000, 0x0000000087e00000|100%| O|  |TAMS 0x0000000087d00000| PB 0x0000000087d00000| Untracked 
| 126|0x0000000087e00000, 0x0000000087f00000, 0x0000000087f00000|100%| O|  |TAMS 0x0000000087e00000| PB 0x0000000087e00000| Untracked 
| 127|0x0000000087f00000, 0x0000000088000000, 0x0000000088000000|100%| O|  |TAMS 0x0000000087f00000| PB 0x0000000087f00000| Untracked 
| 128|0x0000000088000000, 0x0000000088100000, 0x0000000088100000|100%| O|  |TAMS 0x0000000088000000| PB 0x0000000088000000| Untracked 
| 129|0x0000000088100000, 0x0000000088200000, 0x0000000088200000|100%| O|  |TAMS 0x0000000088100000| PB 0x0000000088100000| Untracked 
| 130|0x0000000088200000, 0x0000000088300000, 0x0000000088300000|100%| O|  |TAMS 0x0000000088200000| PB 0x0000000088200000| Untracked 
| 131|0x0000000088300000, 0x0000000088400000, 0x0000000088400000|100%| O|  |TAMS 0x0000000088300000| PB 0x0000000088300000| Untracked 
| 132|0x0000000088400000, 0x0000000088500000, 0x0000000088500000|100%| O|  |TAMS 0x0000000088400000| PB 0x0000000088400000| Untracked 
| 133|0x0000000088500000, 0x0000000088600000, 0x0000000088600000|100%| O|  |TAMS 0x0000000088500000| PB 0x0000000088500000| Untracked 
| 134|0x0000000088600000, 0x0000000088700000, 0x0000000088700000|100%| O|  |TAMS 0x0000000088600000| PB 0x0000000088600000| Untracked 
| 135|0x0000000088700000, 0x0000000088800000, 0x0000000088800000|100%| O|  |TAMS 0x0000000088700000| PB 0x0000000088700000| Untracked 
| 136|0x0000000088800000, 0x0000000088900000, 0x0000000088900000|100%| O|  |TAMS 0x0000000088800000| PB 0x0000000088800000| Untracked 
| 137|0x0000000088900000, 0x0000000088a00000, 0x0000000088a00000|100%| O|  |TAMS 0x0000000088900000| PB 0x0000000088900000| Untracked 
| 138|0x0000000088a00000, 0x0000000088b00000, 0x0000000088b00000|100%| O|  |TAMS 0x0000000088a00000| PB 0x0000000088a00000| Untracked 
| 139|0x0000000088b00000, 0x0000000088c00000, 0x0000000088c00000|100%| O|  |TAMS 0x0000000088b00000| PB 0x0000000088b00000| Untracked 
| 140|0x0000000088c00000, 0x0000000088d00000, 0x0000000088d00000|100%| O|  |TAMS 0x0000000088c00000| PB 0x0000000088c00000| Untracked 
| 141|0x0000000088d00000, 0x0000000088e00000, 0x0000000088e00000|100%| O|  |TAMS 0x0000000088d00000| PB 0x0000000088d00000| Untracked 
| 142|0x0000000088e00000, 0x0000000088f00000, 0x0000000088f00000|100%| O|  |TAMS 0x0000000088e00000| PB 0x0000000088e00000| Untracked 
| 143|0x0000000088f00000, 0x0000000089000000, 0x0000000089000000|100%| O|  |TAMS 0x0000000088f00000| PB 0x0000000088f00000| Untracked 
| 144|0x0000000089000000, 0x0000000089100000, 0x0000000089100000|100%|HS|  |TAMS 0x0000000089000000| PB 0x0000000089000000| Complete 
| 145|0x0000000089100000, 0x0000000089200000, 0x0000000089200000|100%| O|  |TAMS 0x0000000089100000| PB 0x0000000089100000| Untracked 
| 146|0x0000000089200000, 0x0000000089300000, 0x0000000089300000|100%| O|  |TAMS 0x0000000089200000| PB 0x0000000089200000| Untracked 
| 147|0x0000000089300000, 0x0000000089400000, 0x0000000089400000|100%| O|  |TAMS 0x0000000089300000| PB 0x0000000089300000| Untracked 
| 148|0x0000000089400000, 0x0000000089500000, 0x0000000089500000|100%| O|  |TAMS 0x0000000089400000| PB 0x0000000089400000| Untracked 
| 149|0x0000000089500000, 0x0000000089600000, 0x0000000089600000|100%| O|  |TAMS 0x0000000089500000| PB 0x0000000089500000| Untracked 
| 150|0x0000000089600000, 0x0000000089700000, 0x0000000089700000|100%|HS|  |TAMS 0x0000000089600000| PB 0x0000000089600000| Complete 
| 151|0x0000000089700000, 0x0000000089800000, 0x0000000089800000|100%|HC|  |TAMS 0x0000000089700000| PB 0x0000000089700000| Complete 
| 152|0x0000000089800000, 0x0000000089900000, 0x0000000089900000|100%|HC|  |TAMS 0x0000000089800000| PB 0x0000000089800000| Complete 
| 153|0x0000000089900000, 0x0000000089a00000, 0x0000000089a00000|100%| O|  |TAMS 0x0000000089900000| PB 0x0000000089900000| Untracked 
| 154|0x0000000089a00000, 0x0000000089b00000, 0x0000000089b00000|100%| O|  |TAMS 0x0000000089a00000| PB 0x0000000089a00000| Untracked 
| 155|0x0000000089b00000, 0x0000000089c00000, 0x0000000089c00000|100%| O|  |TAMS 0x0000000089b00000| PB 0x0000000089b00000| Untracked 
| 156|0x0000000089c00000, 0x0000000089d00000, 0x0000000089d00000|100%| O|  |TAMS 0x0000000089c00000| PB 0x0000000089c00000| Untracked 
| 157|0x0000000089d00000, 0x0000000089e00000, 0x0000000089e00000|100%| O|  |TAMS 0x0000000089d00000| PB 0x0000000089d00000| Untracked 
| 158|0x0000000089e00000, 0x0000000089f00000, 0x0000000089f00000|100%| O|  |TAMS 0x0000000089e00000| PB 0x0000000089e00000| Untracked 
| 159|0x0000000089f00000, 0x000000008a000000, 0x000000008a000000|100%|HS|  |TAMS 0x0000000089f00000| PB 0x0000000089f00000| Complete 
| 160|0x000000008a000000, 0x000000008a100000, 0x000000008a100000|100%|HC|  |TAMS 0x000000008a000000| PB 0x000000008a000000| Complete 
| 161|0x000000008a100000, 0x000000008a200000, 0x000000008a200000|100%| O|  |TAMS 0x000000008a100000| PB 0x000000008a100000| Untracked 
| 162|0x000000008a200000, 0x000000008a300000, 0x000000008a300000|100%| O|  |TAMS 0x000000008a200000| PB 0x000000008a200000| Untracked 
| 163|0x000000008a300000, 0x000000008a400000, 0x000000008a400000|100%|HS|  |TAMS 0x000000008a300000| PB 0x000000008a300000| Complete 
| 164|0x000000008a400000, 0x000000008a500000, 0x000000008a500000|100%|HS|  |TAMS 0x000000008a400000| PB 0x000000008a400000| Complete 
| 165|0x000000008a500000, 0x000000008a600000, 0x000000008a600000|100%|HS|  |TAMS 0x000000008a500000| PB 0x000000008a500000| Complete 
| 166|0x000000008a600000, 0x000000008a700000, 0x000000008a700000|100%| O|  |TAMS 0x000000008a600000| PB 0x000000008a600000| Untracked 
| 167|0x000000008a700000, 0x000000008a800000, 0x000000008a800000|100%| O|  |TAMS 0x000000008a700000| PB 0x000000008a700000| Untracked 
| 168|0x000000008a800000, 0x000000008a900000, 0x000000008a900000|100%| O|  |TAMS 0x000000008a800000| PB 0x000000008a800000| Untracked 
| 169|0x000000008a900000, 0x000000008aa00000, 0x000000008aa00000|100%| O|  |TAMS 0x000000008a900000| PB 0x000000008a900000| Untracked 
| 170|0x000000008aa00000, 0x000000008ab00000, 0x000000008ab00000|100%| O|  |TAMS 0x000000008aa00000| PB 0x000000008aa00000| Untracked 
| 171|0x000000008ab00000, 0x000000008ac00000, 0x000000008ac00000|100%| O|  |TAMS 0x000000008ab00000| PB 0x000000008ab00000| Untracked 
| 172|0x000000008ac00000, 0x000000008ad00000, 0x000000008ad00000|100%| O|  |TAMS 0x000000008ac00000| PB 0x000000008ac00000| Untracked 
| 173|0x000000008ad00000, 0x000000008ae00000, 0x000000008ae00000|100%| O|  |TAMS 0x000000008ad00000| PB 0x000000008ad00000| Untracked 
| 174|0x000000008ae00000, 0x000000008af00000, 0x000000008af00000|100%| O|  |TAMS 0x000000008ae00000| PB 0x000000008ae00000| Untracked 
| 175|0x000000008af00000, 0x000000008b000000, 0x000000008b000000|100%| O|  |TAMS 0x000000008af00000| PB 0x000000008af00000| Untracked 
| 176|0x000000008b000000, 0x000000008b100000, 0x000000008b100000|100%| O|  |TAMS 0x000000008b000000| PB 0x000000008b000000| Untracked 
| 177|0x000000008b100000, 0x000000008b200000, 0x000000008b200000|100%| O|  |TAMS 0x000000008b100000| PB 0x000000008b100000| Untracked 
| 178|0x000000008b200000, 0x000000008b300000, 0x000000008b300000|100%| O|  |TAMS 0x000000008b200000| PB 0x000000008b200000| Untracked 
| 179|0x000000008b300000, 0x000000008b400000, 0x000000008b400000|100%| O|  |TAMS 0x000000008b300000| PB 0x000000008b300000| Untracked 
| 180|0x000000008b400000, 0x000000008b500000, 0x000000008b500000|100%| O|  |TAMS 0x000000008b400000| PB 0x000000008b400000| Untracked 
| 181|0x000000008b500000, 0x000000008b600000, 0x000000008b600000|100%| O|  |TAMS 0x000000008b500000| PB 0x000000008b500000| Untracked 
| 182|0x000000008b600000, 0x000000008b700000, 0x000000008b700000|100%| O|  |TAMS 0x000000008b600000| PB 0x000000008b600000| Untracked 
| 183|0x000000008b700000, 0x000000008b800000, 0x000000008b800000|100%| O|  |TAMS 0x000000008b700000| PB 0x000000008b700000| Untracked 
| 184|0x000000008b800000, 0x000000008b900000, 0x000000008b900000|100%| O|  |TAMS 0x000000008b800000| PB 0x000000008b800000| Untracked 
| 185|0x000000008b900000, 0x000000008ba00000, 0x000000008ba00000|100%| O|  |TAMS 0x000000008b900000| PB 0x000000008b900000| Untracked 
| 186|0x000000008ba00000, 0x000000008bb00000, 0x000000008bb00000|100%| O|  |TAMS 0x000000008ba00000| PB 0x000000008ba00000| Untracked 
| 187|0x000000008bb00000, 0x000000008bc00000, 0x000000008bc00000|100%| O|  |TAMS 0x000000008bb00000| PB 0x000000008bb00000| Untracked 
| 188|0x000000008bc00000, 0x000000008bd00000, 0x000000008bd00000|100%| O|  |TAMS 0x000000008bc00000| PB 0x000000008bc00000| Untracked 
| 189|0x000000008bd00000, 0x000000008be00000, 0x000000008be00000|100%| O|  |TAMS 0x000000008bd00000| PB 0x000000008bd00000| Untracked 
| 190|0x000000008be00000, 0x000000008bf00000, 0x000000008bf00000|100%| O|  |TAMS 0x000000008be00000| PB 0x000000008be00000| Untracked 
| 191|0x000000008bf00000, 0x000000008c000000, 0x000000008c000000|100%| O|  |TAMS 0x000000008bf00000| PB 0x000000008bf00000| Untracked 
| 192|0x000000008c000000, 0x000000008c100000, 0x000000008c100000|100%| O|  |TAMS 0x000000008c000000| PB 0x000000008c000000| Untracked 
| 193|0x000000008c100000, 0x000000008c200000, 0x000000008c200000|100%| O|  |TAMS 0x000000008c100000| PB 0x000000008c100000| Untracked 
| 194|0x000000008c200000, 0x000000008c300000, 0x000000008c300000|100%| O|  |TAMS 0x000000008c200000| PB 0x000000008c200000| Untracked 
| 195|0x000000008c300000, 0x000000008c400000, 0x000000008c400000|100%| O|  |TAMS 0x000000008c300000| PB 0x000000008c300000| Untracked 
| 196|0x000000008c400000, 0x000000008c500000, 0x000000008c500000|100%| O|  |TAMS 0x000000008c400000| PB 0x000000008c400000| Untracked 
| 197|0x000000008c500000, 0x000000008c600000, 0x000000008c600000|100%| O|  |TAMS 0x000000008c500000| PB 0x000000008c500000| Untracked 
| 198|0x000000008c600000, 0x000000008c700000, 0x000000008c700000|100%| O|  |TAMS 0x000000008c600000| PB 0x000000008c600000| Untracked 
| 199|0x000000008c700000, 0x000000008c800000, 0x000000008c800000|100%| O|  |TAMS 0x000000008c700000| PB 0x000000008c700000| Untracked 
| 200|0x000000008c800000, 0x000000008c900000, 0x000000008c900000|100%| O|  |TAMS 0x000000008c800000| PB 0x000000008c800000| Untracked 
| 201|0x000000008c900000, 0x000000008ca00000, 0x000000008ca00000|100%| O|  |TAMS 0x000000008c900000| PB 0x000000008c900000| Untracked 
| 202|0x000000008ca00000, 0x000000008cb00000, 0x000000008cb00000|100%| O|  |TAMS 0x000000008ca00000| PB 0x000000008ca00000| Untracked 
| 203|0x000000008cb00000, 0x000000008cc00000, 0x000000008cc00000|100%| O|  |TAMS 0x000000008cb00000| PB 0x000000008cb00000| Untracked 
| 204|0x000000008cc00000, 0x000000008cd00000, 0x000000008cd00000|100%| O|  |TAMS 0x000000008cc00000| PB 0x000000008cc00000| Untracked 
| 205|0x000000008cd00000, 0x000000008ce00000, 0x000000008ce00000|100%|HS|  |TAMS 0x000000008cd00000| PB 0x000000008cd00000| Complete 
| 206|0x000000008ce00000, 0x000000008cf00000, 0x000000008cf00000|100%|HC|  |TAMS 0x000000008ce00000| PB 0x000000008ce00000| Complete 
| 207|0x000000008cf00000, 0x000000008d000000, 0x000000008d000000|100%| O|  |TAMS 0x000000008cf00000| PB 0x000000008cf00000| Untracked 
| 208|0x000000008d000000, 0x000000008d100000, 0x000000008d100000|100%| O|  |TAMS 0x000000008d000000| PB 0x000000008d000000| Untracked 
| 209|0x000000008d100000, 0x000000008d200000, 0x000000008d200000|100%| O|  |TAMS 0x000000008d100000| PB 0x000000008d100000| Untracked 
| 210|0x000000008d200000, 0x000000008d300000, 0x000000008d300000|100%| O|  |TAMS 0x000000008d200000| PB 0x000000008d200000| Untracked 
| 211|0x000000008d300000, 0x000000008d400000, 0x000000008d400000|100%| O|  |TAMS 0x000000008d300000| PB 0x000000008d300000| Untracked 
| 212|0x000000008d400000, 0x000000008d500000, 0x000000008d500000|100%| O|  |TAMS 0x000000008d400000| PB 0x000000008d400000| Untracked 
| 213|0x000000008d500000, 0x000000008d600000, 0x000000008d600000|100%| O|  |TAMS 0x000000008d500000| PB 0x000000008d500000| Untracked 
| 214|0x000000008d600000, 0x000000008d700000, 0x000000008d700000|100%| O|  |TAMS 0x000000008d600000| PB 0x000000008d600000| Untracked 
| 215|0x000000008d700000, 0x000000008d800000, 0x000000008d800000|100%| O|  |TAMS 0x000000008d700000| PB 0x000000008d700000| Untracked 
| 216|0x000000008d800000, 0x000000008d900000, 0x000000008d900000|100%| O|  |TAMS 0x000000008d800000| PB 0x000000008d800000| Untracked 
| 217|0x000000008d900000, 0x000000008da00000, 0x000000008da00000|100%| O|  |TAMS 0x000000008d900000| PB 0x000000008d900000| Untracked 
| 218|0x000000008da00000, 0x000000008db00000, 0x000000008db00000|100%| O|  |TAMS 0x000000008da00000| PB 0x000000008da00000| Untracked 
| 219|0x000000008db00000, 0x000000008dc00000, 0x000000008dc00000|100%| O|  |TAMS 0x000000008db00000| PB 0x000000008db00000| Untracked 
| 220|0x000000008dc00000, 0x000000008dd00000, 0x000000008dd00000|100%| O|  |TAMS 0x000000008dc00000| PB 0x000000008dc00000| Untracked 
| 221|0x000000008dd00000, 0x000000008de00000, 0x000000008de00000|100%| O|  |TAMS 0x000000008dd00000| PB 0x000000008dd00000| Untracked 
| 222|0x000000008de00000, 0x000000008df00000, 0x000000008df00000|100%| O|  |TAMS 0x000000008de00000| PB 0x000000008de00000| Untracked 
| 223|0x000000008df00000, 0x000000008e000000, 0x000000008e000000|100%| O|  |TAMS 0x000000008df00000| PB 0x000000008df00000| Untracked 
| 224|0x000000008e000000, 0x000000008e100000, 0x000000008e100000|100%| O|  |TAMS 0x000000008e000000| PB 0x000000008e000000| Untracked 
| 225|0x000000008e100000, 0x000000008e200000, 0x000000008e200000|100%| O|  |TAMS 0x000000008e100000| PB 0x000000008e100000| Untracked 
| 226|0x000000008e200000, 0x000000008e300000, 0x000000008e300000|100%| O|  |TAMS 0x000000008e200000| PB 0x000000008e200000| Untracked 
| 227|0x000000008e300000, 0x000000008e400000, 0x000000008e400000|100%| O|  |TAMS 0x000000008e300000| PB 0x000000008e300000| Untracked 
| 228|0x000000008e400000, 0x000000008e500000, 0x000000008e500000|100%| O|  |TAMS 0x000000008e400000| PB 0x000000008e400000| Untracked 
| 229|0x000000008e500000, 0x000000008e600000, 0x000000008e600000|100%| O|  |TAMS 0x000000008e500000| PB 0x000000008e500000| Untracked 
| 230|0x000000008e600000, 0x000000008e700000, 0x000000008e700000|100%| O|  |TAMS 0x000000008e600000| PB 0x000000008e600000| Untracked 
| 231|0x000000008e700000, 0x000000008e800000, 0x000000008e800000|100%| O|  |TAMS 0x000000008e700000| PB 0x000000008e700000| Untracked 
| 232|0x000000008e800000, 0x000000008e900000, 0x000000008e900000|100%| O|  |TAMS 0x000000008e800000| PB 0x000000008e800000| Untracked 
| 233|0x000000008e900000, 0x000000008ea00000, 0x000000008ea00000|100%| O|  |TAMS 0x000000008e900000| PB 0x000000008e900000| Untracked 
| 234|0x000000008ea00000, 0x000000008eb00000, 0x000000008eb00000|100%|HS|  |TAMS 0x000000008ea00000| PB 0x000000008ea00000| Complete 
| 235|0x000000008eb00000, 0x000000008ec00000, 0x000000008ec00000|100%|HC|  |TAMS 0x000000008eb00000| PB 0x000000008eb00000| Complete 
| 236|0x000000008ec00000, 0x000000008ed00000, 0x000000008ed00000|100%| O|  |TAMS 0x000000008ec00000| PB 0x000000008ec00000| Untracked 
| 237|0x000000008ed00000, 0x000000008ee00000, 0x000000008ee00000|100%| O|  |TAMS 0x000000008ed00000| PB 0x000000008ed00000| Untracked 
| 238|0x000000008ee00000, 0x000000008ef00000, 0x000000008ef00000|100%| O|  |TAMS 0x000000008ee00000| PB 0x000000008ee00000| Untracked 
| 239|0x000000008ef00000, 0x000000008f000000, 0x000000008f000000|100%| O|  |TAMS 0x000000008ef00000| PB 0x000000008ef00000| Untracked 
| 240|0x000000008f000000, 0x000000008f100000, 0x000000008f100000|100%| O|  |TAMS 0x000000008f000000| PB 0x000000008f000000| Untracked 
| 241|0x000000008f100000, 0x000000008f200000, 0x000000008f200000|100%| O|  |TAMS 0x000000008f100000| PB 0x000000008f100000| Untracked 
| 242|0x000000008f200000, 0x000000008f300000, 0x000000008f300000|100%| O|  |TAMS 0x000000008f200000| PB 0x000000008f200000| Untracked 
| 243|0x000000008f300000, 0x000000008f400000, 0x000000008f400000|100%| O|  |TAMS 0x000000008f300000| PB 0x000000008f300000| Untracked 
| 244|0x000000008f400000, 0x000000008f500000, 0x000000008f500000|100%| O|  |TAMS 0x000000008f400000| PB 0x000000008f400000| Untracked 
| 245|0x000000008f500000, 0x000000008f600000, 0x000000008f600000|100%| O|  |TAMS 0x000000008f500000| PB 0x000000008f500000| Untracked 
| 246|0x000000008f600000, 0x000000008f700000, 0x000000008f700000|100%| O|  |TAMS 0x000000008f600000| PB 0x000000008f600000| Untracked 
| 247|0x000000008f700000, 0x000000008f800000, 0x000000008f800000|100%| O|  |TAMS 0x000000008f700000| PB 0x000000008f700000| Untracked 
| 248|0x000000008f800000, 0x000000008f900000, 0x000000008f900000|100%| O|  |TAMS 0x000000008f800000| PB 0x000000008f800000| Untracked 
| 249|0x000000008f900000, 0x000000008fa00000, 0x000000008fa00000|100%| O|  |TAMS 0x000000008f900000| PB 0x000000008f900000| Untracked 
| 250|0x000000008fa00000, 0x000000008fb00000, 0x000000008fb00000|100%| O|  |TAMS 0x000000008fa00000| PB 0x000000008fa00000| Untracked 
| 251|0x000000008fb00000, 0x000000008fc00000, 0x000000008fc00000|100%| O|  |TAMS 0x000000008fb00000| PB 0x000000008fb00000| Untracked 
| 252|0x000000008fc00000, 0x000000008fd00000, 0x000000008fd00000|100%| O|  |TAMS 0x000000008fc00000| PB 0x000000008fc00000| Untracked 
| 253|0x000000008fd00000, 0x000000008fe00000, 0x000000008fe00000|100%| O|  |TAMS 0x000000008fd00000| PB 0x000000008fd00000| Untracked 
| 254|0x000000008fe00000, 0x000000008ff00000, 0x000000008ff00000|100%| O|  |TAMS 0x000000008fe00000| PB 0x000000008fe00000| Untracked 
| 255|0x000000008ff00000, 0x0000000090000000, 0x0000000090000000|100%|HS|  |TAMS 0x000000008ff00000| PB 0x000000008ff00000| Complete 
| 256|0x0000000090000000, 0x0000000090100000, 0x0000000090100000|100%|HC|  |TAMS 0x0000000090000000| PB 0x0000000090000000| Complete 
| 257|0x0000000090100000, 0x0000000090200000, 0x0000000090200000|100%|HC|  |TAMS 0x0000000090100000| PB 0x0000000090100000| Complete 
| 258|0x0000000090200000, 0x0000000090300000, 0x0000000090300000|100%| O|  |TAMS 0x0000000090200000| PB 0x0000000090200000| Untracked 
| 259|0x0000000090300000, 0x0000000090400000, 0x0000000090400000|100%| O|  |TAMS 0x0000000090300000| PB 0x0000000090300000| Untracked 
| 260|0x0000000090400000, 0x0000000090500000, 0x0000000090500000|100%| O|  |TAMS 0x0000000090400000| PB 0x0000000090400000| Untracked 
| 261|0x0000000090500000, 0x0000000090600000, 0x0000000090600000|100%| O|  |TAMS 0x0000000090500000| PB 0x0000000090500000| Untracked 
| 262|0x0000000090600000, 0x0000000090700000, 0x0000000090700000|100%| O|  |TAMS 0x0000000090600000| PB 0x0000000090600000| Untracked 
| 263|0x0000000090700000, 0x0000000090800000, 0x0000000090800000|100%| O|  |TAMS 0x0000000090700000| PB 0x0000000090700000| Untracked 
| 264|0x0000000090800000, 0x0000000090900000, 0x0000000090900000|100%| O|  |TAMS 0x0000000090800000| PB 0x0000000090800000| Untracked 
| 265|0x0000000090900000, 0x0000000090a00000, 0x0000000090a00000|100%| O|  |TAMS 0x0000000090900000| PB 0x0000000090900000| Untracked 
| 266|0x0000000090a00000, 0x0000000090b00000, 0x0000000090b00000|100%| O|  |TAMS 0x0000000090a00000| PB 0x0000000090a00000| Untracked 
| 267|0x0000000090b00000, 0x0000000090c00000, 0x0000000090c00000|100%| O|  |TAMS 0x0000000090b00000| PB 0x0000000090b00000| Untracked 
| 268|0x0000000090c00000, 0x0000000090d00000, 0x0000000090d00000|100%| O|  |TAMS 0x0000000090c00000| PB 0x0000000090c00000| Untracked 
| 269|0x0000000090d00000, 0x0000000090e00000, 0x0000000090e00000|100%| O|  |TAMS 0x0000000090d00000| PB 0x0000000090d00000| Untracked 
| 270|0x0000000090e00000, 0x0000000090f00000, 0x0000000090f00000|100%| O|  |TAMS 0x0000000090e00000| PB 0x0000000090e00000| Untracked 
| 271|0x0000000090f00000, 0x0000000091000000, 0x0000000091000000|100%| O|  |TAMS 0x0000000090f00000| PB 0x0000000090f00000| Untracked 
| 272|0x0000000091000000, 0x0000000091100000, 0x0000000091100000|100%| O|  |TAMS 0x0000000091000000| PB 0x0000000091000000| Untracked 
| 273|0x0000000091100000, 0x0000000091200000, 0x0000000091200000|100%| O|  |TAMS 0x0000000091100000| PB 0x0000000091100000| Untracked 
| 274|0x0000000091200000, 0x0000000091300000, 0x0000000091300000|100%| O|  |TAMS 0x0000000091200000| PB 0x0000000091200000| Untracked 
| 275|0x0000000091300000, 0x0000000091400000, 0x0000000091400000|100%| O|  |TAMS 0x0000000091300000| PB 0x0000000091300000| Untracked 
| 276|0x0000000091400000, 0x0000000091500000, 0x0000000091500000|100%| O|  |TAMS 0x0000000091400000| PB 0x0000000091400000| Untracked 
| 277|0x0000000091500000, 0x0000000091600000, 0x0000000091600000|100%| O|  |TAMS 0x0000000091500000| PB 0x0000000091500000| Untracked 
| 278|0x0000000091600000, 0x0000000091700000, 0x0000000091700000|100%| O|  |TAMS 0x0000000091600000| PB 0x0000000091600000| Untracked 
| 279|0x0000000091700000, 0x0000000091800000, 0x0000000091800000|100%| O|  |TAMS 0x0000000091700000| PB 0x0000000091700000| Untracked 
| 280|0x0000000091800000, 0x0000000091900000, 0x0000000091900000|100%| O|  |TAMS 0x0000000091800000| PB 0x0000000091800000| Untracked 
| 281|0x0000000091900000, 0x0000000091a00000, 0x0000000091a00000|100%| O|  |TAMS 0x0000000091900000| PB 0x0000000091900000| Untracked 
| 282|0x0000000091a00000, 0x0000000091b00000, 0x0000000091b00000|100%| O|  |TAMS 0x0000000091a00000| PB 0x0000000091a00000| Untracked 
| 283|0x0000000091b00000, 0x0000000091c00000, 0x0000000091c00000|100%| O|  |TAMS 0x0000000091b00000| PB 0x0000000091b00000| Untracked 
| 284|0x0000000091c00000, 0x0000000091d00000, 0x0000000091d00000|100%| O|  |TAMS 0x0000000091c00000| PB 0x0000000091c00000| Untracked 
| 285|0x0000000091d00000, 0x0000000091e00000, 0x0000000091e00000|100%| O|  |TAMS 0x0000000091d00000| PB 0x0000000091d00000| Untracked 
| 286|0x0000000091e00000, 0x0000000091f00000, 0x0000000091f00000|100%| O|  |TAMS 0x0000000091e00000| PB 0x0000000091e00000| Untracked 
| 287|0x0000000091f00000, 0x0000000092000000, 0x0000000092000000|100%| O|  |TAMS 0x0000000091f00000| PB 0x0000000091f00000| Untracked 
| 288|0x0000000092000000, 0x0000000092100000, 0x0000000092100000|100%| O|  |TAMS 0x0000000092000000| PB 0x0000000092000000| Untracked 
| 289|0x0000000092100000, 0x0000000092200000, 0x0000000092200000|100%| O|  |TAMS 0x0000000092100000| PB 0x0000000092100000| Untracked 
| 290|0x0000000092200000, 0x0000000092300000, 0x0000000092300000|100%| O|  |TAMS 0x0000000092200000| PB 0x0000000092200000| Untracked 
| 291|0x0000000092300000, 0x0000000092400000, 0x0000000092400000|100%| O|  |TAMS 0x0000000092300000| PB 0x0000000092300000| Untracked 
| 292|0x0000000092400000, 0x0000000092500000, 0x0000000092500000|100%| O|  |TAMS 0x0000000092400000| PB 0x0000000092400000| Untracked 
| 293|0x0000000092500000, 0x0000000092600000, 0x0000000092600000|100%| O|  |TAMS 0x0000000092500000| PB 0x0000000092500000| Untracked 
| 294|0x0000000092600000, 0x0000000092700000, 0x0000000092700000|100%| O|  |TAMS 0x0000000092600000| PB 0x0000000092600000| Untracked 
| 295|0x0000000092700000, 0x0000000092800000, 0x0000000092800000|100%| O|  |TAMS 0x0000000092700000| PB 0x0000000092700000| Untracked 
| 296|0x0000000092800000, 0x0000000092900000, 0x0000000092900000|100%| O|  |TAMS 0x0000000092800000| PB 0x0000000092800000| Untracked 
| 297|0x0000000092900000, 0x0000000092a00000, 0x0000000092a00000|100%| O|  |TAMS 0x0000000092900000| PB 0x0000000092900000| Untracked 
| 298|0x0000000092a00000, 0x0000000092b00000, 0x0000000092b00000|100%| O|  |TAMS 0x0000000092a00000| PB 0x0000000092a00000| Untracked 
| 299|0x0000000092b00000, 0x0000000092c00000, 0x0000000092c00000|100%| O|  |TAMS 0x0000000092b00000| PB 0x0000000092b00000| Untracked 
| 300|0x0000000092c00000, 0x0000000092d00000, 0x0000000092d00000|100%| O|  |TAMS 0x0000000092c00000| PB 0x0000000092c00000| Untracked 
| 301|0x0000000092d00000, 0x0000000092e00000, 0x0000000092e00000|100%| O|  |TAMS 0x0000000092d00000| PB 0x0000000092d00000| Untracked 
| 302|0x0000000092e00000, 0x0000000092f00000, 0x0000000092f00000|100%| O|  |TAMS 0x0000000092e00000| PB 0x0000000092e00000| Untracked 
| 303|0x0000000092f00000, 0x0000000093000000, 0x0000000093000000|100%| O|  |TAMS 0x0000000092f00000| PB 0x0000000092f00000| Untracked 
| 304|0x0000000093000000, 0x0000000093100000, 0x0000000093100000|100%| O|  |TAMS 0x0000000093000000| PB 0x0000000093000000| Untracked 
| 305|0x0000000093100000, 0x0000000093200000, 0x0000000093200000|100%| O|  |TAMS 0x0000000093100000| PB 0x0000000093100000| Untracked 
| 306|0x0000000093200000, 0x0000000093300000, 0x0000000093300000|100%| O|  |TAMS 0x0000000093200000| PB 0x0000000093200000| Untracked 
| 307|0x0000000093300000, 0x0000000093400000, 0x0000000093400000|100%| O|  |TAMS 0x0000000093300000| PB 0x0000000093300000| Untracked 
| 308|0x0000000093400000, 0x0000000093500000, 0x0000000093500000|100%| O|  |TAMS 0x0000000093400000| PB 0x0000000093400000| Untracked 
| 309|0x0000000093500000, 0x0000000093600000, 0x0000000093600000|100%| O|  |TAMS 0x0000000093500000| PB 0x0000000093500000| Untracked 
| 310|0x0000000093600000, 0x0000000093700000, 0x0000000093700000|100%| O|  |TAMS 0x0000000093600000| PB 0x0000000093600000| Untracked 
| 311|0x0000000093700000, 0x0000000093800000, 0x0000000093800000|100%| O|  |TAMS 0x0000000093700000| PB 0x0000000093700000| Untracked 
| 312|0x0000000093800000, 0x0000000093900000, 0x0000000093900000|100%| O|  |TAMS 0x0000000093800000| PB 0x0000000093800000| Untracked 
| 313|0x0000000093900000, 0x0000000093a00000, 0x0000000093a00000|100%| O|  |TAMS 0x0000000093900000| PB 0x0000000093900000| Untracked 
| 314|0x0000000093a00000, 0x0000000093b00000, 0x0000000093b00000|100%| O|  |TAMS 0x0000000093a00000| PB 0x0000000093a00000| Untracked 
| 315|0x0000000093b00000, 0x0000000093c00000, 0x0000000093c00000|100%| O|  |TAMS 0x0000000093b00000| PB 0x0000000093b00000| Untracked 
| 316|0x0000000093c00000, 0x0000000093d00000, 0x0000000093d00000|100%| O|  |TAMS 0x0000000093c00000| PB 0x0000000093c00000| Untracked 
| 317|0x0000000093d00000, 0x0000000093e00000, 0x0000000093e00000|100%| O|  |TAMS 0x0000000093d00000| PB 0x0000000093d00000| Untracked 
| 318|0x0000000093e00000, 0x0000000093e00000, 0x0000000093f00000|  0%| F|  |TAMS 0x0000000093e00000| PB 0x0000000093e00000| Untracked 
| 319|0x0000000093f00000, 0x0000000093f00000, 0x0000000094000000|  0%| F|  |TAMS 0x0000000093f00000| PB 0x0000000093f00000| Untracked 
| 320|0x0000000094000000, 0x0000000094000000, 0x0000000094100000|  0%| F|  |TAMS 0x0000000094000000| PB 0x0000000094000000| Untracked 
| 321|0x0000000094100000, 0x0000000094100000, 0x0000000094200000|  0%| F|  |TAMS 0x0000000094100000| PB 0x0000000094100000| Untracked 
| 322|0x0000000094200000, 0x0000000094200000, 0x0000000094300000|  0%| F|  |TAMS 0x0000000094200000| PB 0x0000000094200000| Untracked 
| 323|0x0000000094300000, 0x0000000094300000, 0x0000000094400000|  0%| F|  |TAMS 0x0000000094300000| PB 0x0000000094300000| Untracked 
| 324|0x0000000094400000, 0x0000000094400000, 0x0000000094500000|  0%| F|  |TAMS 0x0000000094400000| PB 0x0000000094400000| Untracked 
| 325|0x0000000094500000, 0x0000000094500000, 0x0000000094600000|  0%| F|  |TAMS 0x0000000094500000| PB 0x0000000094500000| Untracked 
| 326|0x0000000094600000, 0x0000000094600000, 0x0000000094700000|  0%| F|  |TAMS 0x0000000094600000| PB 0x0000000094600000| Untracked 
| 327|0x0000000094700000, 0x0000000094700000, 0x0000000094800000|  0%| F|  |TAMS 0x0000000094700000| PB 0x0000000094700000| Untracked 
| 328|0x0000000094800000, 0x0000000094800000, 0x0000000094900000|  0%| F|  |TAMS 0x0000000094800000| PB 0x0000000094800000| Untracked 
| 329|0x0000000094900000, 0x0000000094900000, 0x0000000094a00000|  0%| F|  |TAMS 0x0000000094900000| PB 0x0000000094900000| Untracked 
| 330|0x0000000094a00000, 0x0000000094a00000, 0x0000000094b00000|  0%| F|  |TAMS 0x0000000094a00000| PB 0x0000000094a00000| Untracked 
| 331|0x0000000094b00000, 0x0000000094b00000, 0x0000000094c00000|  0%| F|  |TAMS 0x0000000094b00000| PB 0x0000000094b00000| Untracked 
| 332|0x0000000094c00000, 0x0000000094c00000, 0x0000000094d00000|  0%| F|  |TAMS 0x0000000094c00000| PB 0x0000000094c00000| Untracked 
| 333|0x0000000094d00000, 0x0000000094d00000, 0x0000000094e00000|  0%| F|  |TAMS 0x0000000094d00000| PB 0x0000000094d00000| Untracked 
| 334|0x0000000094e00000, 0x0000000094e00000, 0x0000000094f00000|  0%| F|  |TAMS 0x0000000094e00000| PB 0x0000000094e00000| Untracked 
| 335|0x0000000094f00000, 0x0000000094f00000, 0x0000000095000000|  0%| F|  |TAMS 0x0000000094f00000| PB 0x0000000094f00000| Untracked 
| 336|0x0000000095000000, 0x0000000095000000, 0x0000000095100000|  0%| F|  |TAMS 0x0000000095000000| PB 0x0000000095000000| Untracked 
| 337|0x0000000095100000, 0x0000000095100000, 0x0000000095200000|  0%| F|  |TAMS 0x0000000095100000| PB 0x0000000095100000| Untracked 
| 338|0x0000000095200000, 0x0000000095200000, 0x0000000095300000|  0%| F|  |TAMS 0x0000000095200000| PB 0x0000000095200000| Untracked 
| 339|0x0000000095300000, 0x0000000095300000, 0x0000000095400000|  0%| F|  |TAMS 0x0000000095300000| PB 0x0000000095300000| Untracked 
| 340|0x0000000095400000, 0x0000000095400000, 0x0000000095500000|  0%| F|  |TAMS 0x0000000095400000| PB 0x0000000095400000| Untracked 
| 341|0x0000000095500000, 0x0000000095500000, 0x0000000095600000|  0%| F|  |TAMS 0x0000000095500000| PB 0x0000000095500000| Untracked 
| 342|0x0000000095600000, 0x0000000095600000, 0x0000000095700000|  0%| F|  |TAMS 0x0000000095600000| PB 0x0000000095600000| Untracked 
| 343|0x0000000095700000, 0x0000000095700000, 0x0000000095800000|  0%| F|  |TAMS 0x0000000095700000| PB 0x0000000095700000| Untracked 
| 344|0x0000000095800000, 0x0000000095800000, 0x0000000095900000|  0%| F|  |TAMS 0x0000000095800000| PB 0x0000000095800000| Untracked 
| 345|0x0000000095900000, 0x0000000095900000, 0x0000000095a00000|  0%| F|  |TAMS 0x0000000095900000| PB 0x0000000095900000| Untracked 
| 346|0x0000000095a00000, 0x0000000095a00000, 0x0000000095b00000|  0%| F|  |TAMS 0x0000000095a00000| PB 0x0000000095a00000| Untracked 
| 347|0x0000000095b00000, 0x0000000095b00000, 0x0000000095c00000|  0%| F|  |TAMS 0x0000000095b00000| PB 0x0000000095b00000| Untracked 
| 348|0x0000000095c00000, 0x0000000095c00000, 0x0000000095d00000|  0%| F|  |TAMS 0x0000000095c00000| PB 0x0000000095c00000| Untracked 
| 349|0x0000000095d00000, 0x0000000095d00000, 0x0000000095e00000|  0%| F|  |TAMS 0x0000000095d00000| PB 0x0000000095d00000| Untracked 
| 350|0x0000000095e00000, 0x0000000095e00000, 0x0000000095f00000|  0%| F|  |TAMS 0x0000000095e00000| PB 0x0000000095e00000| Untracked 
| 351|0x0000000095f00000, 0x0000000095f00000, 0x0000000096000000|  0%| F|  |TAMS 0x0000000095f00000| PB 0x0000000095f00000| Untracked 
| 352|0x0000000096000000, 0x0000000096000000, 0x0000000096100000|  0%| F|  |TAMS 0x0000000096000000| PB 0x0000000096000000| Untracked 
| 353|0x0000000096100000, 0x0000000096100000, 0x0000000096200000|  0%| F|  |TAMS 0x0000000096100000| PB 0x0000000096100000| Untracked 
| 354|0x0000000096200000, 0x0000000096200000, 0x0000000096300000|  0%| F|  |TAMS 0x0000000096200000| PB 0x0000000096200000| Untracked 
| 355|0x0000000096300000, 0x0000000096300000, 0x0000000096400000|  0%| F|  |TAMS 0x0000000096300000| PB 0x0000000096300000| Untracked 
| 356|0x0000000096400000, 0x0000000096400000, 0x0000000096500000|  0%| F|  |TAMS 0x0000000096400000| PB 0x0000000096400000| Untracked 
| 357|0x0000000096500000, 0x0000000096500000, 0x0000000096600000|  0%| F|  |TAMS 0x0000000096500000| PB 0x0000000096500000| Untracked 
| 358|0x0000000096600000, 0x0000000096600000, 0x0000000096700000|  0%| F|  |TAMS 0x0000000096600000| PB 0x0000000096600000| Untracked 
| 359|0x0000000096700000, 0x0000000096700000, 0x0000000096800000|  0%| F|  |TAMS 0x0000000096700000| PB 0x0000000096700000| Untracked 
| 360|0x0000000096800000, 0x0000000096800000, 0x0000000096900000|  0%| F|  |TAMS 0x0000000096800000| PB 0x0000000096800000| Untracked 
| 361|0x0000000096900000, 0x0000000096900000, 0x0000000096a00000|  0%| F|  |TAMS 0x0000000096900000| PB 0x0000000096900000| Untracked 
| 362|0x0000000096a00000, 0x0000000096a00000, 0x0000000096b00000|  0%| F|  |TAMS 0x0000000096a00000| PB 0x0000000096a00000| Untracked 
| 363|0x0000000096b00000, 0x0000000096b00000, 0x0000000096c00000|  0%| F|  |TAMS 0x0000000096b00000| PB 0x0000000096b00000| Untracked 
| 364|0x0000000096c00000, 0x0000000096c00000, 0x0000000096d00000|  0%| F|  |TAMS 0x0000000096c00000| PB 0x0000000096c00000| Untracked 
| 365|0x0000000096d00000, 0x0000000096d00000, 0x0000000096e00000|  0%| F|  |TAMS 0x0000000096d00000| PB 0x0000000096d00000| Untracked 
| 366|0x0000000096e00000, 0x0000000096e00000, 0x0000000096f00000|  0%| F|  |TAMS 0x0000000096e00000| PB 0x0000000096e00000| Untracked 
| 367|0x0000000096f00000, 0x0000000096f00000, 0x0000000097000000|  0%| F|  |TAMS 0x0000000096f00000| PB 0x0000000096f00000| Untracked 
| 368|0x0000000097000000, 0x0000000097000000, 0x0000000097100000|  0%| F|  |TAMS 0x0000000097000000| PB 0x0000000097000000| Untracked 
| 369|0x0000000097100000, 0x0000000097100000, 0x0000000097200000|  0%| F|  |TAMS 0x0000000097100000| PB 0x0000000097100000| Untracked 
| 370|0x0000000097200000, 0x0000000097200000, 0x0000000097300000|  0%| F|  |TAMS 0x0000000097200000| PB 0x0000000097200000| Untracked 
| 371|0x0000000097300000, 0x0000000097300000, 0x0000000097400000|  0%| F|  |TAMS 0x0000000097300000| PB 0x0000000097300000| Untracked 
| 372|0x0000000097400000, 0x0000000097400000, 0x0000000097500000|  0%| F|  |TAMS 0x0000000097400000| PB 0x0000000097400000| Untracked 
| 373|0x0000000097500000, 0x0000000097500000, 0x0000000097600000|  0%| F|  |TAMS 0x0000000097500000| PB 0x0000000097500000| Untracked 
| 374|0x0000000097600000, 0x0000000097600000, 0x0000000097700000|  0%| F|  |TAMS 0x0000000097600000| PB 0x0000000097600000| Untracked 
| 375|0x0000000097700000, 0x0000000097700000, 0x0000000097800000|  0%| F|  |TAMS 0x0000000097700000| PB 0x0000000097700000| Untracked 
| 376|0x0000000097800000, 0x0000000097800000, 0x0000000097900000|  0%| F|  |TAMS 0x0000000097800000| PB 0x0000000097800000| Untracked 
| 377|0x0000000097900000, 0x0000000097900000, 0x0000000097a00000|  0%| F|  |TAMS 0x0000000097900000| PB 0x0000000097900000| Untracked 
| 378|0x0000000097a00000, 0x0000000097a00000, 0x0000000097b00000|  0%| F|  |TAMS 0x0000000097a00000| PB 0x0000000097a00000| Untracked 
| 379|0x0000000097b00000, 0x0000000097b00000, 0x0000000097c00000|  0%| F|  |TAMS 0x0000000097b00000| PB 0x0000000097b00000| Untracked 
| 380|0x0000000097c00000, 0x0000000097c00000, 0x0000000097d00000|  0%| F|  |TAMS 0x0000000097c00000| PB 0x0000000097c00000| Untracked 
| 381|0x0000000097d00000, 0x0000000097d00000, 0x0000000097e00000|  0%| F|  |TAMS 0x0000000097d00000| PB 0x0000000097d00000| Untracked 
| 382|0x0000000097e00000, 0x0000000097e00000, 0x0000000097f00000|  0%| F|  |TAMS 0x0000000097e00000| PB 0x0000000097e00000| Untracked 
| 383|0x0000000097f00000, 0x0000000097f00000, 0x0000000098000000|  0%| F|  |TAMS 0x0000000097f00000| PB 0x0000000097f00000| Untracked 
| 384|0x0000000098000000, 0x0000000098000000, 0x0000000098100000|  0%| F|  |TAMS 0x0000000098000000| PB 0x0000000098000000| Untracked 
| 385|0x0000000098100000, 0x0000000098100000, 0x0000000098200000|  0%| F|  |TAMS 0x0000000098100000| PB 0x0000000098100000| Untracked 
| 386|0x0000000098200000, 0x0000000098200000, 0x0000000098300000|  0%| F|  |TAMS 0x0000000098200000| PB 0x0000000098200000| Untracked 
| 387|0x0000000098300000, 0x0000000098300000, 0x0000000098400000|  0%| F|  |TAMS 0x0000000098300000| PB 0x0000000098300000| Untracked 
| 388|0x0000000098400000, 0x0000000098400000, 0x0000000098500000|  0%| F|  |TAMS 0x0000000098400000| PB 0x0000000098400000| Untracked 
| 389|0x0000000098500000, 0x0000000098500000, 0x0000000098600000|  0%| F|  |TAMS 0x0000000098500000| PB 0x0000000098500000| Untracked 
| 390|0x0000000098600000, 0x0000000098600000, 0x0000000098700000|  0%| F|  |TAMS 0x0000000098600000| PB 0x0000000098600000| Untracked 
| 391|0x0000000098700000, 0x0000000098700000, 0x0000000098800000|  0%| F|  |TAMS 0x0000000098700000| PB 0x0000000098700000| Untracked 
| 392|0x0000000098800000, 0x0000000098800000, 0x0000000098900000|  0%| F|  |TAMS 0x0000000098800000| PB 0x0000000098800000| Untracked 
| 393|0x0000000098900000, 0x0000000098900000, 0x0000000098a00000|  0%| F|  |TAMS 0x0000000098900000| PB 0x0000000098900000| Untracked 
| 394|0x0000000098a00000, 0x0000000098a00000, 0x0000000098b00000|  0%| F|  |TAMS 0x0000000098a00000| PB 0x0000000098a00000| Untracked 
| 395|0x0000000098b00000, 0x0000000098b00000, 0x0000000098c00000|  0%| F|  |TAMS 0x0000000098b00000| PB 0x0000000098b00000| Untracked 
| 396|0x0000000098c00000, 0x0000000098c00000, 0x0000000098d00000|  0%| F|  |TAMS 0x0000000098c00000| PB 0x0000000098c00000| Untracked 
| 397|0x0000000098d00000, 0x0000000098d00000, 0x0000000098e00000|  0%| F|  |TAMS 0x0000000098d00000| PB 0x0000000098d00000| Untracked 
| 398|0x0000000098e00000, 0x0000000098e00000, 0x0000000098f00000|  0%| F|  |TAMS 0x0000000098e00000| PB 0x0000000098e00000| Untracked 
| 399|0x0000000098f00000, 0x0000000098f00000, 0x0000000099000000|  0%| F|  |TAMS 0x0000000098f00000| PB 0x0000000098f00000| Untracked 
| 400|0x0000000099000000, 0x0000000099000000, 0x0000000099100000|  0%| F|  |TAMS 0x0000000099000000| PB 0x0000000099000000| Untracked 
| 401|0x0000000099100000, 0x0000000099100000, 0x0000000099200000|  0%| F|  |TAMS 0x0000000099100000| PB 0x0000000099100000| Untracked 
| 402|0x0000000099200000, 0x0000000099200000, 0x0000000099300000|  0%| F|  |TAMS 0x0000000099200000| PB 0x0000000099200000| Untracked 
| 403|0x0000000099300000, 0x0000000099300000, 0x0000000099400000|  0%| F|  |TAMS 0x0000000099300000| PB 0x0000000099300000| Untracked 
| 404|0x0000000099400000, 0x0000000099400000, 0x0000000099500000|  0%| F|  |TAMS 0x0000000099400000| PB 0x0000000099400000| Untracked 
| 405|0x0000000099500000, 0x0000000099500000, 0x0000000099600000|  0%| F|  |TAMS 0x0000000099500000| PB 0x0000000099500000| Untracked 
| 406|0x0000000099600000, 0x0000000099600000, 0x0000000099700000|  0%| F|  |TAMS 0x0000000099600000| PB 0x0000000099600000| Untracked 
| 407|0x0000000099700000, 0x0000000099700000, 0x0000000099800000|  0%| F|  |TAMS 0x0000000099700000| PB 0x0000000099700000| Untracked 
| 408|0x0000000099800000, 0x0000000099800000, 0x0000000099900000|  0%| F|  |TAMS 0x0000000099800000| PB 0x0000000099800000| Untracked 
| 409|0x0000000099900000, 0x0000000099900000, 0x0000000099a00000|  0%| F|  |TAMS 0x0000000099900000| PB 0x0000000099900000| Untracked 
| 410|0x0000000099a00000, 0x0000000099a00000, 0x0000000099b00000|  0%| F|  |TAMS 0x0000000099a00000| PB 0x0000000099a00000| Untracked 
| 411|0x0000000099b00000, 0x0000000099c00000, 0x0000000099c00000|100%| S|CS|TAMS 0x0000000099b00000| PB 0x0000000099b00000| Complete 
| 412|0x0000000099c00000, 0x0000000099d00000, 0x0000000099d00000|100%| S|CS|TAMS 0x0000000099c00000| PB 0x0000000099c00000| Complete 
| 413|0x0000000099d00000, 0x0000000099e00000, 0x0000000099e00000|100%| S|CS|TAMS 0x0000000099d00000| PB 0x0000000099d00000| Complete 
| 414|0x0000000099e00000, 0x0000000099f00000, 0x0000000099f00000|100%| S|CS|TAMS 0x0000000099e00000| PB 0x0000000099e00000| Complete 
| 415|0x0000000099f00000, 0x000000009a000000, 0x000000009a000000|100%| S|CS|TAMS 0x0000000099f00000| PB 0x0000000099f00000| Complete 
| 416|0x000000009a000000, 0x000000009a100000, 0x000000009a100000|100%| S|CS|TAMS 0x000000009a000000| PB 0x000000009a000000| Complete 
| 417|0x000000009a100000, 0x000000009a200000, 0x000000009a200000|100%| S|CS|TAMS 0x000000009a100000| PB 0x000000009a100000| Complete 
| 418|0x000000009a200000, 0x000000009a300000, 0x000000009a300000|100%| S|CS|TAMS 0x000000009a200000| PB 0x000000009a200000| Complete 
| 419|0x000000009a300000, 0x000000009a400000, 0x000000009a400000|100%| S|CS|TAMS 0x000000009a300000| PB 0x000000009a300000| Complete 
| 420|0x000000009a400000, 0x000000009a500000, 0x000000009a500000|100%| S|CS|TAMS 0x000000009a400000| PB 0x000000009a400000| Complete 
| 421|0x000000009a500000, 0x000000009a600000, 0x000000009a600000|100%| S|CS|TAMS 0x000000009a500000| PB 0x000000009a500000| Complete 
| 422|0x000000009a600000, 0x000000009a700000, 0x000000009a700000|100%| S|CS|TAMS 0x000000009a600000| PB 0x000000009a600000| Complete 
| 423|0x000000009a700000, 0x000000009a800000, 0x000000009a800000|100%| S|CS|TAMS 0x000000009a700000| PB 0x000000009a700000| Complete 
| 424|0x000000009a800000, 0x000000009a900000, 0x000000009a900000|100%| S|CS|TAMS 0x000000009a800000| PB 0x000000009a800000| Complete 
| 425|0x000000009a900000, 0x000000009aa00000, 0x000000009aa00000|100%| S|CS|TAMS 0x000000009a900000| PB 0x000000009a900000| Complete 
| 426|0x000000009aa00000, 0x000000009ab00000, 0x000000009ab00000|100%| S|CS|TAMS 0x000000009aa00000| PB 0x000000009aa00000| Complete 
| 427|0x000000009ab00000, 0x000000009ac00000, 0x000000009ac00000|100%| S|CS|TAMS 0x000000009ab00000| PB 0x000000009ab00000| Complete 
| 428|0x000000009ac00000, 0x000000009ad00000, 0x000000009ad00000|100%| S|CS|TAMS 0x000000009ac00000| PB 0x000000009ac00000| Complete 
| 429|0x000000009ad00000, 0x000000009ae00000, 0x000000009ae00000|100%| S|CS|TAMS 0x000000009ad00000| PB 0x000000009ad00000| Complete 
| 430|0x000000009ae00000, 0x000000009af00000, 0x000000009af00000|100%| S|CS|TAMS 0x000000009ae00000| PB 0x000000009ae00000| Complete 
| 431|0x000000009af00000, 0x000000009b000000, 0x000000009b000000|100%| S|CS|TAMS 0x000000009af00000| PB 0x000000009af00000| Complete 
| 432|0x000000009b000000, 0x000000009b100000, 0x000000009b100000|100%| S|CS|TAMS 0x000000009b000000| PB 0x000000009b000000| Complete 
| 433|0x000000009b100000, 0x000000009b200000, 0x000000009b200000|100%| S|CS|TAMS 0x000000009b100000| PB 0x000000009b100000| Complete 
| 434|0x000000009b200000, 0x000000009b300000, 0x000000009b300000|100%| S|CS|TAMS 0x000000009b200000| PB 0x000000009b200000| Complete 
| 435|0x000000009b300000, 0x000000009b400000, 0x000000009b400000|100%| S|CS|TAMS 0x000000009b300000| PB 0x000000009b300000| Complete 
| 436|0x000000009b400000, 0x000000009b500000, 0x000000009b500000|100%| S|CS|TAMS 0x000000009b400000| PB 0x000000009b400000| Complete 
| 437|0x000000009b500000, 0x000000009b600000, 0x000000009b600000|100%| S|CS|TAMS 0x000000009b500000| PB 0x000000009b500000| Complete 
| 438|0x000000009b600000, 0x000000009b700000, 0x000000009b700000|100%| S|CS|TAMS 0x000000009b600000| PB 0x000000009b600000| Complete 
| 439|0x000000009b700000, 0x000000009b800000, 0x000000009b800000|100%| S|CS|TAMS 0x000000009b700000| PB 0x000000009b700000| Complete 
| 440|0x000000009b800000, 0x000000009b900000, 0x000000009b900000|100%| S|CS|TAMS 0x000000009b800000| PB 0x000000009b800000| Complete 
| 441|0x000000009b900000, 0x000000009ba00000, 0x000000009ba00000|100%| S|CS|TAMS 0x000000009b900000| PB 0x000000009b900000| Complete 
| 442|0x000000009ba00000, 0x000000009bb00000, 0x000000009bb00000|100%| S|CS|TAMS 0x000000009ba00000| PB 0x000000009ba00000| Complete 
| 443|0x000000009bb00000, 0x000000009bc00000, 0x000000009bc00000|100%| S|CS|TAMS 0x000000009bb00000| PB 0x000000009bb00000| Complete 
| 444|0x000000009bc00000, 0x000000009bd00000, 0x000000009bd00000|100%| S|CS|TAMS 0x000000009bc00000| PB 0x000000009bc00000| Complete 
| 445|0x000000009bd00000, 0x000000009be00000, 0x000000009be00000|100%| S|CS|TAMS 0x000000009bd00000| PB 0x000000009bd00000| Complete 
| 446|0x000000009be00000, 0x000000009bf00000, 0x000000009bf00000|100%| S|CS|TAMS 0x000000009be00000| PB 0x000000009be00000| Complete 
| 447|0x000000009bf00000, 0x000000009bf00000, 0x000000009c000000|  0%| F|  |TAMS 0x000000009bf00000| PB 0x000000009bf00000| Untracked 
| 448|0x000000009c000000, 0x000000009c000000, 0x000000009c100000|  0%| F|  |TAMS 0x000000009c000000| PB 0x000000009c000000| Untracked 
| 449|0x000000009c100000, 0x000000009c100000, 0x000000009c200000|  0%| F|  |TAMS 0x000000009c100000| PB 0x000000009c100000| Untracked 
| 450|0x000000009c200000, 0x000000009c200000, 0x000000009c300000|  0%| F|  |TAMS 0x000000009c200000| PB 0x000000009c200000| Untracked 
| 451|0x000000009c300000, 0x000000009c300000, 0x000000009c400000|  0%| F|  |TAMS 0x000000009c300000| PB 0x000000009c300000| Untracked 
| 452|0x000000009c400000, 0x000000009c400000, 0x000000009c500000|  0%| F|  |TAMS 0x000000009c400000| PB 0x000000009c400000| Untracked 
| 453|0x000000009c500000, 0x000000009c500000, 0x000000009c600000|  0%| F|  |TAMS 0x000000009c500000| PB 0x000000009c500000| Untracked 
| 454|0x000000009c600000, 0x000000009c600000, 0x000000009c700000|  0%| F|  |TAMS 0x000000009c600000| PB 0x000000009c600000| Untracked 
| 455|0x000000009c700000, 0x000000009c700000, 0x000000009c800000|  0%| F|  |TAMS 0x000000009c700000| PB 0x000000009c700000| Untracked 
| 456|0x000000009c800000, 0x000000009c800000, 0x000000009c900000|  0%| F|  |TAMS 0x000000009c800000| PB 0x000000009c800000| Untracked 
| 457|0x000000009c900000, 0x000000009c900000, 0x000000009ca00000|  0%| F|  |TAMS 0x000000009c900000| PB 0x000000009c900000| Untracked 
| 458|0x000000009ca00000, 0x000000009ca00000, 0x000000009cb00000|  0%| F|  |TAMS 0x000000009ca00000| PB 0x000000009ca00000| Untracked 
| 459|0x000000009cb00000, 0x000000009cb00000, 0x000000009cc00000|  0%| F|  |TAMS 0x000000009cb00000| PB 0x000000009cb00000| Untracked 
| 460|0x000000009cc00000, 0x000000009cc00000, 0x000000009cd00000|  0%| F|  |TAMS 0x000000009cc00000| PB 0x000000009cc00000| Untracked 
| 461|0x000000009cd00000, 0x000000009cd00000, 0x000000009ce00000|  0%| F|  |TAMS 0x000000009cd00000| PB 0x000000009cd00000| Untracked 
| 462|0x000000009ce00000, 0x000000009ce00000, 0x000000009cf00000|  0%| F|  |TAMS 0x000000009ce00000| PB 0x000000009ce00000| Untracked 
| 463|0x000000009cf00000, 0x000000009cf00000, 0x000000009d000000|  0%| F|  |TAMS 0x000000009cf00000| PB 0x000000009cf00000| Untracked 
| 464|0x000000009d000000, 0x000000009d000000, 0x000000009d100000|  0%| F|  |TAMS 0x000000009d000000| PB 0x000000009d000000| Untracked 
| 465|0x000000009d100000, 0x000000009d100000, 0x000000009d200000|  0%| F|  |TAMS 0x000000009d100000| PB 0x000000009d100000| Untracked 
| 466|0x000000009d200000, 0x000000009d200000, 0x000000009d300000|  0%| F|  |TAMS 0x000000009d200000| PB 0x000000009d200000| Untracked 
| 467|0x000000009d300000, 0x000000009d300000, 0x000000009d400000|  0%| F|  |TAMS 0x000000009d300000| PB 0x000000009d300000| Untracked 
| 468|0x000000009d400000, 0x000000009d400000, 0x000000009d500000|  0%| F|  |TAMS 0x000000009d400000| PB 0x000000009d400000| Untracked 
| 469|0x000000009d500000, 0x000000009d500000, 0x000000009d600000|  0%| F|  |TAMS 0x000000009d500000| PB 0x000000009d500000| Untracked 
| 470|0x000000009d600000, 0x000000009d600000, 0x000000009d700000|  0%| F|  |TAMS 0x000000009d600000| PB 0x000000009d600000| Untracked 
| 471|0x000000009d700000, 0x000000009d700000, 0x000000009d800000|  0%| F|  |TAMS 0x000000009d700000| PB 0x000000009d700000| Untracked 
| 472|0x000000009d800000, 0x000000009d800000, 0x000000009d900000|  0%| F|  |TAMS 0x000000009d800000| PB 0x000000009d800000| Untracked 
| 473|0x000000009d900000, 0x000000009d900000, 0x000000009da00000|  0%| F|  |TAMS 0x000000009d900000| PB 0x000000009d900000| Untracked 
| 474|0x000000009da00000, 0x000000009da00000, 0x000000009db00000|  0%| F|  |TAMS 0x000000009da00000| PB 0x000000009da00000| Untracked 
| 475|0x000000009db00000, 0x000000009db00000, 0x000000009dc00000|  0%| F|  |TAMS 0x000000009db00000| PB 0x000000009db00000| Untracked 
| 476|0x000000009dc00000, 0x000000009dc00000, 0x000000009dd00000|  0%| F|  |TAMS 0x000000009dc00000| PB 0x000000009dc00000| Untracked 
| 477|0x000000009dd00000, 0x000000009dd00000, 0x000000009de00000|  0%| F|  |TAMS 0x000000009dd00000| PB 0x000000009dd00000| Untracked 
| 478|0x000000009de00000, 0x000000009de00000, 0x000000009df00000|  0%| F|  |TAMS 0x000000009de00000| PB 0x000000009de00000| Untracked 
| 479|0x000000009df00000, 0x000000009df00000, 0x000000009e000000|  0%| F|  |TAMS 0x000000009df00000| PB 0x000000009df00000| Untracked 
| 480|0x000000009e000000, 0x000000009e000000, 0x000000009e100000|  0%| F|  |TAMS 0x000000009e000000| PB 0x000000009e000000| Untracked 
| 481|0x000000009e100000, 0x000000009e100000, 0x000000009e200000|  0%| F|  |TAMS 0x000000009e100000| PB 0x000000009e100000| Untracked 
| 482|0x000000009e200000, 0x000000009e200000, 0x000000009e300000|  0%| F|  |TAMS 0x000000009e200000| PB 0x000000009e200000| Untracked 
| 483|0x000000009e300000, 0x000000009e300000, 0x000000009e400000|  0%| F|  |TAMS 0x000000009e300000| PB 0x000000009e300000| Untracked 
| 484|0x000000009e400000, 0x000000009e400000, 0x000000009e500000|  0%| F|  |TAMS 0x000000009e400000| PB 0x000000009e400000| Untracked 
| 485|0x000000009e500000, 0x000000009e500000, 0x000000009e600000|  0%| F|  |TAMS 0x000000009e500000| PB 0x000000009e500000| Untracked 
| 486|0x000000009e600000, 0x000000009e600000, 0x000000009e700000|  0%| F|  |TAMS 0x000000009e600000| PB 0x000000009e600000| Untracked 
| 487|0x000000009e700000, 0x000000009e700000, 0x000000009e800000|  0%| F|  |TAMS 0x000000009e700000| PB 0x000000009e700000| Untracked 
| 488|0x000000009e800000, 0x000000009e800000, 0x000000009e900000|  0%| F|  |TAMS 0x000000009e800000| PB 0x000000009e800000| Untracked 
| 489|0x000000009e900000, 0x000000009e900000, 0x000000009ea00000|  0%| F|  |TAMS 0x000000009e900000| PB 0x000000009e900000| Untracked 
| 490|0x000000009ea00000, 0x000000009ea00000, 0x000000009eb00000|  0%| F|  |TAMS 0x000000009ea00000| PB 0x000000009ea00000| Untracked 
| 491|0x000000009eb00000, 0x000000009eb00000, 0x000000009ec00000|  0%| F|  |TAMS 0x000000009eb00000| PB 0x000000009eb00000| Untracked 
| 492|0x000000009ec00000, 0x000000009ec00000, 0x000000009ed00000|  0%| F|  |TAMS 0x000000009ec00000| PB 0x000000009ec00000| Untracked 
| 493|0x000000009ed00000, 0x000000009ed00000, 0x000000009ee00000|  0%| F|  |TAMS 0x000000009ed00000| PB 0x000000009ed00000| Untracked 
| 494|0x000000009ee00000, 0x000000009ee00000, 0x000000009ef00000|  0%| F|  |TAMS 0x000000009ee00000| PB 0x000000009ee00000| Untracked 
| 495|0x000000009ef00000, 0x000000009ef00000, 0x000000009f000000|  0%| F|  |TAMS 0x000000009ef00000| PB 0x000000009ef00000| Untracked 
| 496|0x000000009f000000, 0x000000009f000000, 0x000000009f100000|  0%| F|  |TAMS 0x000000009f000000| PB 0x000000009f000000| Untracked 
| 497|0x000000009f100000, 0x000000009f100000, 0x000000009f200000|  0%| F|  |TAMS 0x000000009f100000| PB 0x000000009f100000| Untracked 
| 498|0x000000009f200000, 0x000000009f200000, 0x000000009f300000|  0%| F|  |TAMS 0x000000009f200000| PB 0x000000009f200000| Untracked 
| 499|0x000000009f300000, 0x000000009f300000, 0x000000009f400000|  0%| F|  |TAMS 0x000000009f300000| PB 0x000000009f300000| Untracked 
| 500|0x000000009f400000, 0x000000009f400000, 0x000000009f500000|  0%| F|  |TAMS 0x000000009f400000| PB 0x000000009f400000| Untracked 
| 501|0x000000009f500000, 0x000000009f500000, 0x000000009f600000|  0%| F|  |TAMS 0x000000009f500000| PB 0x000000009f500000| Untracked 
| 502|0x000000009f600000, 0x000000009f600000, 0x000000009f700000|  0%| F|  |TAMS 0x000000009f600000| PB 0x000000009f600000| Untracked 
| 503|0x000000009f700000, 0x000000009f700000, 0x000000009f800000|  0%| F|  |TAMS 0x000000009f700000| PB 0x000000009f700000| Untracked 
| 504|0x000000009f800000, 0x000000009f800000, 0x000000009f900000|  0%| F|  |TAMS 0x000000009f800000| PB 0x000000009f800000| Untracked 
| 505|0x000000009f900000, 0x000000009f900000, 0x000000009fa00000|  0%| F|  |TAMS 0x000000009f900000| PB 0x000000009f900000| Untracked 
| 506|0x000000009fa00000, 0x000000009fa00000, 0x000000009fb00000|  0%| F|  |TAMS 0x000000009fa00000| PB 0x000000009fa00000| Untracked 
| 507|0x000000009fb00000, 0x000000009fb00000, 0x000000009fc00000|  0%| F|  |TAMS 0x000000009fb00000| PB 0x000000009fb00000| Untracked 
| 508|0x000000009fc00000, 0x000000009fc00000, 0x000000009fd00000|  0%| F|  |TAMS 0x000000009fc00000| PB 0x000000009fc00000| Untracked 
| 509|0x000000009fd00000, 0x000000009fd00000, 0x000000009fe00000|  0%| F|  |TAMS 0x000000009fd00000| PB 0x000000009fd00000| Untracked 
| 510|0x000000009fe00000, 0x000000009fe00000, 0x000000009ff00000|  0%| F|  |TAMS 0x000000009fe00000| PB 0x000000009fe00000| Untracked 
| 511|0x000000009ff00000, 0x000000009ff00000, 0x00000000a0000000|  0%| F|  |TAMS 0x000000009ff00000| PB 0x000000009ff00000| Untracked 
| 512|0x00000000a0000000, 0x00000000a0000000, 0x00000000a0100000|  0%| F|  |TAMS 0x00000000a0000000| PB 0x00000000a0000000| Untracked 
| 513|0x00000000a0100000, 0x00000000a0100000, 0x00000000a0200000|  0%| F|  |TAMS 0x00000000a0100000| PB 0x00000000a0100000| Untracked 
| 514|0x00000000a0200000, 0x00000000a0200000, 0x00000000a0300000|  0%| F|  |TAMS 0x00000000a0200000| PB 0x00000000a0200000| Untracked 
| 515|0x00000000a0300000, 0x00000000a0300000, 0x00000000a0400000|  0%| F|  |TAMS 0x00000000a0300000| PB 0x00000000a0300000| Untracked 
| 516|0x00000000a0400000, 0x00000000a0400000, 0x00000000a0500000|  0%| F|  |TAMS 0x00000000a0400000| PB 0x00000000a0400000| Untracked 
| 517|0x00000000a0500000, 0x00000000a0500000, 0x00000000a0600000|  0%| F|  |TAMS 0x00000000a0500000| PB 0x00000000a0500000| Untracked 
| 518|0x00000000a0600000, 0x00000000a0600000, 0x00000000a0700000|  0%| F|  |TAMS 0x00000000a0600000| PB 0x00000000a0600000| Untracked 
| 519|0x00000000a0700000, 0x00000000a0700000, 0x00000000a0800000|  0%| F|  |TAMS 0x00000000a0700000| PB 0x00000000a0700000| Untracked 
| 520|0x00000000a0800000, 0x00000000a0800000, 0x00000000a0900000|  0%| F|  |TAMS 0x00000000a0800000| PB 0x00000000a0800000| Untracked 
| 521|0x00000000a0900000, 0x00000000a0900000, 0x00000000a0a00000|  0%| F|  |TAMS 0x00000000a0900000| PB 0x00000000a0900000| Untracked 
| 522|0x00000000a0a00000, 0x00000000a0a00000, 0x00000000a0b00000|  0%| F|  |TAMS 0x00000000a0a00000| PB 0x00000000a0a00000| Untracked 
| 523|0x00000000a0b00000, 0x00000000a0b00000, 0x00000000a0c00000|  0%| F|  |TAMS 0x00000000a0b00000| PB 0x00000000a0b00000| Untracked 
| 524|0x00000000a0c00000, 0x00000000a0c00000, 0x00000000a0d00000|  0%| F|  |TAMS 0x00000000a0c00000| PB 0x00000000a0c00000| Untracked 
| 525|0x00000000a0d00000, 0x00000000a0d00000, 0x00000000a0e00000|  0%| F|  |TAMS 0x00000000a0d00000| PB 0x00000000a0d00000| Untracked 
| 526|0x00000000a0e00000, 0x00000000a0e00000, 0x00000000a0f00000|  0%| F|  |TAMS 0x00000000a0e00000| PB 0x00000000a0e00000| Untracked 
| 527|0x00000000a0f00000, 0x00000000a0f00000, 0x00000000a1000000|  0%| F|  |TAMS 0x00000000a0f00000| PB 0x00000000a0f00000| Untracked 
| 528|0x00000000a1000000, 0x00000000a1000000, 0x00000000a1100000|  0%| F|  |TAMS 0x00000000a1000000| PB 0x00000000a1000000| Untracked 
| 529|0x00000000a1100000, 0x00000000a1100000, 0x00000000a1200000|  0%| F|  |TAMS 0x00000000a1100000| PB 0x00000000a1100000| Untracked 
| 530|0x00000000a1200000, 0x00000000a1200000, 0x00000000a1300000|  0%| F|  |TAMS 0x00000000a1200000| PB 0x00000000a1200000| Untracked 
| 531|0x00000000a1300000, 0x00000000a1300000, 0x00000000a1400000|  0%| F|  |TAMS 0x00000000a1300000| PB 0x00000000a1300000| Untracked 
| 532|0x00000000a1400000, 0x00000000a1500000, 0x00000000a1500000|100%| E|  |TAMS 0x00000000a1400000| PB 0x00000000a1400000| Complete 
| 533|0x00000000a1500000, 0x00000000a1600000, 0x00000000a1600000|100%| E|CS|TAMS 0x00000000a1500000| PB 0x00000000a1500000| Complete 
| 534|0x00000000a1600000, 0x00000000a1700000, 0x00000000a1700000|100%| E|CS|TAMS 0x00000000a1600000| PB 0x00000000a1600000| Complete 
| 535|0x00000000a1700000, 0x00000000a1800000, 0x00000000a1800000|100%| E|CS|TAMS 0x00000000a1700000| PB 0x00000000a1700000| Complete 
| 536|0x00000000a1800000, 0x00000000a1900000, 0x00000000a1900000|100%| E|CS|TAMS 0x00000000a1800000| PB 0x00000000a1800000| Complete 
| 537|0x00000000a1900000, 0x00000000a1a00000, 0x00000000a1a00000|100%| E|CS|TAMS 0x00000000a1900000| PB 0x00000000a1900000| Complete 
| 538|0x00000000a1a00000, 0x00000000a1b00000, 0x00000000a1b00000|100%| E|CS|TAMS 0x00000000a1a00000| PB 0x00000000a1a00000| Complete 
| 539|0x00000000a1b00000, 0x00000000a1c00000, 0x00000000a1c00000|100%| E|CS|TAMS 0x00000000a1b00000| PB 0x00000000a1b00000| Complete 
| 540|0x00000000a1c00000, 0x00000000a1d00000, 0x00000000a1d00000|100%| E|CS|TAMS 0x00000000a1c00000| PB 0x00000000a1c00000| Complete 
| 541|0x00000000a1d00000, 0x00000000a1e00000, 0x00000000a1e00000|100%| E|CS|TAMS 0x00000000a1d00000| PB 0x00000000a1d00000| Complete 
| 542|0x00000000a1e00000, 0x00000000a1f00000, 0x00000000a1f00000|100%| E|CS|TAMS 0x00000000a1e00000| PB 0x00000000a1e00000| Complete 
| 543|0x00000000a1f00000, 0x00000000a2000000, 0x00000000a2000000|100%| E|CS|TAMS 0x00000000a1f00000| PB 0x00000000a1f00000| Complete 
| 544|0x00000000a2000000, 0x00000000a2100000, 0x00000000a2100000|100%| E|CS|TAMS 0x00000000a2000000| PB 0x00000000a2000000| Complete 
| 545|0x00000000a2100000, 0x00000000a2200000, 0x00000000a2200000|100%| E|CS|TAMS 0x00000000a2100000| PB 0x00000000a2100000| Complete 
| 546|0x00000000a2200000, 0x00000000a2300000, 0x00000000a2300000|100%| E|CS|TAMS 0x00000000a2200000| PB 0x00000000a2200000| Complete 
| 547|0x00000000a2300000, 0x00000000a2400000, 0x00000000a2400000|100%| E|CS|TAMS 0x00000000a2300000| PB 0x00000000a2300000| Complete 
| 548|0x00000000a2400000, 0x00000000a2500000, 0x00000000a2500000|100%| E|CS|TAMS 0x00000000a2400000| PB 0x00000000a2400000| Complete 
| 549|0x00000000a2500000, 0x00000000a2600000, 0x00000000a2600000|100%| E|CS|TAMS 0x00000000a2500000| PB 0x00000000a2500000| Complete 
| 550|0x00000000a2600000, 0x00000000a2700000, 0x00000000a2700000|100%| E|CS|TAMS 0x00000000a2600000| PB 0x00000000a2600000| Complete 
| 551|0x00000000a2700000, 0x00000000a2800000, 0x00000000a2800000|100%| E|CS|TAMS 0x00000000a2700000| PB 0x00000000a2700000| Complete 
| 552|0x00000000a2800000, 0x00000000a2900000, 0x00000000a2900000|100%| E|CS|TAMS 0x00000000a2800000| PB 0x00000000a2800000| Complete 
| 553|0x00000000a2900000, 0x00000000a2a00000, 0x00000000a2a00000|100%| E|CS|TAMS 0x00000000a2900000| PB 0x00000000a2900000| Complete 
| 554|0x00000000a2a00000, 0x00000000a2b00000, 0x00000000a2b00000|100%| E|CS|TAMS 0x00000000a2a00000| PB 0x00000000a2a00000| Complete 
| 555|0x00000000a2b00000, 0x00000000a2c00000, 0x00000000a2c00000|100%| E|CS|TAMS 0x00000000a2b00000| PB 0x00000000a2b00000| Complete 
| 556|0x00000000a2c00000, 0x00000000a2d00000, 0x00000000a2d00000|100%| E|CS|TAMS 0x00000000a2c00000| PB 0x00000000a2c00000| Complete 
| 557|0x00000000a2d00000, 0x00000000a2e00000, 0x00000000a2e00000|100%| E|CS|TAMS 0x00000000a2d00000| PB 0x00000000a2d00000| Complete 
| 558|0x00000000a2e00000, 0x00000000a2f00000, 0x00000000a2f00000|100%| E|CS|TAMS 0x00000000a2e00000| PB 0x00000000a2e00000| Complete 
| 559|0x00000000a2f00000, 0x00000000a3000000, 0x00000000a3000000|100%| E|CS|TAMS 0x00000000a2f00000| PB 0x00000000a2f00000| Complete 
| 560|0x00000000a3000000, 0x00000000a3100000, 0x00000000a3100000|100%| E|CS|TAMS 0x00000000a3000000| PB 0x00000000a3000000| Complete 
| 561|0x00000000a3100000, 0x00000000a3200000, 0x00000000a3200000|100%| E|CS|TAMS 0x00000000a3100000| PB 0x00000000a3100000| Complete 
| 562|0x00000000a3200000, 0x00000000a3300000, 0x00000000a3300000|100%| E|CS|TAMS 0x00000000a3200000| PB 0x00000000a3200000| Complete 
| 563|0x00000000a3300000, 0x00000000a3400000, 0x00000000a3400000|100%| E|CS|TAMS 0x00000000a3300000| PB 0x00000000a3300000| Complete 
| 564|0x00000000a3400000, 0x00000000a3500000, 0x00000000a3500000|100%| E|CS|TAMS 0x00000000a3400000| PB 0x00000000a3400000| Complete 
| 565|0x00000000a3500000, 0x00000000a3600000, 0x00000000a3600000|100%| E|CS|TAMS 0x00000000a3500000| PB 0x00000000a3500000| Complete 
| 566|0x00000000a3600000, 0x00000000a3700000, 0x00000000a3700000|100%| E|CS|TAMS 0x00000000a3600000| PB 0x00000000a3600000| Complete 
| 567|0x00000000a3700000, 0x00000000a3800000, 0x00000000a3800000|100%| E|CS|TAMS 0x00000000a3700000| PB 0x00000000a3700000| Complete 
| 568|0x00000000a3800000, 0x00000000a3900000, 0x00000000a3900000|100%| E|CS|TAMS 0x00000000a3800000| PB 0x00000000a3800000| Complete 
| 569|0x00000000a3900000, 0x00000000a3a00000, 0x00000000a3a00000|100%| E|CS|TAMS 0x00000000a3900000| PB 0x00000000a3900000| Complete 
| 570|0x00000000a3a00000, 0x00000000a3b00000, 0x00000000a3b00000|100%| E|CS|TAMS 0x00000000a3a00000| PB 0x00000000a3a00000| Complete 
| 571|0x00000000a3b00000, 0x00000000a3c00000, 0x00000000a3c00000|100%| E|CS|TAMS 0x00000000a3b00000| PB 0x00000000a3b00000| Complete 
| 572|0x00000000a3c00000, 0x00000000a3d00000, 0x00000000a3d00000|100%| E|CS|TAMS 0x00000000a3c00000| PB 0x00000000a3c00000| Complete 
| 573|0x00000000a3d00000, 0x00000000a3e00000, 0x00000000a3e00000|100%| E|CS|TAMS 0x00000000a3d00000| PB 0x00000000a3d00000| Complete 
| 574|0x00000000a3e00000, 0x00000000a3f00000, 0x00000000a3f00000|100%| E|CS|TAMS 0x00000000a3e00000| PB 0x00000000a3e00000| Complete 
| 575|0x00000000a3f00000, 0x00000000a4000000, 0x00000000a4000000|100%| E|CS|TAMS 0x00000000a3f00000| PB 0x00000000a3f00000| Complete 
| 576|0x00000000a4000000, 0x00000000a4100000, 0x00000000a4100000|100%| E|CS|TAMS 0x00000000a4000000| PB 0x00000000a4000000| Complete 
| 577|0x00000000a4100000, 0x00000000a4200000, 0x00000000a4200000|100%| E|CS|TAMS 0x00000000a4100000| PB 0x00000000a4100000| Complete 
| 578|0x00000000a4200000, 0x00000000a4300000, 0x00000000a4300000|100%| E|CS|TAMS 0x00000000a4200000| PB 0x00000000a4200000| Complete 
| 579|0x00000000a4300000, 0x00000000a4400000, 0x00000000a4400000|100%| E|CS|TAMS 0x00000000a4300000| PB 0x00000000a4300000| Complete 
| 580|0x00000000a4400000, 0x00000000a4500000, 0x00000000a4500000|100%| E|CS|TAMS 0x00000000a4400000| PB 0x00000000a4400000| Complete 
| 581|0x00000000a4500000, 0x00000000a4600000, 0x00000000a4600000|100%| E|CS|TAMS 0x00000000a4500000| PB 0x00000000a4500000| Complete 
| 582|0x00000000a4600000, 0x00000000a4700000, 0x00000000a4700000|100%| E|CS|TAMS 0x00000000a4600000| PB 0x00000000a4600000| Complete 
| 583|0x00000000a4700000, 0x00000000a4800000, 0x00000000a4800000|100%| E|CS|TAMS 0x00000000a4700000| PB 0x00000000a4700000| Complete 
| 584|0x00000000a4800000, 0x00000000a4900000, 0x00000000a4900000|100%| E|CS|TAMS 0x00000000a4800000| PB 0x00000000a4800000| Complete 
| 585|0x00000000a4900000, 0x00000000a4a00000, 0x00000000a4a00000|100%| E|CS|TAMS 0x00000000a4900000| PB 0x00000000a4900000| Complete 
| 586|0x00000000a4a00000, 0x00000000a4b00000, 0x00000000a4b00000|100%| E|CS|TAMS 0x00000000a4a00000| PB 0x00000000a4a00000| Complete 
| 587|0x00000000a4b00000, 0x00000000a4c00000, 0x00000000a4c00000|100%| E|CS|TAMS 0x00000000a4b00000| PB 0x00000000a4b00000| Complete 
| 588|0x00000000a4c00000, 0x00000000a4d00000, 0x00000000a4d00000|100%| E|CS|TAMS 0x00000000a4c00000| PB 0x00000000a4c00000| Complete 
| 589|0x00000000a4d00000, 0x00000000a4e00000, 0x00000000a4e00000|100%| E|CS|TAMS 0x00000000a4d00000| PB 0x00000000a4d00000| Complete 
| 590|0x00000000a4e00000, 0x00000000a4f00000, 0x00000000a4f00000|100%| E|CS|TAMS 0x00000000a4e00000| PB 0x00000000a4e00000| Complete 
| 591|0x00000000a4f00000, 0x00000000a5000000, 0x00000000a5000000|100%| E|CS|TAMS 0x00000000a4f00000| PB 0x00000000a4f00000| Complete 
| 592|0x00000000a5000000, 0x00000000a5100000, 0x00000000a5100000|100%| E|CS|TAMS 0x00000000a5000000| PB 0x00000000a5000000| Complete 
| 593|0x00000000a5100000, 0x00000000a5200000, 0x00000000a5200000|100%| E|CS|TAMS 0x00000000a5100000| PB 0x00000000a5100000| Complete 
| 594|0x00000000a5200000, 0x00000000a5300000, 0x00000000a5300000|100%| E|CS|TAMS 0x00000000a5200000| PB 0x00000000a5200000| Complete 
| 595|0x00000000a5300000, 0x00000000a5400000, 0x00000000a5400000|100%| E|CS|TAMS 0x00000000a5300000| PB 0x00000000a5300000| Complete 
| 596|0x00000000a5400000, 0x00000000a5500000, 0x00000000a5500000|100%| E|CS|TAMS 0x00000000a5400000| PB 0x00000000a5400000| Complete 
| 597|0x00000000a5500000, 0x00000000a5600000, 0x00000000a5600000|100%| E|CS|TAMS 0x00000000a5500000| PB 0x00000000a5500000| Complete 
| 598|0x00000000a5600000, 0x00000000a5700000, 0x00000000a5700000|100%| E|CS|TAMS 0x00000000a5600000| PB 0x00000000a5600000| Complete 
| 599|0x00000000a5700000, 0x00000000a5800000, 0x00000000a5800000|100%| E|CS|TAMS 0x00000000a5700000| PB 0x00000000a5700000| Complete 
| 600|0x00000000a5800000, 0x00000000a5900000, 0x00000000a5900000|100%| E|CS|TAMS 0x00000000a5800000| PB 0x00000000a5800000| Complete 
| 601|0x00000000a5900000, 0x00000000a5a00000, 0x00000000a5a00000|100%| E|CS|TAMS 0x00000000a5900000| PB 0x00000000a5900000| Complete 
| 602|0x00000000a5a00000, 0x00000000a5b00000, 0x00000000a5b00000|100%| E|CS|TAMS 0x00000000a5a00000| PB 0x00000000a5a00000| Complete 
| 603|0x00000000a5b00000, 0x00000000a5c00000, 0x00000000a5c00000|100%| E|CS|TAMS 0x00000000a5b00000| PB 0x00000000a5b00000| Complete 
| 604|0x00000000a5c00000, 0x00000000a5d00000, 0x00000000a5d00000|100%| E|CS|TAMS 0x00000000a5c00000| PB 0x00000000a5c00000| Complete 
| 605|0x00000000a5d00000, 0x00000000a5e00000, 0x00000000a5e00000|100%| E|CS|TAMS 0x00000000a5d00000| PB 0x00000000a5d00000| Complete 
| 606|0x00000000a5e00000, 0x00000000a5f00000, 0x00000000a5f00000|100%| E|CS|TAMS 0x00000000a5e00000| PB 0x00000000a5e00000| Complete 
| 607|0x00000000a5f00000, 0x00000000a6000000, 0x00000000a6000000|100%| E|CS|TAMS 0x00000000a5f00000| PB 0x00000000a5f00000| Complete 
| 608|0x00000000a6000000, 0x00000000a6100000, 0x00000000a6100000|100%| E|CS|TAMS 0x00000000a6000000| PB 0x00000000a6000000| Complete 
| 609|0x00000000a6100000, 0x00000000a6200000, 0x00000000a6200000|100%| E|CS|TAMS 0x00000000a6100000| PB 0x00000000a6100000| Complete 
| 610|0x00000000a6200000, 0x00000000a6300000, 0x00000000a6300000|100%| E|CS|TAMS 0x00000000a6200000| PB 0x00000000a6200000| Complete 
| 611|0x00000000a6300000, 0x00000000a6400000, 0x00000000a6400000|100%| E|CS|TAMS 0x00000000a6300000| PB 0x00000000a6300000| Complete 
| 612|0x00000000a6400000, 0x00000000a6500000, 0x00000000a6500000|100%| E|CS|TAMS 0x00000000a6400000| PB 0x00000000a6400000| Complete 
| 613|0x00000000a6500000, 0x00000000a6600000, 0x00000000a6600000|100%| E|CS|TAMS 0x00000000a6500000| PB 0x00000000a6500000| Complete 
| 614|0x00000000a6600000, 0x00000000a6700000, 0x00000000a6700000|100%| E|CS|TAMS 0x00000000a6600000| PB 0x00000000a6600000| Complete 
| 615|0x00000000a6700000, 0x00000000a6800000, 0x00000000a6800000|100%| E|CS|TAMS 0x00000000a6700000| PB 0x00000000a6700000| Complete 
| 616|0x00000000a6800000, 0x00000000a6900000, 0x00000000a6900000|100%| E|CS|TAMS 0x00000000a6800000| PB 0x00000000a6800000| Complete 
| 617|0x00000000a6900000, 0x00000000a6a00000, 0x00000000a6a00000|100%| E|CS|TAMS 0x00000000a6900000| PB 0x00000000a6900000| Complete 
| 618|0x00000000a6a00000, 0x00000000a6b00000, 0x00000000a6b00000|100%| E|CS|TAMS 0x00000000a6a00000| PB 0x00000000a6a00000| Complete 
| 619|0x00000000a6b00000, 0x00000000a6c00000, 0x00000000a6c00000|100%| E|CS|TAMS 0x00000000a6b00000| PB 0x00000000a6b00000| Complete 
| 620|0x00000000a6c00000, 0x00000000a6d00000, 0x00000000a6d00000|100%| E|CS|TAMS 0x00000000a6c00000| PB 0x00000000a6c00000| Complete 
| 621|0x00000000a6d00000, 0x00000000a6e00000, 0x00000000a6e00000|100%| E|CS|TAMS 0x00000000a6d00000| PB 0x00000000a6d00000| Complete 
| 622|0x00000000a6e00000, 0x00000000a6f00000, 0x00000000a6f00000|100%| E|CS|TAMS 0x00000000a6e00000| PB 0x00000000a6e00000| Complete 
| 623|0x00000000a6f00000, 0x00000000a7000000, 0x00000000a7000000|100%| E|CS|TAMS 0x00000000a6f00000| PB 0x00000000a6f00000| Complete 
| 624|0x00000000a7000000, 0x00000000a7100000, 0x00000000a7100000|100%| E|CS|TAMS 0x00000000a7000000| PB 0x00000000a7000000| Complete 
| 625|0x00000000a7100000, 0x00000000a7200000, 0x00000000a7200000|100%| E|CS|TAMS 0x00000000a7100000| PB 0x00000000a7100000| Complete 
| 626|0x00000000a7200000, 0x00000000a7300000, 0x00000000a7300000|100%| E|CS|TAMS 0x00000000a7200000| PB 0x00000000a7200000| Complete 
| 627|0x00000000a7300000, 0x00000000a7400000, 0x00000000a7400000|100%| E|CS|TAMS 0x00000000a7300000| PB 0x00000000a7300000| Complete 
| 628|0x00000000a7400000, 0x00000000a7500000, 0x00000000a7500000|100%| E|CS|TAMS 0x00000000a7400000| PB 0x00000000a7400000| Complete 
| 629|0x00000000a7500000, 0x00000000a7600000, 0x00000000a7600000|100%| E|CS|TAMS 0x00000000a7500000| PB 0x00000000a7500000| Complete 
| 630|0x00000000a7600000, 0x00000000a7700000, 0x00000000a7700000|100%| E|CS|TAMS 0x00000000a7600000| PB 0x00000000a7600000| Complete 
| 631|0x00000000a7700000, 0x00000000a7800000, 0x00000000a7800000|100%| E|CS|TAMS 0x00000000a7700000| PB 0x00000000a7700000| Complete 
| 632|0x00000000a7800000, 0x00000000a7900000, 0x00000000a7900000|100%| E|CS|TAMS 0x00000000a7800000| PB 0x00000000a7800000| Complete 
| 633|0x00000000a7900000, 0x00000000a7a00000, 0x00000000a7a00000|100%| E|CS|TAMS 0x00000000a7900000| PB 0x00000000a7900000| Complete 
| 634|0x00000000a7a00000, 0x00000000a7b00000, 0x00000000a7b00000|100%| E|CS|TAMS 0x00000000a7a00000| PB 0x00000000a7a00000| Complete 
| 635|0x00000000a7b00000, 0x00000000a7c00000, 0x00000000a7c00000|100%| E|CS|TAMS 0x00000000a7b00000| PB 0x00000000a7b00000| Complete 
| 636|0x00000000a7c00000, 0x00000000a7d00000, 0x00000000a7d00000|100%| E|CS|TAMS 0x00000000a7c00000| PB 0x00000000a7c00000| Complete 
| 637|0x00000000a7d00000, 0x00000000a7e00000, 0x00000000a7e00000|100%| E|CS|TAMS 0x00000000a7d00000| PB 0x00000000a7d00000| Complete 
| 638|0x00000000a7e00000, 0x00000000a7f00000, 0x00000000a7f00000|100%| E|CS|TAMS 0x00000000a7e00000| PB 0x00000000a7e00000| Complete 
| 639|0x00000000a7f00000, 0x00000000a8000000, 0x00000000a8000000|100%| E|CS|TAMS 0x00000000a7f00000| PB 0x00000000a7f00000| Complete 
| 640|0x00000000a8000000, 0x00000000a8100000, 0x00000000a8100000|100%| E|CS|TAMS 0x00000000a8000000| PB 0x00000000a8000000| Complete 
| 641|0x00000000a8100000, 0x00000000a8200000, 0x00000000a8200000|100%| E|CS|TAMS 0x00000000a8100000| PB 0x00000000a8100000| Complete 
| 642|0x00000000a8200000, 0x00000000a8300000, 0x00000000a8300000|100%| E|CS|TAMS 0x00000000a8200000| PB 0x00000000a8200000| Complete 
| 643|0x00000000a8300000, 0x00000000a8400000, 0x00000000a8400000|100%| E|CS|TAMS 0x00000000a8300000| PB 0x00000000a8300000| Complete 
| 644|0x00000000a8400000, 0x00000000a8500000, 0x00000000a8500000|100%| E|CS|TAMS 0x00000000a8400000| PB 0x00000000a8400000| Complete 
| 645|0x00000000a8500000, 0x00000000a8600000, 0x00000000a8600000|100%| E|CS|TAMS 0x00000000a8500000| PB 0x00000000a8500000| Complete 
| 646|0x00000000a8600000, 0x00000000a8700000, 0x00000000a8700000|100%| E|CS|TAMS 0x00000000a8600000| PB 0x00000000a8600000| Complete 
| 647|0x00000000a8700000, 0x00000000a8800000, 0x00000000a8800000|100%| E|CS|TAMS 0x00000000a8700000| PB 0x00000000a8700000| Complete 
| 648|0x00000000a8800000, 0x00000000a8900000, 0x00000000a8900000|100%| E|CS|TAMS 0x00000000a8800000| PB 0x00000000a8800000| Complete 
| 649|0x00000000a8900000, 0x00000000a8a00000, 0x00000000a8a00000|100%| E|CS|TAMS 0x00000000a8900000| PB 0x00000000a8900000| Complete 
| 650|0x00000000a8a00000, 0x00000000a8b00000, 0x00000000a8b00000|100%| E|CS|TAMS 0x00000000a8a00000| PB 0x00000000a8a00000| Complete 
| 651|0x00000000a8b00000, 0x00000000a8c00000, 0x00000000a8c00000|100%| E|CS|TAMS 0x00000000a8b00000| PB 0x00000000a8b00000| Complete 
| 652|0x00000000a8c00000, 0x00000000a8d00000, 0x00000000a8d00000|100%| E|CS|TAMS 0x00000000a8c00000| PB 0x00000000a8c00000| Complete 
| 653|0x00000000a8d00000, 0x00000000a8e00000, 0x00000000a8e00000|100%| E|CS|TAMS 0x00000000a8d00000| PB 0x00000000a8d00000| Complete 
| 654|0x00000000a8e00000, 0x00000000a8f00000, 0x00000000a8f00000|100%| E|CS|TAMS 0x00000000a8e00000| PB 0x00000000a8e00000| Complete 
| 655|0x00000000a8f00000, 0x00000000a9000000, 0x00000000a9000000|100%| E|CS|TAMS 0x00000000a8f00000| PB 0x00000000a8f00000| Complete 
| 656|0x00000000a9000000, 0x00000000a9100000, 0x00000000a9100000|100%| E|CS|TAMS 0x00000000a9000000| PB 0x00000000a9000000| Complete 
| 657|0x00000000a9100000, 0x00000000a9200000, 0x00000000a9200000|100%| E|CS|TAMS 0x00000000a9100000| PB 0x00000000a9100000| Complete 
| 658|0x00000000a9200000, 0x00000000a9300000, 0x00000000a9300000|100%| E|CS|TAMS 0x00000000a9200000| PB 0x00000000a9200000| Complete 
| 659|0x00000000a9300000, 0x00000000a9400000, 0x00000000a9400000|100%| E|CS|TAMS 0x00000000a9300000| PB 0x00000000a9300000| Complete 
| 660|0x00000000a9400000, 0x00000000a9500000, 0x00000000a9500000|100%| E|CS|TAMS 0x00000000a9400000| PB 0x00000000a9400000| Complete 
| 661|0x00000000a9500000, 0x00000000a9600000, 0x00000000a9600000|100%| E|CS|TAMS 0x00000000a9500000| PB 0x00000000a9500000| Complete 
| 662|0x00000000a9600000, 0x00000000a9700000, 0x00000000a9700000|100%| E|CS|TAMS 0x00000000a9600000| PB 0x00000000a9600000| Complete 
| 663|0x00000000a9700000, 0x00000000a9800000, 0x00000000a9800000|100%| E|CS|TAMS 0x00000000a9700000| PB 0x00000000a9700000| Complete 
| 664|0x00000000a9800000, 0x00000000a9900000, 0x00000000a9900000|100%| E|CS|TAMS 0x00000000a9800000| PB 0x00000000a9800000| Complete 
| 665|0x00000000a9900000, 0x00000000a9a00000, 0x00000000a9a00000|100%| E|CS|TAMS 0x00000000a9900000| PB 0x00000000a9900000| Complete 
| 666|0x00000000a9a00000, 0x00000000a9b00000, 0x00000000a9b00000|100%| E|CS|TAMS 0x00000000a9a00000| PB 0x00000000a9a00000| Complete 
| 667|0x00000000a9b00000, 0x00000000a9c00000, 0x00000000a9c00000|100%| E|CS|TAMS 0x00000000a9b00000| PB 0x00000000a9b00000| Complete 
| 668|0x00000000a9c00000, 0x00000000a9d00000, 0x00000000a9d00000|100%| E|CS|TAMS 0x00000000a9c00000| PB 0x00000000a9c00000| Complete 
| 669|0x00000000a9d00000, 0x00000000a9e00000, 0x00000000a9e00000|100%| E|CS|TAMS 0x00000000a9d00000| PB 0x00000000a9d00000| Complete 
| 670|0x00000000a9e00000, 0x00000000a9f00000, 0x00000000a9f00000|100%| E|CS|TAMS 0x00000000a9e00000| PB 0x00000000a9e00000| Complete 
| 671|0x00000000a9f00000, 0x00000000aa000000, 0x00000000aa000000|100%| E|CS|TAMS 0x00000000a9f00000| PB 0x00000000a9f00000| Complete 
| 672|0x00000000aa000000, 0x00000000aa100000, 0x00000000aa100000|100%| E|CS|TAMS 0x00000000aa000000| PB 0x00000000aa000000| Complete 
| 673|0x00000000aa100000, 0x00000000aa200000, 0x00000000aa200000|100%| E|CS|TAMS 0x00000000aa100000| PB 0x00000000aa100000| Complete 
| 674|0x00000000aa200000, 0x00000000aa300000, 0x00000000aa300000|100%| E|CS|TAMS 0x00000000aa200000| PB 0x00000000aa200000| Complete 
| 675|0x00000000aa300000, 0x00000000aa400000, 0x00000000aa400000|100%| E|CS|TAMS 0x00000000aa300000| PB 0x00000000aa300000| Complete 
| 676|0x00000000aa400000, 0x00000000aa500000, 0x00000000aa500000|100%| E|CS|TAMS 0x00000000aa400000| PB 0x00000000aa400000| Complete 
| 677|0x00000000aa500000, 0x00000000aa600000, 0x00000000aa600000|100%| E|CS|TAMS 0x00000000aa500000| PB 0x00000000aa500000| Complete 
| 678|0x00000000aa600000, 0x00000000aa700000, 0x00000000aa700000|100%| E|CS|TAMS 0x00000000aa600000| PB 0x00000000aa600000| Complete 
| 679|0x00000000aa700000, 0x00000000aa800000, 0x00000000aa800000|100%| E|CS|TAMS 0x00000000aa700000| PB 0x00000000aa700000| Complete 
| 680|0x00000000aa800000, 0x00000000aa900000, 0x00000000aa900000|100%| E|CS|TAMS 0x00000000aa800000| PB 0x00000000aa800000| Complete 
| 681|0x00000000aa900000, 0x00000000aaa00000, 0x00000000aaa00000|100%| E|CS|TAMS 0x00000000aa900000| PB 0x00000000aa900000| Complete 
| 682|0x00000000aaa00000, 0x00000000aab00000, 0x00000000aab00000|100%| E|CS|TAMS 0x00000000aaa00000| PB 0x00000000aaa00000| Complete 
| 683|0x00000000aab00000, 0x00000000aac00000, 0x00000000aac00000|100%| E|CS|TAMS 0x00000000aab00000| PB 0x00000000aab00000| Complete 
| 684|0x00000000aac00000, 0x00000000aad00000, 0x00000000aad00000|100%| E|CS|TAMS 0x00000000aac00000| PB 0x00000000aac00000| Complete 
| 685|0x00000000aad00000, 0x00000000aae00000, 0x00000000aae00000|100%| E|CS|TAMS 0x00000000aad00000| PB 0x00000000aad00000| Complete 
| 686|0x00000000aae00000, 0x00000000aaf00000, 0x00000000aaf00000|100%| E|CS|TAMS 0x00000000aae00000| PB 0x00000000aae00000| Complete 
| 687|0x00000000aaf00000, 0x00000000ab000000, 0x00000000ab000000|100%| E|CS|TAMS 0x00000000aaf00000| PB 0x00000000aaf00000| Complete 
| 688|0x00000000ab000000, 0x00000000ab100000, 0x00000000ab100000|100%| E|CS|TAMS 0x00000000ab000000| PB 0x00000000ab000000| Complete 
| 689|0x00000000ab100000, 0x00000000ab200000, 0x00000000ab200000|100%| E|CS|TAMS 0x00000000ab100000| PB 0x00000000ab100000| Complete 
| 690|0x00000000ab200000, 0x00000000ab300000, 0x00000000ab300000|100%| E|CS|TAMS 0x00000000ab200000| PB 0x00000000ab200000| Complete 
| 691|0x00000000ab300000, 0x00000000ab400000, 0x00000000ab400000|100%| E|CS|TAMS 0x00000000ab300000| PB 0x00000000ab300000| Complete 
| 692|0x00000000ab400000, 0x00000000ab500000, 0x00000000ab500000|100%| E|CS|TAMS 0x00000000ab400000| PB 0x00000000ab400000| Complete 
| 693|0x00000000ab500000, 0x00000000ab600000, 0x00000000ab600000|100%| E|CS|TAMS 0x00000000ab500000| PB 0x00000000ab500000| Complete 
| 694|0x00000000ab600000, 0x00000000ab700000, 0x00000000ab700000|100%| E|CS|TAMS 0x00000000ab600000| PB 0x00000000ab600000| Complete 
| 695|0x00000000ab700000, 0x00000000ab800000, 0x00000000ab800000|100%| E|CS|TAMS 0x00000000ab700000| PB 0x00000000ab700000| Complete 
| 696|0x00000000ab800000, 0x00000000ab900000, 0x00000000ab900000|100%| E|CS|TAMS 0x00000000ab800000| PB 0x00000000ab800000| Complete 
| 697|0x00000000ab900000, 0x00000000aba00000, 0x00000000aba00000|100%| E|CS|TAMS 0x00000000ab900000| PB 0x00000000ab900000| Complete 
| 698|0x00000000aba00000, 0x00000000abb00000, 0x00000000abb00000|100%| E|CS|TAMS 0x00000000aba00000| PB 0x00000000aba00000| Complete 
| 699|0x00000000abb00000, 0x00000000abc00000, 0x00000000abc00000|100%| E|CS|TAMS 0x00000000abb00000| PB 0x00000000abb00000| Complete 
| 700|0x00000000abc00000, 0x00000000abd00000, 0x00000000abd00000|100%| E|CS|TAMS 0x00000000abc00000| PB 0x00000000abc00000| Complete 
| 701|0x00000000abd00000, 0x00000000abe00000, 0x00000000abe00000|100%| E|CS|TAMS 0x00000000abd00000| PB 0x00000000abd00000| Complete 
| 702|0x00000000abe00000, 0x00000000abf00000, 0x00000000abf00000|100%| E|CS|TAMS 0x00000000abe00000| PB 0x00000000abe00000| Complete 
| 703|0x00000000abf00000, 0x00000000ac000000, 0x00000000ac000000|100%| E|CS|TAMS 0x00000000abf00000| PB 0x00000000abf00000| Complete 
| 704|0x00000000ac000000, 0x00000000ac100000, 0x00000000ac100000|100%| E|CS|TAMS 0x00000000ac000000| PB 0x00000000ac000000| Complete 
| 705|0x00000000ac100000, 0x00000000ac200000, 0x00000000ac200000|100%| E|CS|TAMS 0x00000000ac100000| PB 0x00000000ac100000| Complete 
| 706|0x00000000ac200000, 0x00000000ac300000, 0x00000000ac300000|100%| E|CS|TAMS 0x00000000ac200000| PB 0x00000000ac200000| Complete 
| 707|0x00000000ac300000, 0x00000000ac400000, 0x00000000ac400000|100%| E|CS|TAMS 0x00000000ac300000| PB 0x00000000ac300000| Complete 
| 708|0x00000000ac400000, 0x00000000ac500000, 0x00000000ac500000|100%| E|CS|TAMS 0x00000000ac400000| PB 0x00000000ac400000| Complete 
| 709|0x00000000ac500000, 0x00000000ac600000, 0x00000000ac600000|100%| E|CS|TAMS 0x00000000ac500000| PB 0x00000000ac500000| Complete 
| 710|0x00000000ac600000, 0x00000000ac700000, 0x00000000ac700000|100%| E|CS|TAMS 0x00000000ac600000| PB 0x00000000ac600000| Complete 
| 711|0x00000000ac700000, 0x00000000ac800000, 0x00000000ac800000|100%| E|CS|TAMS 0x00000000ac700000| PB 0x00000000ac700000| Complete 
| 712|0x00000000ac800000, 0x00000000ac900000, 0x00000000ac900000|100%| E|CS|TAMS 0x00000000ac800000| PB 0x00000000ac800000| Complete 
| 713|0x00000000ac900000, 0x00000000aca00000, 0x00000000aca00000|100%| E|CS|TAMS 0x00000000ac900000| PB 0x00000000ac900000| Complete 
| 714|0x00000000aca00000, 0x00000000acb00000, 0x00000000acb00000|100%| E|CS|TAMS 0x00000000aca00000| PB 0x00000000aca00000| Complete 
| 715|0x00000000acb00000, 0x00000000acc00000, 0x00000000acc00000|100%| E|CS|TAMS 0x00000000acb00000| PB 0x00000000acb00000| Complete 
| 716|0x00000000acc00000, 0x00000000acd00000, 0x00000000acd00000|100%| E|CS|TAMS 0x00000000acc00000| PB 0x00000000acc00000| Complete 
| 717|0x00000000acd00000, 0x00000000ace00000, 0x00000000ace00000|100%| E|CS|TAMS 0x00000000acd00000| PB 0x00000000acd00000| Complete 
| 718|0x00000000ace00000, 0x00000000acf00000, 0x00000000acf00000|100%| E|CS|TAMS 0x00000000ace00000| PB 0x00000000ace00000| Complete 
| 719|0x00000000acf00000, 0x00000000ad000000, 0x00000000ad000000|100%| E|CS|TAMS 0x00000000acf00000| PB 0x00000000acf00000| Complete 
| 720|0x00000000ad000000, 0x00000000ad100000, 0x00000000ad100000|100%| E|CS|TAMS 0x00000000ad000000| PB 0x00000000ad000000| Complete 
| 721|0x00000000ad100000, 0x00000000ad200000, 0x00000000ad200000|100%| E|CS|TAMS 0x00000000ad100000| PB 0x00000000ad100000| Complete 
| 722|0x00000000ad200000, 0x00000000ad300000, 0x00000000ad300000|100%| E|CS|TAMS 0x00000000ad200000| PB 0x00000000ad200000| Complete 
| 723|0x00000000ad300000, 0x00000000ad400000, 0x00000000ad400000|100%| E|CS|TAMS 0x00000000ad300000| PB 0x00000000ad300000| Complete 
| 724|0x00000000ad400000, 0x00000000ad500000, 0x00000000ad500000|100%| E|CS|TAMS 0x00000000ad400000| PB 0x00000000ad400000| Complete 
| 725|0x00000000ad500000, 0x00000000ad600000, 0x00000000ad600000|100%| E|CS|TAMS 0x00000000ad500000| PB 0x00000000ad500000| Complete 
| 726|0x00000000ad600000, 0x00000000ad700000, 0x00000000ad700000|100%| E|CS|TAMS 0x00000000ad600000| PB 0x00000000ad600000| Complete 
| 727|0x00000000ad700000, 0x00000000ad800000, 0x00000000ad800000|100%| E|CS|TAMS 0x00000000ad700000| PB 0x00000000ad700000| Complete 
|2044|0x00000000ffc00000, 0x00000000ffd00000, 0x00000000ffd00000|100%| O|  |TAMS 0x00000000ffc00000| PB 0x00000000ffc00000| Untracked 
|2045|0x00000000ffd00000, 0x00000000ffe00000, 0x00000000ffe00000|100%| O|  |TAMS 0x00000000ffd00000| PB 0x00000000ffd00000| Untracked 
|2046|0x00000000ffe00000, 0x00000000fff00000, 0x00000000fff00000|100%| O|  |TAMS 0x00000000ffe00000| PB 0x00000000ffe00000| Untracked 
|2047|0x00000000fff00000, 0x0000000100000000, 0x0000000100000000|100%| O|  |TAMS 0x00000000fff00000| PB 0x00000000fff00000| Untracked 

Card table byte_map: [0x000001abfc600000,0x000001abfca00000] _byte_map_base: 0x000001abfc200000

Marking Bits: (CMBitMap*) 0x000001abe9ac57f0
 Bits: [0x000001abfca00000, 0x000001abfea00000)

Polling page: 0x000001abe7540000

Metaspace:

Usage:
  Non-class:     27.77 MB used.
      Class:      3.24 MB used.
       Both:     31.01 MB used.

Virtual space:
  Non-class space:       64.00 MB reserved,      27.88 MB ( 44%) committed,  1 nodes.
      Class space:        1.00 GB reserved,       3.38 MB ( <1%) committed,  1 nodes.
             Both:        1.06 GB reserved,      31.25 MB (  3%) committed. 

Chunk freelists:
   Non-Class:  3.92 MB
       Class:  12.56 MB
        Both:  16.48 MB

MaxMetaspaceSize: unlimited
CompressedClassSpaceSize: 1.00 GB
Initial GC threshold: 21.00 MB
Current GC threshold: 42.31 MB
CDS: off
 - commit_granule_bytes: 65536.
 - commit_granule_words: 8192.
 - virtual_space_node_default_size: 8388608.
 - enlarge_chunks_in_place: 1.
 - use_allocation_guard: 0.


Internal statistics:

num_allocs_failed_limit: 3.
num_arena_births: 292.
num_arena_deaths: 0.
num_vsnodes_births: 2.
num_vsnodes_deaths: 0.
num_space_committed: 499.
num_space_uncommitted: 0.
num_chunks_returned_to_freelist: 3.
num_chunks_taken_from_freelist: 975.
num_chunk_merges: 3.
num_chunk_splits: 625.
num_chunks_enlarged: 442.
num_inconsistent_stats: 0.

CodeHeap 'non-profiled nmethods': size=119168Kb used=5296Kb max_used=5296Kb free=113871Kb
 bounds [0x000001abf3fd0000, 0x000001abf4500000, 0x000001abfb430000]
CodeHeap 'profiled nmethods': size=119104Kb used=8336Kb max_used=8657Kb free=110767Kb
 bounds [0x000001abec430000, 0x000001abeccb0000, 0x000001abf3880000]
CodeHeap 'non-nmethods': size=7488Kb used=2071Kb max_used=3293Kb free=5416Kb
 bounds [0x000001abf3880000, 0x000001abf3bc0000, 0x000001abf3fd0000]
CodeCache: size=245760Kb, used=15703Kb, max_used=17246Kb, free=230054Kb
 total_blobs=5071, nmethods=4489, adapters=485, full_count=0
Compilation: enabled, stopped_count=0, restarted_count=0

Compilation events (20 events):
Event: 55.628 Thread 0x000001ab821a5060 nmethod 5305 0x000001abec9e2f10 code [0x000001abec9e31c0, 0x000001abec9e4020]
Event: 55.628 Thread 0x000001ab821a5060 5307       3       java.util.regex.Pattern::clazz (462 bytes)
Event: 55.629 Thread 0x000001ab8865ed90 nmethod 5306 0x000001abec9e0790 code [0x000001abec9e0bc0, 0x000001abec9e2450]
Event: 55.629 Thread 0x000001ab8865ed90 5310       3       java.lang.invoke.LambdaFormBuffer::indexOf (33 bytes)
Event: 55.629 Thread 0x000001ab8865ed90 nmethod 5310 0x000001abec9e0110 code [0x000001abec9e02e0, 0x000001abec9e0680]
Event: 55.629 Thread 0x000001ab8865ed90 5309       3       java.lang.invoke.LambdaForm::returnType (26 bytes)
Event: 55.629 Thread 0x000001ab8865ed90 nmethod 5309 0x000001abec9dfc90 code [0x000001abec9dfe40, 0x000001abec9dffe0]
Event: 55.629 Thread 0x000001ab8865ed90 5311       3       java.lang.invoke.MethodHandles::insertArguments (98 bytes)
Event: 55.630 Thread 0x000001ab8865ed90 nmethod 5311 0x000001abec9dea10 code [0x000001abec9deca0, 0x000001abec9df7b0]
Event: 55.630 Thread 0x000001ab821a5060 nmethod 5307 0x000001abec9dbf10 code [0x000001abec9dc340, 0x000001abec9de010]
Event: 55.632 Thread 0x000001ab821a5060 5314       3       java.lang.invoke.StringConcatFactory::parseRecipe (213 bytes)
Event: 55.634 Thread 0x000001ab821a5060 nmethod 5314 0x000001abec9d9610 code [0x000001abec9d99e0, 0x000001abec9db360]
Event: 55.649 Thread 0x000001ab821a5060 5315       3       com.vladsch.flexmark.util.data.DataKeyBase::hashCode (5 bytes)
Event: 55.650 Thread 0x000001ab821a5060 nmethod 5315 0x000001abec9d9290 code [0x000001abec9d9440, 0x000001abec9d9580]
Event: 55.656 Thread 0x000001ab821a4220 nmethod 5289 0x000001abf44f7290 code [0x000001abf44f7680, 0x000001abf44f9e10]
Event: 55.658 Thread 0x000001ab821a4220 5312       4       java.util.ImmutableCollections$ListN::size (6 bytes)
Event: 55.659 Thread 0x000001ab821a4220 nmethod 5312 0x000001abf44fac90 code [0x000001abf44fae20, 0x000001abf44faec0]
Event: 55.660 Thread 0x000001ab821a4220 5308       4       java.lang.Class::getPackageName (81 bytes)
Event: 55.678 Thread 0x000001ab821a4220 nmethod 5308 0x000001abf44faf90 code [0x000001abf44fb1a0, 0x000001abf44fbbc0]
Event: 55.678 Thread 0x000001ab821a4220 5316   !   4       java.net.URL::<init> (543 bytes)

GC Heap History (20 events):
Event: 3.353 GC heap before
{Heap before GC invocations=19 (full 0):
 garbage-first heap   total 402432K, used 360448K [0x0000000080000000, 0x0000000100000000)
  region size 1024K, 191 young (195584K), 24 survivors (24576K)
 Metaspace       used 25642K, committed 25856K, reserved 1114112K
  class space    used 2555K, committed 2688K, reserved 1048576K
}
Event: 3.360 GC heap after
{Heap after GC invocations=20 (full 0):
 garbage-first heap   total 402432K, used 182743K [0x0000000080000000, 0x0000000100000000)
  region size 1024K, 10 young (10240K), 10 survivors (10240K)
 Metaspace       used 25642K, committed 25856K, reserved 1114112K
  class space    used 2555K, committed 2688K, reserved 1048576K
}
Event: 3.596 GC heap before
{Heap before GC invocations=20 (full 0):
 garbage-first heap   total 402432K, used 351703K [0x0000000080000000, 0x0000000100000000)
  region size 1024K, 175 young (179200K), 10 survivors (10240K)
 Metaspace       used 25644K, committed 25856K, reserved 1114112K
  class space    used 2555K, committed 2688K, reserved 1048576K
}
Event: 3.600 GC heap after
{Heap after GC invocations=21 (full 0):
 garbage-first heap   total 402432K, used 185585K [0x0000000080000000, 0x0000000100000000)
  region size 1024K, 13 young (13312K), 13 survivors (13312K)
 Metaspace       used 25644K, committed 25856K, reserved 1114112K
  class space    used 2555K, committed 2688K, reserved 1048576K
}
Event: 3.791 GC heap before
{Heap before GC invocations=21 (full 0):
 garbage-first heap   total 402432K, used 358641K [0x0000000080000000, 0x0000000100000000)
  region size 1024K, 182 young (186368K), 13 survivors (13312K)
 Metaspace       used 25644K, committed 25856K, reserved 1114112K
  class space    used 2555K, committed 2688K, reserved 1048576K
}
Event: 3.797 GC heap after
{Heap after GC invocations=22 (full 0):
 garbage-first heap   total 402432K, used 192928K [0x0000000080000000, 0x0000000100000000)
  region size 1024K, 20 young (20480K), 20 survivors (20480K)
 Metaspace       used 25644K, committed 25856K, reserved 1114112K
  class space    used 2555K, committed 2688K, reserved 1048576K
}
Event: 3.930 GC heap before
{Heap before GC invocations=22 (full 0):
 garbage-first heap   total 402432K, used 359840K [0x0000000080000000, 0x0000000100000000)
  region size 1024K, 183 young (187392K), 20 survivors (20480K)
 Metaspace       used 25645K, committed 25856K, reserved 1114112K
  class space    used 2555K, committed 2688K, reserved 1048576K
}
Event: 3.939 GC heap after
{Heap after GC invocations=23 (full 0):
 garbage-first heap   total 402432K, used 206343K [0x0000000080000000, 0x0000000100000000)
  region size 1024K, 23 young (23552K), 23 survivors (23552K)
 Metaspace       used 25645K, committed 25856K, reserved 1114112K
  class space    used 2555K, committed 2688K, reserved 1048576K
}
Event: 4.036 GC heap before
{Heap before GC invocations=23 (full 0):
 garbage-first heap   total 402432K, used 331271K [0x0000000080000000, 0x0000000100000000)
  region size 1024K, 146 young (149504K), 23 survivors (23552K)
 Metaspace       used 25664K, committed 25984K, reserved 1114112K
  class space    used 2556K, committed 2688K, reserved 1048576K
}
Event: 4.046 GC heap after
{Heap after GC invocations=24 (full 0):
 garbage-first heap   total 402432K, used 230643K [0x0000000080000000, 0x0000000100000000)
  region size 1024K, 22 young (22528K), 22 survivors (22528K)
 Metaspace       used 25664K, committed 25984K, reserved 1114112K
  class space    used 2556K, committed 2688K, reserved 1048576K
}
Event: 4.189 GC heap before
{Heap before GC invocations=25 (full 0):
 garbage-first heap   total 402432K, used 362739K [0x0000000080000000, 0x0000000100000000)
  region size 1024K, 146 young (149504K), 22 survivors (22528K)
 Metaspace       used 25664K, committed 25984K, reserved 1114112K
  class space    used 2556K, committed 2688K, reserved 1048576K
}
Event: 4.198 GC heap after
{Heap after GC invocations=26 (full 0):
 garbage-first heap   total 402432K, used 249745K [0x0000000080000000, 0x0000000100000000)
  region size 1024K, 13 young (13312K), 13 survivors (13312K)
 Metaspace       used 25664K, committed 25984K, reserved 1114112K
  class space    used 2556K, committed 2688K, reserved 1048576K
}
Event: 4.305 GC heap before
{Heap before GC invocations=26 (full 0):
 garbage-first heap   total 402432K, used 381841K [0x0000000080000000, 0x0000000100000000)
  region size 1024K, 128 young (131072K), 13 survivors (13312K)
 Metaspace       used 25725K, committed 25984K, reserved 1114112K
  class space    used 2565K, committed 2688K, reserved 1048576K
}
Event: 4.314 GC heap after
{Heap after GC invocations=27 (full 0):
 garbage-first heap   total 749568K, used 263917K [0x0000000080000000, 0x0000000100000000)
  region size 1024K, 15 young (15360K), 15 survivors (15360K)
 Metaspace       used 25725K, committed 25984K, reserved 1114112K
  class space    used 2565K, committed 2688K, reserved 1048576K
}
Event: 4.630 GC heap before
{Heap before GC invocations=27 (full 0):
 garbage-first heap   total 749568K, used 543469K [0x0000000080000000, 0x0000000100000000)
  region size 1024K, 277 young (283648K), 15 survivors (15360K)
 Metaspace       used 25778K, committed 26048K, reserved 1114112K
  class space    used 2567K, committed 2688K, reserved 1048576K
}
Event: 4.641 GC heap after
{Heap after GC invocations=28 (full 0):
 garbage-first heap   total 749568K, used 290306K [0x0000000080000000, 0x0000000100000000)
  region size 1024K, 35 young (35840K), 35 survivors (35840K)
 Metaspace       used 25778K, committed 26048K, reserved 1114112K
  class space    used 2567K, committed 2688K, reserved 1048576K
}
Event: 4.809 GC heap before
{Heap before GC invocations=28 (full 0):
 garbage-first heap   total 749568K, used 597506K [0x0000000080000000, 0x0000000100000000)
  region size 1024K, 335 young (343040K), 35 survivors (35840K)
 Metaspace       used 25791K, committed 26048K, reserved 1114112K
  class space    used 2569K, committed 2688K, reserved 1048576K
}
Event: 4.824 GC heap after
{Heap after GC invocations=29 (full 0):
 garbage-first heap   total 749568K, used 329230K [0x0000000080000000, 0x0000000100000000)
  region size 1024K, 37 young (37888K), 37 survivors (37888K)
 Metaspace       used 25791K, committed 26048K, reserved 1114112K
  class space    used 2569K, committed 2688K, reserved 1048576K
}
Event: 5.004 GC heap before
{Heap before GC invocations=29 (full 0):
 garbage-first heap   total 749568K, used 616974K [0x0000000080000000, 0x0000000100000000)
  region size 1024K, 318 young (325632K), 37 survivors (37888K)
 Metaspace       used 25893K, committed 26176K, reserved 1114112K
  class space    used 2578K, committed 2688K, reserved 1048576K
}
Event: 5.020 GC heap after
{Heap after GC invocations=30 (full 0):
 garbage-first heap   total 749568K, used 366592K [0x0000000080000000, 0x0000000100000000)
  region size 1024K, 36 young (36864K), 36 survivors (36864K)
 Metaspace       used 25893K, committed 26176K, reserved 1114112K
  class space    used 2578K, committed 2688K, reserved 1048576K
}

Dll operation events (9 events):
Event: 0.004 Loaded shared library c:\Users\Legion_5\.vscode\extensions\ltex-plus.vscode-ltex-plus-15.6.1\lib\ltex-ls-plus-18.6.1\jdk-21.0.8+9\bin\java.dll
Event: 0.007 Loaded shared library c:\Users\Legion_5\.vscode\extensions\ltex-plus.vscode-ltex-plus-15.6.1\lib\ltex-ls-plus-18.6.1\jdk-21.0.8+9\bin\zip.dll
Event: 0.032 Loaded shared library c:\Users\Legion_5\.vscode\extensions\ltex-plus.vscode-ltex-plus-15.6.1\lib\ltex-ls-plus-18.6.1\jdk-21.0.8+9\bin\jsvml.dll
Event: 0.091 Loaded shared library C:\Users\Legion_5\.vscode\extensions\ltex-plus.vscode-ltex-plus-15.6.1\lib\ltex-ls-plus-18.6.1\jdk-21.0.8+9\bin\net.dll
Event: 0.092 Loaded shared library C:\Users\Legion_5\.vscode\extensions\ltex-plus.vscode-ltex-plus-15.6.1\lib\ltex-ls-plus-18.6.1\jdk-21.0.8+9\bin\nio.dll
Event: 0.097 Loaded shared library C:\Users\Legion_5\.vscode\extensions\ltex-plus.vscode-ltex-plus-15.6.1\lib\ltex-ls-plus-18.6.1\jdk-21.0.8+9\bin\zip.dll
Event: 0.206 Loaded shared library C:\Users\Legion_5\.vscode\extensions\ltex-plus.vscode-ltex-plus-15.6.1\lib\ltex-ls-plus-18.6.1\jdk-21.0.8+9\bin\jimage.dll
Event: 0.244 Loaded shared library C:\Users\Legion_5\AppData\Local\Temp\jansi-2.4.2-50f18402c3a9b16e-jansi.dll
Event: 0.260 Loaded shared library c:\Users\Legion_5\.vscode\extensions\ltex-plus.vscode-ltex-plus-15.6.1\lib\ltex-ls-plus-18.6.1\jdk-21.0.8+9\bin\verify.dll

Deoptimization events (20 events):
Event: 55.633 Thread 0x000001ab8760d6d0 Uncommon trap: trap_request=0xffffff45 fr.pc=0x000001abf40f8a38 relative=0x0000000000000218
Event: 55.633 Thread 0x000001ab8760d6d0 Uncommon trap: reason=unstable_if action=reinterpret pc=0x000001abf40f8a38 method=java.util.regex.Pattern.RemoveQEQuoting()V @ 41 c2
Event: 55.633 Thread 0x000001ab8760d6d0 DEOPT PACKING pc=0x000001abf40f8a38 sp=0x000000a842afe340
Event: 55.633 Thread 0x000001ab8760d6d0 DEOPT UNPACKING pc=0x000001abf38d46a2 sp=0x000000a842afe2a0 mode 2
Event: 55.676 Thread 0x000001ab8760d6d0 Uncommon trap: trap_request=0xffffffc6 fr.pc=0x000001abf4098eb0 relative=0x00000000000000f0
Event: 55.676 Thread 0x000001ab8760d6d0 Uncommon trap: reason=bimorphic_or_optimized_type_check action=maybe_recompile pc=0x000001abf4098eb0 method=java.util.regex.Pattern$Dollar.study(Ljava/util/regex/Pattern$TreeInfo;)Z @ 5 c2
Event: 55.676 Thread 0x000001ab8760d6d0 DEOPT PACKING pc=0x000001abf4098eb0 sp=0x000000a842afd930
Event: 55.676 Thread 0x000001ab8760d6d0 DEOPT UNPACKING pc=0x000001abf38d46a2 sp=0x000000a842afd8b8 mode 2
Event: 55.676 Thread 0x000001ab8760d6d0 Uncommon trap: trap_request=0xffffffc6 fr.pc=0x000001abf4098eb0 relative=0x00000000000000f0
Event: 55.676 Thread 0x000001ab8760d6d0 Uncommon trap: reason=bimorphic_or_optimized_type_check action=maybe_recompile pc=0x000001abf4098eb0 method=java.util.regex.Pattern$Dollar.study(Ljava/util/regex/Pattern$TreeInfo;)Z @ 5 c2
Event: 55.676 Thread 0x000001ab8760d6d0 DEOPT PACKING pc=0x000001abf4098eb0 sp=0x000000a842afd930
Event: 55.676 Thread 0x000001ab8760d6d0 DEOPT UNPACKING pc=0x000001abf38d46a2 sp=0x000000a842afd8b8 mode 2
Event: 55.677 Thread 0x000001ab8760d6d0 Uncommon trap: trap_request=0xffffffc6 fr.pc=0x000001abf4098eb0 relative=0x00000000000000f0
Event: 55.677 Thread 0x000001ab8760d6d0 Uncommon trap: reason=bimorphic_or_optimized_type_check action=maybe_recompile pc=0x000001abf4098eb0 method=java.util.regex.Pattern$Dollar.study(Ljava/util/regex/Pattern$TreeInfo;)Z @ 5 c2
Event: 55.677 Thread 0x000001ab8760d6d0 DEOPT PACKING pc=0x000001abf4098eb0 sp=0x000000a842afd960
Event: 55.677 Thread 0x000001ab8760d6d0 DEOPT UNPACKING pc=0x000001abf38d46a2 sp=0x000000a842afd8e8 mode 2
Event: 55.677 Thread 0x000001ab8760d6d0 Uncommon trap: trap_request=0xffffffc6 fr.pc=0x000001abf4098eb0 relative=0x00000000000000f0
Event: 55.677 Thread 0x000001ab8760d6d0 Uncommon trap: reason=bimorphic_or_optimized_type_check action=maybe_recompile pc=0x000001abf4098eb0 method=java.util.regex.Pattern$Dollar.study(Ljava/util/regex/Pattern$TreeInfo;)Z @ 5 c2
Event: 55.677 Thread 0x000001ab8760d6d0 DEOPT PACKING pc=0x000001abf4098eb0 sp=0x000000a842afd960
Event: 55.677 Thread 0x000001ab8760d6d0 DEOPT UNPACKING pc=0x000001abf38d46a2 sp=0x000000a842afd8e8 mode 2

Classes loaded (20 events):
Event: 5.539 Loading class java/util/concurrent/CompletableFuture$Completion
Event: 5.539 Loading class java/util/concurrent/CompletableFuture$AsynchronousCompletionTask
Event: 5.539 Loading class java/util/concurrent/CompletableFuture$AsynchronousCompletionTask done
Event: 5.539 Loading class java/util/concurrent/ForkJoinTask
Event: 5.539 Loading class java/util/concurrent/ForkJoinTask done
Event: 5.539 Loading class java/util/concurrent/CompletableFuture$Completion done
Event: 18.516 Loading class java/util/ConcurrentModificationException
Event: 18.516 Loading class java/util/ConcurrentModificationException done
Event: 18.518 Loading class java/util/concurrent/CompletableFuture$Signaller
Event: 18.518 Loading class java/util/concurrent/CompletableFuture$Signaller done
Event: 18.518 Loading class java/util/concurrent/ForkJoinTask$Aux
Event: 18.518 Loading class java/util/concurrent/ForkJoinTask$Aux done
Event: 54.552 Loading class java/util/regex/Pattern$Caret
Event: 54.552 Loading class java/util/regex/Pattern$Caret done
Event: 54.578 Loading class java/lang/StringIndexOutOfBoundsException
Event: 54.578 Loading class java/lang/StringIndexOutOfBoundsException done
Event: 54.578 Loading class java/util/function/IntPredicate
Event: 54.578 Loading class java/util/function/IntPredicate done
Event: 55.671 Loading class java/util/regex/Pattern$LazyLoop
Event: 55.671 Loading class java/util/regex/Pattern$LazyLoop done

Classes unloaded (0 events):
No events

Classes redefined (0 events):
No events

Internal exceptions (20 events):
Event: 4.963 Thread 0x000001abe9a6b190 Exception <a 'java/lang/NoSuchMethodError'{0x000000009cc78378}: 'int java.lang.invoke.DirectMethodHandle$Holder.invokeStaticInit(java.lang.Object, java.lang.Object)'> (0x000000009cc78378) 
thrown [s\src\hotspot\share\interpreter\linkResolver.cpp, line 773]
Event: 5.378 Thread 0x000001abe9a6b190 Exception <a 'java/lang/NoSuchMethodError'{0x00000000a29b0a70}: 'void java.lang.invoke.DirectMethodHandle$Holder.invokeStatic(java.lang.Object, java.lang.Object, java.lang.Object)'> (0x00000000a29b0a70) 
thrown [s\src\hotspot\share\interpreter\linkResolver.cpp, line 773]
Event: 5.392 Thread 0x000001abe9a6b190 Exception <a 'java/lang/NoSuchMethodError'{0x00000000a2830cb8}: 'void java.lang.invoke.DirectMethodHandle$Holder.invokeStatic(java.lang.Object, java.lang.Object, java.lang.Object, java.lang.Object)'> (0x00000000a2830cb8) 
thrown [s\src\hotspot\share\interpreter\linkResolver.cpp, line 773]
Event: 5.452 Thread 0x000001abe9a6b190 Exception <a 'java/lang/NoSuchMethodError'{0x00000000a232ff60}: 'java.lang.Object java.lang.invoke.DirectMethodHandle$Holder.newInvokeSpecial(java.lang.Object, java.lang.Object, java.lang.Object, java.lang.Object, java.lang.Object)'> (0x00000000a232ff60) 
thrown [s\src\hotspot\share\interpreter\linkResolver.cpp, line 773]
Event: 5.460 Thread 0x000001abe9a6b190 Exception <a 'java/lang/IncompatibleClassChangeError'{0x00000000a2379c28}: Found class java.lang.Object, but interface was expected> (0x00000000a2379c28) 
thrown [s\src\hotspot\share\interpreter\linkResolver.cpp, line 840]
Event: 5.460 Thread 0x000001abe9a6b190 Exception <a 'java/lang/IncompatibleClassChangeError'{0x00000000a237bb28}: Found class java.lang.Object, but interface was expected> (0x00000000a237bb28) 
thrown [s\src\hotspot\share\interpreter\linkResolver.cpp, line 840]
Event: 5.463 Thread 0x000001abe9a6b190 Exception <a 'java/lang/NoSuchMethodError'{0x00000000a23bde80}: 'void java.lang.invoke.DirectMethodHandle$Holder.invokeSpecial(java.lang.Object, java.lang.Object, java.lang.Object)'> (0x00000000a23bde80) 
thrown [s\src\hotspot\share\interpreter\linkResolver.cpp, line 773]
Event: 5.510 Thread 0x000001ab8cde7db0 Exception <a 'java/lang/NoSuchMethodError'{0x00000000a1f1ef08}: 'java.lang.Object java.lang.invoke.DirectMethodHandle$Holder.invokeInterface(java.lang.Object, java.lang.Object, java.lang.Object)'> (0x00000000a1f1ef08) 
thrown [s\src\hotspot\share\interpreter\linkResolver.cpp, line 773]
Event: 5.531 Thread 0x000001ab8cde7db0 Exception <a 'java/lang/ClassNotFoundException'{0x00000000a1e72d98}: sun/util/logging/resources/spi/loggingProvider> (0x00000000a1e72d98) 
thrown [s\src\hotspot\share\classfile\systemDictionary.cpp, line 312]
Event: 8.750 Thread 0x000001ab8cde7db0 Exception <a 'java/lang/IncompatibleClassChangeError'{0x00000000a1de8df0}: Found class java.lang.Object, but interface was expected> (0x00000000a1de8df0) 
thrown [s\src\hotspot\share\interpreter\linkResolver.cpp, line 840]
Event: 18.512 Thread 0x000001ab8cde7db0 Exception <a 'java/lang/NoSuchMethodError'{0x00000000a1c1a840}: 'void java.lang.invoke.DirectMethodHandle$Holder.invokeStatic(java.lang.Object, java.lang.Object)'> (0x00000000a1c1a840) 
thrown [s\src\hotspot\share\interpreter\linkResolver.cpp, line 773]
Event: 26.277 Thread 0x000001ab8cde7db0 Exception <a 'java/lang/IncompatibleClassChangeError'{0x00000000a1c76260}: Found class java.lang.Object, but interface was expected> (0x00000000a1c76260) 
thrown [s\src\hotspot\share\interpreter\linkResolver.cpp, line 840]
Event: 26.318 Thread 0x000001ab8760d6d0 Exception <a 'java/lang/NoSuchMethodError'{0x00000000a1cb0e00}: 'int java.lang.invoke.DirectMethodHandle$Holder.invokeSpecialIFC(java.lang.Object, java.lang.Object, java.lang.Object, java.lang.Object)'> (0x00000000a1cb0e00) 
thrown [s\src\hotspot\share\interpreter\linkResolver.cpp, line 773]
Event: 54.555 Thread 0x000001ab8760d6d0 Exception <a 'java/lang/NoSuchMethodError'{0x00000000a1a2d8c8}: 'java.lang.Object java.lang.invoke.DirectMethodHandle$Holder.newInvokeSpecial(java.lang.Object, java.lang.Object, java.lang.Object, int)'> (0x00000000a1a2d8c8) 
thrown [s\src\hotspot\share\interpreter\linkResolver.cpp, line 773]
Event: 54.555 Thread 0x000001ab8760d6d0 Exception <a 'java/lang/NoSuchMethodError'{0x00000000a1a31a60}: 'java.lang.Object java.lang.invoke.DirectMethodHandle$Holder.invokeSpecial(java.lang.Object, java.lang.Object, java.lang.Object, java.lang.Object, int)'> (0x00000000a1a31a60) 
thrown [s\src\hotspot\share\interpreter\linkResolver.cpp, line 773]
Event: 54.555 Thread 0x000001ab8760d6d0 Exception <a 'java/lang/NoSuchMethodError'{0x00000000a1a353b8}: 'java.lang.Object java.lang.invoke.Invokers$Holder.linkToTargetMethod(java.lang.Object, java.lang.Object, int, java.lang.Object)'> (0x00000000a1a353b8) 
thrown [s\src\hotspot\share\interpreter\linkResolver.cpp, line 773]
Event: 54.579 Thread 0x000001ab8760d6d0 Exception <a 'java/lang/NoSuchMethodError'{0x00000000a18475c0}: 'int java.lang.invoke.DirectMethodHandle$Holder.invokeStaticInit(java.lang.Object, int)'> (0x00000000a18475c0) 
thrown [s\src\hotspot\share\interpreter\linkResolver.cpp, line 773]
Event: 54.583 Thread 0x000001ab8760d6d0 Exception <a 'java/lang/NoSuchMethodError'{0x00000000a18afab0}: 'void java.lang.invoke.DirectMethodHandle$Holder.invokeStaticInit(java.lang.Object, java.lang.Object, java.lang.Object)'> (0x00000000a18afab0) 
thrown [s\src\hotspot\share\interpreter\linkResolver.cpp, line 773]
Event: 54.595 Thread 0x000001ab8760d6d0 Exception <a 'java/lang/NoSuchMethodError'{0x00000000a16118a8}: 'java.lang.Object java.lang.invoke.DirectMethodHandle$Holder.newInvokeSpecial(java.lang.Object, java.lang.Object, java.lang.Object, java.lang.Object, java.lang.Object, java.lang.Object, java.lang.Object)'> (0x00000000a16118a8) 
thrown [s\src\hotspot\share\interpreter\linkResolver.cpp, line 773]
Event: 54.600 Thread 0x000001ab8760d6d0 Exception <a 'java/lang/NoSuchMethodError'{0x00000000a1693fa0}: 'int java.lang.invoke.DirectMethodHandle$Holder.invokeStatic(java.lang.Object, int, int, int, int)'> (0x00000000a1693fa0) 
thrown [s\src\hotspot\share\interpreter\linkResolver.cpp, line 773]

ZGC Phase Switch (0 events):
No events

VM Operations (20 events):
Event: 5.467 Executing VM operation: HandshakeAllThreads (Deoptimize) done
Event: 5.467 Executing VM operation: HandshakeAllThreads (Deoptimize)
Event: 5.467 Executing VM operation: HandshakeAllThreads (Deoptimize) done
Event: 5.525 Executing VM operation: HandshakeAllThreads (Deoptimize)
Event: 5.525 Executing VM operation: HandshakeAllThreads (Deoptimize) done
Event: 6.529 Executing VM operation: Cleanup
Event: 6.529 Executing VM operation: Cleanup done
Event: 8.535 Executing VM operation: Cleanup
Event: 8.535 Executing VM operation: Cleanup done
Event: 9.549 Executing VM operation: Cleanup
Event: 9.549 Executing VM operation: Cleanup done
Event: 17.599 Executing VM operation: Cleanup
Event: 17.599 Executing VM operation: Cleanup done
Event: 26.659 Executing VM operation: Cleanup
Event: 26.659 Executing VM operation: Cleanup done
Event: 54.924 Executing VM operation: Cleanup
Event: 54.924 Executing VM operation: Cleanup done
Event: 55.672 Executing VM operation: HandshakeAllThreads (Deoptimize)
Event: 55.672 Executing VM operation: HandshakeAllThreads (Deoptimize) done
Event: 56.682 Executing VM operation: Cleanup

Memory protections (0 events):
No events

Nmethod flushes (20 events):
Event: 4.085 Thread 0x000001ab8215e290 flushing  nmethod 0x000001abec7e8710
Event: 4.085 Thread 0x000001ab8215e290 flushing  nmethod 0x000001abec9f1710
Event: 4.085 Thread 0x000001ab8215e290 flushing  nmethod 0x000001abec9f2990
Event: 4.085 Thread 0x000001ab8215e290 flushing  nmethod 0x000001abec9fd610
Event: 4.085 Thread 0x000001ab8215e290 flushing  nmethod 0x000001abecab0e10
Event: 4.085 Thread 0x000001ab8215e290 flushing  nmethod 0x000001abecab1190
Event: 4.085 Thread 0x000001ab8215e290 flushing  nmethod 0x000001abecad3310
Event: 4.085 Thread 0x000001ab8215e290 flushing  nmethod 0x000001abecad3d90
Event: 4.085 Thread 0x000001ab8215e290 flushing  nmethod 0x000001abecad4790
Event: 4.085 Thread 0x000001ab8215e290 flushing  nmethod 0x000001abecad4d90
Event: 4.085 Thread 0x000001ab8215e290 flushing  nmethod 0x000001abecad5110
Event: 4.085 Thread 0x000001ab8215e290 flushing  nmethod 0x000001abecad5b10
Event: 4.085 Thread 0x000001ab8215e290 flushing  nmethod 0x000001abecad6810
Event: 4.085 Thread 0x000001ab8215e290 flushing  nmethod 0x000001abecad6d10
Event: 4.085 Thread 0x000001ab8215e290 flushing osr nmethod 0x000001abecad8710
Event: 4.085 Thread 0x000001ab8215e290 flushing  nmethod 0x000001abecad9c10
Event: 4.085 Thread 0x000001ab8215e290 flushing  nmethod 0x000001abecada690
Event: 4.085 Thread 0x000001ab8215e290 flushing  nmethod 0x000001abecadac10
Event: 4.085 Thread 0x000001ab8215e290 flushing  nmethod 0x000001abecadc590
Event: 4.085 Thread 0x000001ab8215e290 flushing  nmethod 0x000001abecadcc10

Events (20 events):
Event: 0.703 Thread 0x000001ab821a5060 Thread added: 0x000001ab882bb010
Event: 0.704 Thread 0x000001ab82561320 Thread added: 0x000001ab8760d6d0
Event: 0.709 Thread 0x000001ab823071f0 Thread added: 0x000001ab88042e00
Event: 0.711 Thread 0x000001ab823071f0 Thread added: 0x000001ab87ed4030
Event: 0.774 Thread 0x000001ab872d08b0 Thread added: 0x000001ab88042400
Event: 0.911 Thread 0x000001ab821a5060 Thread added: 0x000001ab88041cc0
Event: 0.914 Thread 0x000001ab821a5060 Thread added: 0x000001ab88660fa0
Event: 4.672 Thread 0x000001ab88660fa0 Thread exited: 0x000001ab88660fa0
Event: 4.851 Thread 0x000001ab88041cc0 Thread exited: 0x000001ab88041cc0
Event: 4.851 Thread 0x000001ab87ed4030 Thread exited: 0x000001ab87ed4030
Event: 5.270 Thread 0x000001ab88042e00 Thread exited: 0x000001ab88042e00
Event: 5.467 Thread 0x000001abe9a6b190 Thread added: 0x000001ab8cde7db0
Event: 10.565 Thread 0x000001ab88042400 Thread exited: 0x000001ab88042400
Event: 10.565 Thread 0x000001ab872d08b0 Thread exited: 0x000001ab872d08b0
Event: 10.565 Thread 0x000001ab823071f0 Thread exited: 0x000001ab823071f0
Event: 10.626 Thread 0x000001ab8760d6d0 Thread exited: 0x000001ab8760d6d0
Event: 15.577 Thread 0x000001ab882bb010 Thread exited: 0x000001ab882bb010
Event: 18.509 Thread 0x000001ab82561320 Thread exited: 0x000001ab82561320
Event: 18.512 Thread 0x000001ab8cde7db0 Thread added: 0x000001ab8760d6d0
Event: 54.547 Thread 0x000001ab821a5060 Thread added: 0x000001ab8865ed90


Dynamic libraries:
0x00007ff7673f0000 - 0x00007ff7673fe000 	c:\Users\Legion_5\.vscode\extensions\ltex-plus.vscode-ltex-plus-15.6.1\lib\ltex-ls-plus-18.6.1\jdk-21.0.8+9\bin\java.exe
0x00007ff8affc0000 - 0x00007ff8b0227000 	C:\WINDOWS\SYSTEM32\ntdll.dll
0x00007ff8af430000 - 0x00007ff8af4f9000 	C:\WINDOWS\System32\KERNEL32.DLL
0x00007ff8ad3f0000 - 0x00007ff8ad7e7000 	C:\WINDOWS\System32\KERNELBASE.dll
0x00007ff8ad8b0000 - 0x00007ff8ad9fb000 	C:\WINDOWS\System32\ucrtbase.dll
0x00007ff89e4f0000 - 0x00007ff89e508000 	c:\Users\Legion_5\.vscode\extensions\ltex-plus.vscode-ltex-plus-15.6.1\lib\ltex-ls-plus-18.6.1\jdk-21.0.8+9\bin\jli.dll
0x00007ff87d930000 - 0x00007ff87d94e000 	c:\Users\Legion_5\.vscode\extensions\ltex-plus.vscode-ltex-plus-15.6.1\lib\ltex-ls-plus-18.6.1\jdk-21.0.8+9\bin\VCRUNTIME140.dll
0x00007ff8aec90000 - 0x00007ff8aee56000 	C:\WINDOWS\System32\USER32.dll
0x00007ff8ad3c0000 - 0x00007ff8ad3e7000 	C:\WINDOWS\System32\win32u.dll
0x00007ff89b8a0000 - 0x00007ff89bb32000 	C:\WINDOWS\WinSxS\amd64_microsoft.windows.common-controls_6595b64144ccf1df_6.0.26100.8457_none_3e0b2faee331e92d\COMCTL32.dll
0x00007ff8af820000 - 0x00007ff8af84b000 	C:\WINDOWS\System32\GDI32.dll
0x00007ff8af380000 - 0x00007ff8af429000 	C:\WINDOWS\System32\msvcrt.dll
0x00007ff8ada90000 - 0x00007ff8adbbc000 	C:\WINDOWS\System32\gdi32full.dll
0x00007ff8acaa0000 - 0x00007ff8acb43000 	C:\WINDOWS\System32\msvcp_win.dll
0x00007ff8add40000 - 0x00007ff8add72000 	C:\WINDOWS\System32\IMM32.DLL
0x00007ff89e4e0000 - 0x00007ff89e4ec000 	c:\Users\Legion_5\.vscode\extensions\ltex-plus.vscode-ltex-plus-15.6.1\lib\ltex-ls-plus-18.6.1\jdk-21.0.8+9\bin\vcruntime140_1.dll
0x00007ff87d8a0000 - 0x00007ff87d92d000 	c:\Users\Legion_5\.vscode\extensions\ltex-plus.vscode-ltex-plus-15.6.1\lib\ltex-ls-plus-18.6.1\jdk-21.0.8+9\bin\msvcp140.dll
0x00007ff8129a0000 - 0x00007ff813737000 	c:\Users\Legion_5\.vscode\extensions\ltex-plus.vscode-ltex-plus-15.6.1\lib\ltex-ls-plus-18.6.1\jdk-21.0.8+9\bin\server\jvm.dll
0x00007ff8aea80000 - 0x00007ff8aeb36000 	C:\WINDOWS\System32\ADVAPI32.dll
0x00007ff8afbe0000 - 0x00007ff8afc87000 	C:\WINDOWS\System32\sechost.dll
0x00007ff8aeb60000 - 0x00007ff8aec78000 	C:\WINDOWS\System32\RPCRT4.dll
0x00007ff8ae010000 - 0x00007ff8ae090000 	C:\WINDOWS\System32\WS2_32.dll
0x00007ff8ac420000 - 0x00007ff8ac47e000 	C:\WINDOWS\SYSTEM32\POWRPROF.dll
0x00007ff8a97f0000 - 0x00007ff8a9826000 	C:\WINDOWS\SYSTEM32\WINMM.dll
0x00007ff8a4430000 - 0x00007ff8a443b000 	C:\WINDOWS\SYSTEM32\VERSION.dll
0x00007ff8ac3c0000 - 0x00007ff8ac3d4000 	C:\WINDOWS\SYSTEM32\UMPDC.dll
0x00007ff8ab740000 - 0x00007ff8ab75b000 	C:\WINDOWS\SYSTEM32\kernel.appcore.dll
0x00007ff899650000 - 0x00007ff89965a000 	c:\Users\Legion_5\.vscode\extensions\ltex-plus.vscode-ltex-plus-15.6.1\lib\ltex-ls-plus-18.6.1\jdk-21.0.8+9\bin\jimage.dll
0x00007ff8aa890000 - 0x00007ff8aaad2000 	C:\WINDOWS\SYSTEM32\DBGHELP.DLL
0x00007ff8af850000 - 0x00007ff8afbd3000 	C:\WINDOWS\System32\combase.dll
0x00007ff8af740000 - 0x00007ff8af819000 	C:\WINDOWS\System32\OLEAUT32.dll
0x00007ff89d790000 - 0x00007ff89d7cb000 	C:\WINDOWS\SYSTEM32\dbgcore.DLL
0x00007ff8ac9f0000 - 0x00007ff8aca98000 	C:\WINDOWS\System32\bcryptPrimitives.dll
0x00007ff83b540000 - 0x00007ff83b55f000 	c:\Users\Legion_5\.vscode\extensions\ltex-plus.vscode-ltex-plus-15.6.1\lib\ltex-ls-plus-18.6.1\jdk-21.0.8+9\bin\java.dll
0x00007ff83b370000 - 0x00007ff83b388000 	c:\Users\Legion_5\.vscode\extensions\ltex-plus.vscode-ltex-plus-15.6.1\lib\ltex-ls-plus-18.6.1\jdk-21.0.8+9\bin\zip.dll
0x00007ff8ae120000 - 0x00007ff8ae88e000 	C:\WINDOWS\System32\SHELL32.dll
0x00007ff8acb50000 - 0x00007ff8ad3bc000 	C:\WINDOWS\System32\windows.storage.dll
0x00007ff8add80000 - 0x00007ff8ade76000 	C:\WINDOWS\System32\SHCORE.dll
0x00007ff8adea0000 - 0x00007ff8adf06000 	C:\WINDOWS\System32\shlwapi.dll
0x00007ff8ac910000 - 0x00007ff8ac939000 	C:\WINDOWS\SYSTEM32\profapi.dll
0x00007ff8128c0000 - 0x00007ff812997000 	c:\Users\Legion_5\.vscode\extensions\ltex-plus.vscode-ltex-plus-15.6.1\lib\ltex-ls-plus-18.6.1\jdk-21.0.8+9\bin\jsvml.dll
0x00007ff896f20000 - 0x00007ff896f30000 	C:\Users\Legion_5\.vscode\extensions\ltex-plus.vscode-ltex-plus-15.6.1\lib\ltex-ls-plus-18.6.1\jdk-21.0.8+9\bin\net.dll
0x00007ff8a5410000 - 0x00007ff8a5539000 	C:\WINDOWS\SYSTEM32\WINHTTP.dll
0x00007ff8abc90000 - 0x00007ff8abcfc000 	C:\WINDOWS\system32\mswsock.dll
0x00007ff83a870000 - 0x00007ff83a886000 	C:\Users\Legion_5\.vscode\extensions\ltex-plus.vscode-ltex-plus-15.6.1\lib\ltex-ls-plus-18.6.1\jdk-21.0.8+9\bin\nio.dll
0x00007ff83ae00000 - 0x00007ff83ae24000 	C:\Users\Legion_5\AppData\Local\Temp\jansi-2.4.2-50f18402c3a9b16e-jansi.dll
0x00007ff894a90000 - 0x00007ff894aa0000 	c:\Users\Legion_5\.vscode\extensions\ltex-plus.vscode-ltex-plus-15.6.1\lib\ltex-ls-plus-18.6.1\jdk-21.0.8+9\bin\verify.dll

JVMTI agents: none

dbghelp: loaded successfully - version: 4.0.5 - missing functions: none
symbol engine: initialized successfully - sym options: 0x614 - pdb path: .;c:\Users\Legion_5\.vscode\extensions\ltex-plus.vscode-ltex-plus-15.6.1\lib\ltex-ls-plus-18.6.1\jdk-21.0.8+9\bin;C:\WINDOWS\SYSTEM32;C:\WINDOWS\WinSxS\amd64_microsoft.windows.common-controls_6595b64144ccf1df_6.0.26100.8457_none_3e0b2faee331e92d;c:\Users\Legion_5\.vscode\extensions\ltex-plus.vscode-ltex-plus-15.6.1\lib\ltex-ls-plus-18.6.1\jdk-21.0.8+9\bin\server;C:\Users\Legion_5\AppData\Local\Temp

VM Arguments:
jvm_args: -Xms64m -Xmx2048m -Dapp.name=ltex-ls-plus -Dapp.repo=c:\Users\Legion_5\.vscode\extensions\ltex-plus.vscode-ltex-plus-15.6.1\lib\ltex-ls-plus-18.6.1\lib -Dapp.home=c:\Users\Legion_5\.vscode\extensions\ltex-plus.vscode-ltex-plus-15.6.1\lib\ltex-ls-plus-18.6.1 -Dbasedir=c:\Users\Legion_5\.vscode\extensions\ltex-plus.vscode-ltex-plus-15.6.1\lib\ltex-ls-plus-18.6.1 
java_command: org.bsplines.ltexls.LtexLanguageServerLauncher
java_class_path (initial): c:\Users\Legion_5\.vscode\extensions\ltex-plus.vscode-ltex-plus-15.6.1\lib\ltex-ls-plus-18.6.1\etc;c:\Users\Legion_5\.vscode\extensions\ltex-plus.vscode-ltex-plus-15.6.1\lib\ltex-ls-plus-18.6.1\lib\aho-corasick-double-array-trie-1.2.2.jar;c:\Users\Legion_5\.vscode\extensions\ltex-plus.vscode-ltex-plus-15.6.1\lib\ltex-ls-plus-18.6.1\lib\angus-activation-2.0.2.jar;c:\Users\Legion_5\.vscode\extensions\ltex-plus.vscode-ltex-plus-15.6.1\lib\ltex-ls-plus-18.6.1\lib\animal-sniffer-annotations-1.24.jar;c:\Users\Legion_5\.vscode\extensions\ltex-plus.vscode-ltex-plus-15.6.1\lib\ltex-ls-plus-18.6.1\lib\annotations-12.0.jar;c:\Users\Legion_5\.vscode\extensions\ltex-plus.vscode-ltex-plus-15.6.1\lib\ltex-ls-plus-18.6.1\lib\annotations-13.0.jar;c:\Users\Legion_5\.vscode\extensions\ltex-plus.vscode-ltex-plus-15.6.1\lib\ltex-ls-plus-18.6.1\lib\annotations-4.1.1.4.jar;c:\Users\Legion_5\.vscode\extensions\ltex-plus.vscode-ltex-plus-15.6.1\lib\ltex-ls-plus-18.6.1\lib\asturian-pos-dict-0.1.jar;c:\Users\Legion_5\.vscode\extensions\ltex-plus.vscode-ltex-plus-15.6.1\lib\ltex-ls-plus-18.6.1\lib\catalan-pos-dict-2.27.jar;c:\Users\Legion_5\.vscode\extensions\ltex-plus.vscode-ltex-plus-15.6.1\lib\ltex-ls-plus-18.6.1\lib\checker-qual-3.43.0.jar;c:\Users\Legion_5\.vscode\extensions\ltex-plus.vscode-ltex-plus-15.6.1\lib\ltex-ls-plus-18.6.1\lib\commons-digester-2.1.jar;c:\Users\Legion_5\.vscode\extensions\ltex-plus.vscode-ltex-plus-15.6.1\lib\ltex-ls-plus-18.6.1\lib\commons-lang3-3.18.0.jar;c:\Users\Legion_5\.vscode\extensions\ltex-plus.vscode-ltex-plus-15.6.1\lib\ltex-ls-plus-18.6.1\lib\commons-logging-1.3.4.jar;c:\Users\Legion_5\.vscode\extensions\ltex-plus.vscode-ltex-plus-15.6.1\lib\ltex-ls-plus-18.6.1\lib\commons-pool2-2.12.0.jar;c:\Users\Legion_5\.vscode\extensions\ltex-plus.vscode-ltex-plus-15.6.1\lib\ltex-ls-plus-18.6.1\lib\commons-text-1.12.0.jar;c:\Users\Legion_5\.vscode\extensions\ltex-plus.vscode-ltex-plus-15.6.1\lib\ltex-ls-plus-18.6.1\lib\commons-validator-1.9.0.jar;c:\Users\Legion_5\.vscode\extensions\ltex-plus.vscode-ltex-plus-15.6.1\lib\ltex-ls-plus-18.6.1\lib\dutch-pos-dict-0.1.jar;c:\Users\Legion_5\.vscode\extensions\ltex-plus.vscode-ltex-plus-15.6.1\lib\ltex-ls-plus-18.6.1\lib\english-pos-dict-0.6.jar;c:\Users\Legion_5\.vscode\extensions\ltex-plus.vscode-ltex-plus-15.6.1\lib\ltex-ls-plus-18.6.1\lib\error_prone_annotations-2.38.0.jar;c:\Users\Legion_5\.vscode\extensions\ltex-plus.vscode-ltex-plus-15.6.1\lib\ltex-ls-plus-18.6.1\lib\error_prone_annotations-2.41.0.jar;c:\Users\Legion_5\.vscode\extensions\ltex-plus.vscode-ltex-plus-15.6.1\lib\ltex-ls-plus-18.6.1\lib\failureaccess-1.0.2.jar;c:\Users\Legion_5\.vscode\extensions\ltex-plus.vscode-ltex-plus-15.6.1\lib\ltex-ls-plus-18.6.1\lib\fastutil-core-8.5.14.jar;c:\Users\Legion_5\.vscode\extensions\ltex-plus.vscode-ltex-plus-15.6.1\lib\ltex-ls-plus-18.6.1\lib\flexmark-0.64.8.jar;c:\Users\Legion_5\.vscode\extensions\ltex-plus.vscode-ltex-plus-15.6.1\lib\ltex-ls-plus-18.6.1\lib\flexmark-ext-definition-0.64.8.jar;c:\Users\Legion_5\.vscode\extensions\ltex-plus.vscode-ltex-plus-15.6.1\lib\ltex-ls-plus-18.6.1\lib\flexmark-ext-gfm-strikethrough-0.64.8.jar;c:\Users\Legion_5\.vscode\extensions\ltex-plus.vscode-ltex-plus-15.6.1\lib\ltex-ls-plus-18.6.1\lib\flexmark-ext-gitlab-0.64.8.jar;c:\Users\Legion_5\.vscode\extensions\ltex-plus.vscode-ltex-plus-15.6.1\lib\ltex-ls-plus-18.6.1\lib\flexmark-ext-tables-0.64.8.jar;c:\Users\Legion_5\.vscode\extensions\ltex-plus.vscode-ltex-plus-15.6.1\lib\ltex-ls-plus-18.6.1\lib\flexmark-ext-yaml-front-matter-0.64.8.jar;c:\Users\Legion_5\.vscode\extensions\ltex-plus.vscode-ltex-plus-15.6.1\lib\ltex-ls-plus-18.6.1\lib\flexmark-test-util-0.64.8.jar;c:\Users\Legion_5\.vscode\extensions\ltex-plus.vscode-ltex-plus-15.6.1\lib\ltex-ls-plus-18.6.1\lib\flexmark-util-0.64.8.jar;c:\Users\Legion_5\.vscode\extensions\ltex-plus.vscode-ltex-plus-15.6.1\lib\ltex-ls-plus-18.6.1\lib\flexmark-util-ast-0.64.8.jar;c:\Users\Legion_5\.vscode\extensions\ltex-plus.vscode-ltex-plus-15.6.1\lib\ltex-ls-plus-18.6.1\lib\flexmark-util-builder-0.64.8.jar;c:\Users\Legion_5\.vscode\extensions\ltex-plus.vscode-ltex-plus-15.6.1\lib\ltex-ls-plus-18.6.1\lib\flexmark-util-collection-0.64.8.jar;c:\Users\Legion_5\.vscode\extensions\ltex-plus.vscode-ltex-plus-15.6.1\lib\ltex-ls-plus-18.6.1\lib\flexmark-util-data-0.64.8.jar;c:\Users\Legion_5\.vscode\extensions\ltex-plus.vscode-ltex-plus-15.6.1\lib\ltex-ls-plus-18.6.1\lib\flexmark-util-dependency-0.64.8.jar;c:\Users\Legion_5\.vscode\extensions\ltex-plus.vscode-ltex-plus-15.6.1\lib\ltex-ls-plus-18.6.1\lib\flexmark-util-format-0.64.8.jar;c:\Users\Legion_5\.vscode\extensions\ltex-plus.vscode-ltex-plus-15.6.1\lib\ltex-ls-plus-18.6.1\lib\flexmark-util-html-0.64.8.jar;c:\Users\Legion_5\.vscode\extensions\ltex-plus.vscode-ltex-plus-15.6.1\lib\ltex-ls-plus-18.6.1\lib\flexmark-util-misc-0.64.8.jar;c:\Users\Legion_5\.vscode\extensions\ltex-plus.vscode-ltex-plus-15.6.1\lib\ltex-ls-plus-18.6.1\lib\flexmark-util-options-0.64.8.jar;c:\Users\Legion_5\.vscode\extensions\ltex-plus.vscode-ltex-plus-15.6.1\lib\ltex-ls-plus-18.6.1\lib\flexmark-util-sequence-0.64.8.jar;c:\Users\Legion_5\.vscode\extensions\ltex-plus.vscode-ltex-plus-15.6.1\lib\ltex-ls-plus-18.6.1\lib\flexmark-util-visitor-0.64.8.jar;c:\Users\Legion_5\.vscode\extensions\ltex-plus.vscode-ltex-plus-15.6.1\lib\ltex-ls-plus-18.6.1\lib\french-pos-dict-0.7.jar;c:\Users\Legion_5\.vscode\extensions\ltex-plus.vscode-ltex-plus-15.6.1\lib\ltex-ls-plus-18.6.1\lib\german-pos-dict-1.2.4.jar;c:\Users\Legion_5\.vscode\extensions\ltex-plus.vscode-ltex-plus-15.6.1\lib\ltex-ls-plus-18.6.1\lib\grpc-api-1.75.0.jar;c:\Users\Legion_5\.vscode\extensions\ltex-plus.vscode-ltex-plus-15.6.1\lib\ltex-ls-plus-18.6.1\lib\grpc-context-1.75.0.jar;c:\Users\Legion_5\.vscode\extensions\ltex-plus.vscode-ltex-plus-15.6.1\lib\ltex-ls-plus-18.6.1\lib\grpc-core-1.75.0.jar;c:\Users\Legion_5\.vscode\extensions\ltex-plus.vscode-ltex-plus-15.6.1\lib\ltex-ls-plus-18.6.1\lib\grpc-netty-shaded-1.75.0.jar;c:\Users\Legion_5\.vscode\extensions\ltex-plus.vscode-ltex-plus-15.6.1\lib\ltex-ls-plus-18.6.1\lib\grpc-protobuf-1.75.0.jar;c:\Users\Legion_5\.vscode\extensions\ltex-plus.vscode-ltex-plus-15.6.1\lib\ltex-ls-plus-18.6.1\lib\grpc-protobuf-lite-1.75.0.jar;c:\Users\Legion_5\.vscode\extensions\ltex-plus.vscode-ltex-plus-15.6.1\lib\ltex-ls-plus-18.6.1\lib\grpc-stub-1.75.0.jar;c:\Users\Legion_5\.vscode\extensions\ltex-plus.vscode-ltex-plus-15.6.1\lib\ltex-ls-plus-18.6.1\lib\grpc-util-1.75.0.jar;c:\Users\Legion_5\.vscode\extensions\ltex-plus.vscode-ltex-plus-15.6.1\lib\ltex-ls-plus-18.6.1\lib\gson-2.13.1.jar;c:\Users\Legion_5\.vscode\extensions\ltex-plus.vscode-ltex-plus-15.6.1\lib\ltex-ls-plus-18.6.1\lib\gson-2.13.2.jar;c:\Users\Legion_5\.vscode\extensions\ltex-plus.vscode-ltex-plus-15.6.1\lib\ltex-ls-plus-18.6.1\lib\guava-33.3.1-jre.jar;c:\Users\Legion_5\.vscode\extensions\ltex-plus.vscode-ltex-plus-15.6.1\lib\ltex-ls-plus-18.6.1\lib\hamcrest-core-1.3.jar;c:\Users\Legion_5\.vscode\extensions\ltex-plus.vscode-ltex-plus-15.6.1\lib\ltex-ls-plus-18.6.1\lib\hanlp-portable-1.8.2.jar;c:\Users\Legion_5\.vscode\extensions\ltex-plus.vscode-ltex-plus-15.6.1\lib\ltex-ls-plus-18.6.1\lib\HdrHistogram-2.1.12.jar;c:\Users\Legion_5\.vscode\extensions\ltex-plus.vscode-ltex-plus-15.6.1\lib\ltex-ls-plus-18.6.1\lib\hppc-0.8.2.jar;c:\Users\Legion_5\.vscode\extensions\ltex-plus.vscode-ltex-plus-15.6.1\lib\ltex-ls-plus-18.6.1\lib\hunspell-2.1.2.jar;c:\Users\Legion_5\.vscode\extensions\ltex-plus.vscode-ltex-plus-15.6.1\lib\ltex-ls-plus-18.6.1\lib\icu4j-77.1.jar;c:\Users\Legion_5\.vscode\extensions\ltex-plus.vscode-ltex-plus-15.6.1\lib\ltex-ls-plus-18.6.1\lib\indriya-1.3.jar;c:\Users\Legion_5\.vscode\extensions\ltex-plus.vscode-ltex-plus-15.6.1\lib\ltex-ls-plus-18.6.1\lib\istack-commons-runtime-4.1.2.jar;c:\Users\Legion_5\.vscode\extensions\ltex-plus.vscode-ltex-plus-15.6.1\lib\ltex-ls-plus-18.6.1\lib\j2objc-annotations-3.0.0.jar;c:\Users\Legion_5\.vscode\extensions\ltex-plus.vscode-ltex-plus-15.6.1\lib\ltex-ls-plus-18.6.1\lib\jackson-annotations-2.18.0.jar;c:\Users\Legion_5\.vscode\extensions\ltex-plus.vscode-ltex-plus-15.6.1\lib\ltex-ls-plus-18.6.1\lib\jackson-core-2.18.0.jar;c:\Users\Legion_5\.vscode\extensions\ltex-plus.vscode-ltex-plus-15.6.1\lib\ltex-ls-plus-18.6.1\lib\jackson-databind-2.18.0.jar;c:\Users\Legion_5\.vscode\extensions\ltex-plus.vscode-ltex-plus-15.6.1\lib\ltex-ls-plus-18.6.1\lib\jakarta.activation-1.2.2.jar;c:\Users\Legion_5\.vscode\extensions\ltex-plus.vscode-ltex-plus-15.6.1\lib\ltex-ls-plus-18.6.1\lib\jakarta.activation-api-2.1.3.jar;c:\Users\Legion_5\.vscode\extensions\ltex-plus.vscode-ltex-plus-15.6.1\lib\ltex-ls-plus-18.6.1\lib\jakarta.xml.bind-api-2.3.3.jar;c:\Users\Legion_5\.vscode\extensions\ltex-plus.vscode-ltex-plus-15.6.1\lib\ltex-ls-plus-18.6.1\lib\jansi-2.4.2.jar;c:\Users\Legion_5\.vscode\extensions\ltex-plus.vscode-ltex-plus-15.6.1\lib\ltex-ls-plus-18.6.1\lib\java-diff-utils-4.12.jar;c:\Users\Legion_5\.vscode\extensions\ltex-plus.vscode-ltex-plus-15.6.1\lib\ltex-ls-plus-18.6.1\lib\javax.activation-api-1.2.0.jar;c:\Users\Legion_5\.vscode\extensions\ltex-plus.vscode-ltex-plus-15.6.1\lib\ltex-ls-plus-18.6.1\lib\javax.annotation-api-1.3.2.jar;c:\Users\Legion_5\.vscode\extensions\ltex-plus.vscode-ltex-plus-15.6.1\lib\ltex-ls-plus-18.6.1\lib\jaxb-api-2.3.1.jar;c:\Users\Legion_5\.vscode\extensions\ltex-plus.vscode-ltex-plus-15.6.1\lib\ltex-ls-plus-18.6.1\lib\jaxb-core-2.3.0.1.jar;c:\Users\Legion_5\.vscode\extensions\ltex-plus.vscode-ltex-plus-15.6.1\lib\ltex-ls-plus-18.6.1\lib\jaxb-core-4.0.5.jar;c:\Users\Legion_5\.vscode\extensions\ltex-plus.vscode-ltex-plus-15.6.1\lib\ltex-ls-plus-18.6.1\lib\jaxb-impl-2.3.3.jar;c:\Users\Legion_5\.vscode\extensions\ltex-plus.vscode-ltex-plus-15.6.1\lib\ltex-ls-plus-18.6.1\lib\jaxb-runtime-4.0.5.jar;c:\Users\Legion_5\.vscode\extensions\ltex-plus.vscode-ltex-plus-15.6.1\lib\ltex-ls-plus-18.6.1\lib\jna-5.12.1.jar;c:\Users\Legion_5\.vscode\extensions\ltex-plus.vscode-ltex-plus-15.6.1\lib\ltex-ls-plus-18.6.1\lib\jna-platform-5.12.1.jar;c:\Users\Legion_5\.vscode\extensions\ltex-plus.vscode-ltex-plus-15.6.1\lib\ltex-ls-plus-18.6.1\lib\json-20240303.jar;c:\Users\Legion_5\.vscode\extensions\ltex-plus.vscode-ltex-plus-15.6.1\lib\ltex-ls-plus-18.6.1\lib\jsonic-1.2.11.jar;c:\Users\Legion_5\.vscode\extensions\ltex-plus.vscode-ltex-plus-15.6.1\lib\ltex-ls-plus-18.6.1\lib\jsr305-3.0.2.jar;c:\Users\Legion_5\.vscode\extensions\ltex-plus.vscode-ltex-plus-15.6.1\lib\ltex-ls-plus-18.6.1\lib\junit-4.13.2.jar;c:\Users\Legion_5\.vscode\extensions\ltex-plus.vscode-ltex-plus-15.6.1\lib\ltex-ls-plus-18.6.1\lib\jwordsplitter-4.7.jar;c:\Users\Legion_5\.vscode\extensions\ltex-plus.vscode-ltex-plus-15.6.1\lib\ltex-ls-plus-18.6.1\lib\kotlin-stdlib-2.2.10.jar;c:\Users\Legion_5\.vscode\extensions\ltex-plus.vscode-ltex-plus-15.6.1\lib\ltex-ls-plus-18.6.1\lib\kotlin-stdlib-2.2.20.jar;c:\Users\Legion_5\.vscode\extensions\ltex-plus.vscode-ltex-plus-15.6.1\lib\ltex-ls-plus-18.6.1\lib\language-all-6.7.jar;c:\Users\Legion_5\.vscode\extensions\ltex-plus.vscode-ltex-plus-15.6.1\lib\ltex-ls-plus-18.6.1\lib\language-ar-6.7.jar;c:\Users\Legion_5\.vscode\extensions\ltex-plus.vscode-ltex-plus-15.6.1\lib\ltex-ls-plus-18.6.1\lib\language-ast-6.7.jar;c:\Users\Legion_5\.vscode\extensions\ltex-plus.vscode-ltex-plus-15.6.1\lib\ltex-ls-plus-18.6.1\lib\language-be-6.7.jar;c:\Users\Legion_5\.vscode\extensions\ltex-plus.vscode-ltex-plus-15.6.1\lib\ltex-ls-plus-18.6.1\lib\language-br-6.7.jar;c:\Users\Legion_5\.vscode\extensions\ltex-plus.vscode-ltex-plus-15.6.1\lib\ltex-ls-plus-18.6.1\lib\language-ca-6.7.jar;c:\Users\Legion_5\.vscode\extensions\ltex-plus.vscode-ltex-plus-15.6.1\lib\ltex-ls-plus-18.6.1\lib\language-crh-6.7.jar;c:\Users\Legion_5\.vscode\extensions\ltex-plus.vscode-ltex-plus-15.6.1\lib\ltex-ls-plus-18.6.1\lib\language-da-6.7.jar;c:\Users\Legion_5\.vscode\extensions\ltex-plus.vscode-ltex-plus-15.6.1\lib\ltex-ls-plus-18.6.1\lib\language-de-6.7.jar;c:\Users\Legion_5\.vscode\extensions\ltex-plus.vscode-ltex-plus-15.6.1\lib\ltex-ls-plus-18.6.1\lib\language-de-DE-x-simple-language-6.7.jar;c:\Users\Legion_5\.vscode\extensions\ltex-plus.vscode-ltex-plus-15.6.1\lib\ltex-ls-plus-18.6.1\lib\language-detector-0.6.jar;c:\Users\Legion_5\.vscode\extensions\ltex-plus.vscode-ltex-plus-15.6.1\lib\ltex-ls-plus-18.6.1\lib\language-el-6.7.jar;c:\Users\Legion_5\.vscode\extensions\ltex-plus.vscode-ltex-plus-15.6.1\lib\ltex-ls-plus-18.6.1\lib\language-en-6.7.jar;c:\Users\Legion_5\.vscode\extensions\ltex-plus.vscode-ltex-plus-15.6.1\lib\ltex-ls-plus-18.6.1\lib\language-eo-6.7.jar;c:\Users\Legion_5\.vscode\extensions\ltex-plus.vscode-ltex-plus-15.6.1\lib\ltex-ls-plus-18.6.1\lib\language-es-6.7.jar;c:\Users\Legion_5\.vscode\extensions\ltex-plus.vscode-ltex-plus-15.6.1\lib\ltex-ls-plus-18.6.1\lib\language-fa-6.7.jar;c:\Users\Legion_5\.vscode\extensions\ltex-plus.vscode-ltex-plus-15.6.1\lib\ltex-ls-plus-18.6.1\lib\language-fr-6.7.jar;c:\Users\Legion_5\.vscode\extensions\ltex-plus.vscode-ltex-plus-15.6.1\lib\ltex-ls-plus-18.6.1\lib\language-ga-6.7.jar;c:\Users\Legion_5\.vscode\extensions\ltex-plus.vscode-ltex-plus-15.6.1\lib\ltex-ls-plus-18.6.1\lib\language-gl-6.7.jar;c:\Users\Legion_5\.vscode\extensions\ltex-plus.vscode-ltex-plus-15.6.1\lib\ltex-ls-plus-18.6.1\lib\language-it-6.7.jar;c:\Users\Legion_5\.vscode\extensions\ltex-plus.vscode-ltex-plus-15.6.1\lib\ltex-ls-plus-18.6.1\lib\language-ja-6.7.jar;c:\Users\Legion_5\.vscode\extensions\ltex-plus.vscode-ltex-plus-15.6.1\lib\ltex-ls-plus-18.6.1\lib\language-km-6.7.jar;c:\Users\Legion_5\.vscode\extensions\ltex-plus.vscode-ltex-plus-15.6.1\lib\ltex-ls-plus-18.6.1\lib\language-nl-6.7.jar;c:\Users\Legion_5\.vscode\extensions\ltex-plus.vscode-ltex-plus-15.6.1\lib\ltex-ls-plus-18.6.1\lib\language-pl-6.7.jar;c:\Users\Legion_5\.vscode\extensions\ltex-plus.vscode-ltex-plus-15.6.1\lib\ltex-ls-plus-18.6.1\lib\language-pt-6.7.jar;c:\Users\Legion_5\.vscode\extensions\ltex-plus.vscode-ltex-plus-15.6.1\lib\ltex-ls-plus-18.6.1\lib\language-ro-6.7.jar;c:\Users\Legion_5\.vscode\extensions\ltex-plus.vscode-ltex-plus-15.6.1\lib\ltex-ls-plus-18.6.1\lib\language-ru-6.7.jar;c:\Users\Legion_5\.vscode\extensions\ltex-plus.vscode-ltex-plus-15.6.1\lib\ltex-ls-plus-18.6.1\lib\language-sk-6.7.jar;c:\Users\Legion_5\.vscode\extensions\ltex-plus.vscode-ltex-plus-15.6.1\lib\ltex-ls-plus-18.6.1\lib\language-sl-6.7.jar;c:\Users\Legion_5\.vscode\extensions\ltex-plus.vscode-ltex-plus-15.6.1\lib\ltex-ls-plus-18.6.1\lib\language-sv-6.7.jar;c:\Users\Legion_5\.vscode\extensions\ltex-plus.vscode-ltex-plus-15.6.1\lib\ltex-ls-plus-18.6.1\lib\language-ta-6.7.jar;c:\Users\Legion_5\.vscode\extensions\ltex-plus.vscode-ltex-plus-15.6.1\lib\ltex-ls-plus-18.6.1\lib\language-tl-6.7.jar;c:\Users\Legion_5\.vscode\extensions\ltex-plus.vscode-ltex-plus-15.6.1\lib\ltex-ls-plus-18.6.1\lib\language-uk-6.7.jar;c:\Users\Legion_5\.vscode\extensions\ltex-plus.vscode-ltex-plus-15.6.1\lib\ltex-ls-plus-18.6.1\lib\language-zh-6.7.jar;c:\Users\Legion_5\.vscode\extensions\ltex-plus.vscode-ltex-plus-15.6.1\lib\ltex-ls-plus-18.6.1\lib\languagetool-core-6.7.jar;c:\Users\Legion_5\.vscode\extensions\ltex-plus.vscode-ltex-plus-15.6.1\lib\ltex-ls-plus-18.6.1\lib\languagetool-ga-dicts-0.02.jar;c:\Users\Legion_5\.vscode\extensions\ltex-plus.vscode-ltex-plus-15.6.1\lib\ltex-ls-plus-18.6.1\lib\LatencyUtils-2.0.3.jar;c:\Users\Legion_5\.vscode\extensions\ltex-plus.vscode-ltex-plus-15.6.1\lib\ltex-ls-plus-18.6.1\lib\linguistics.grammardb.spell.languagetool-1.0.2.jar;c:\Users\Legion_5\.vscode\extensions\ltex-plus.vscode-ltex-plus-15.6.1\lib\ltex-ls-plus-18.6.1\lib\listenablefuture-9999.0-empty-to-avoid-conflict-with-guava.jar;c:\Users\Legion_5\.vscode\extensions\ltex-plus.vscode-ltex-plus-15.6.1\lib\ltex-ls-plus-18.6.1\lib\lspcli-2.2.1.jar;c:\Users\Legion_5\.vscode\extensions\ltex-plus.vscode-ltex-plus-15.6.1\lib\ltex-ls-plus-18.6.1\lib\ltexls-plus-18.6.1.jar;c:\Users\Legion_5\.vscode\extensions\ltex-plus.vscode-ltex-plus-15.6.1\lib\ltex-ls-plus-18.6.1\lib\lucene-backward-codecs-5.5.5.jar;c:\Users\Legion_5\.vscode\extensions\ltex-plus.vscode-ltex-plus-15.6.1\lib\ltex-ls-plus-18.6.1\lib\lucene-core-5.5.5.jar;c:\Users\Legion_5\.vscode\extensions\ltex-plus.vscode-ltex-plus-15.6.1\lib\ltex-ls-plus-18.6.1\lib\lucene-gosen-6.2.1-ipadic.jar;c:\Users\Legion_5\.vscode\extensions\ltex-plus.vscode-ltex-plus-15.6.1\lib\ltex-ls-plus-18.6.1\lib\micrometer-core-1.7.12.jar;c:\Users\Legion_5\.vscode\extensions\ltex-plus.vscode-ltex-plus-15.6.1\lib\ltex-ls-plus-18.6.1\lib\micrometer-registry-prometheus-1.7.12.jar;c:\Users\Legion_5\.vscode\extensions\ltex-plus.vscode-ltex-plus-15.6.1\lib\ltex-ls-plus-18.6.1\lib\morfologik-crh-lt-1.0.1.jar;c:\Users\Legion_5\.vscode\extensions\ltex-plus.vscode-ltex-plus-15.6.1\lib\ltex-ls-plus-18.6.1\lib\morfologik-fsa-2.1.9.jar;c:\Users\Legion_5\.vscode\extensions\ltex-plus.vscode-ltex-plus-15.6.1\lib\ltex-ls-plus-18.6.1\lib\morfologik-fsa-builders-2.1.9.jar;c:\Users\Legion_5\.vscode\extensions\ltex-plus.vscode-ltex-plus-15.6.1\lib\ltex-ls-plus-18.6.1\lib\morfologik-speller-2.1.9.jar;c:\Users\Legion_5\.vscode\extensions\ltex-plus.vscode-ltex-plus-15.6.1\lib\ltex-ls-plus-18.6.1\lib\morfologik-stemming-2.1.9.jar;c:\Users\Legion_5\.vscode\extensions\ltex-plus.vscode-ltex-plus-15.6.1\lib\ltex-ls-plus-18.6.1\lib\morfologik-ukrainian-lt-6.7.1.jar;c:\Users\Legion_5\.vscode\extensions\ltex-plus.vscode-ltex-plus-15.6.1\lib\ltex-ls-plus-18.6.1\lib\morphology-el-1.0.0.jar;c:\Users\Legion_5\.vscode\extensions\ltex-plus.vscode-ltex-plus-15.6.1\lib\ltex-ls-plus-18.6.1\lib\opennlp-chunk-models-1.5.jar;c:\Users\Legion_5\.vscode\extensions\ltex-plus.vscode-ltex-plus-15.6.1\lib\ltex-ls-plus-18.6.1\lib\opennlp-postag-models-1.5.jar;c:\Users\Legion_5\.vscode\extensions\ltex-plus.vscode-ltex-plus-15.6.1\lib\ltex-ls-plus-18.6.1\lib\opennlp-tokenize-models-1.5.jar;c:\Users\Legion_5\.vscode\extensions\ltex-plus.vscode-ltex-plus-15.6.1\lib\ltex-ls-plus-18.6.1\lib\opennlp-tools-1.9.4.jar;c:\Users\Legion_5\.vscode\extensions\ltex-plus.vscode-ltex-plus-15.6.1\lib\ltex-ls-plus-18.6.1\lib\openregex-1.1.1.jar;c:\Users\Legion_5\.vscode\extensions\ltex-plus.vscode-ltex-plus-15.6.1\lib\ltex-ls-plus-18.6.1\lib\opentelemetry-api-1.42.1.jar;c:\Users\Legion_5\.vscode\extensions\ltex-plus.vscode-ltex-plus-15.6.1\lib\ltex-ls-plus-18.6.1\lib\opentelemetry-context-1.42.1.jar;c:\Users\Legion_5\.vscode\extensions\ltex-plus.vscode-ltex-plus-15.6.1\lib\ltex-ls-plus-18.6.1\lib\opentelemetry-semconv-1.30.1-alpha.jar;c:\Users\Legion_5\.vscode\extensions\ltex-plus.vscode-ltex-plus-15.6.1\lib\ltex-ls-plus-18.6.1\lib\org.eclipse.lsp4j-0.24.0.jar;c:\Users\Legion_5\.vscode\extensions\ltex-plus.vscode-ltex-plus-15.6.1\lib\ltex-ls-plus-18.6.1\lib\org.eclipse.lsp4j.jsonrpc-0.24.0.jar;c:\Users\Legion_5\.vscode\extensions\ltex-plus.vscode-ltex-plus-15.6.1\lib\ltex-ls-plus-18.6.1\lib\perfmark-api-0.27.0.jar;c:\Users\Legion_5\.vscode\extensions\ltex-plus.vscode-ltex-plus-15.6.1\lib\ltex-ls-plus-18.6.1\lib\picocli-4.7.7.jar;c:\Users\Legion_5\.vscode\extensions\ltex-plus.vscode-ltex-plus-15.6.1\lib\ltex-ls-plus-18.6.1\lib\portuguese-pos-dict-1.2.0.jar;c:\Users\Legion_5\.vscode\extensions\ltex-plus.vscode-ltex-plus-15.6.1\lib\ltex-ls-plus-18.6.1\lib\proto-google-common-protos-2.59.2.jar;c:\Users\Legion_5\.vscode\extensions\ltex-plus.vscode-ltex-plus-15.6.1\lib\ltex-ls-plus-18.6.1\lib\protobuf-java-3.25.8.jar;c:\Users\Legion_5\.vscode\extensions\ltex-plus.vscode-ltex-plus-15.6.1\lib\ltex-ls-plus-18.6.1\lib\resilience4j-circuitbreaker-1.7.1.jar;c:\Users\Legion_5\.vscode\extensions\ltex-plus.vscode-ltex-plus-15.6.1\lib\ltex-ls-plus-18.6.1\lib\resilience4j-core-1.7.1.jar;c:\Users\Legion_5\.vscode\extensions\ltex-plus.vscode-ltex-plus-15.6.1\lib\ltex-ls-plus-18.6.1\lib\resilience4j-micrometer-1.7.1.jar;c:\Users\Legion_5\.vscode\extensions\ltex-plus.vscode-ltex-plus-15.6.1\lib\ltex-ls-plus-18.6.1\lib\segment-2.0.3.jar;c:\Users\Legion_5\.vscode\extensions\ltex-plus.vscode-ltex-plus-15.6.1\lib\ltex-ls-plus-18.6.1\lib\simpleclient-0.16.0.jar;c:\Users\Legion_5\.vscode\extensions\ltex-plus.vscode-ltex-plus-15.6.1\lib\ltex-ls-plus-18.6.1\lib\simpleclient_common-0.10.0.jar;c:\Users\Legion_5\.vscode\extensions\ltex-plus.vscode-ltex-plus-15.6.1\lib\ltex-ls-plus-18.6.1\lib\simpleclient_guava-0.16.0.jar;c:\Users\Legion_5\.vscode\extensions\ltex-plus.vscode-ltex-plus-15.6.1\lib\ltex-ls-plus-18.6.1\lib\simpleclient_tracer_common-0.16.0.jar;c:\Users\Legion_5\.vscode\extensions\ltex-plus.vscode-ltex-plus-15.6.1\lib\ltex-ls-plus-18.6.1\lib\simpleclient_tracer_otel-0.16.0.jar;c:\Users\Legion_5\.vscode\extensions\ltex-plus.vscode-ltex-plus-15.6.1\lib\ltex-ls-plus-18.6.1\lib\simpleclient_tracer_otel_agent-0.16.0.jar;c:\Users\Legion_5\.vscode\extensions\ltex-plus.vscode-ltex-plus-15.6.1\lib\ltex-ls-plus-18.6.1\lib\slf4j-api-2.0.16.jar;c:\Users\Legion_5\.vscode\extensions\ltex-plus.vscode-ltex-plus-15.6.1\lib\ltex-ls-plus-18.6.1\lib\slf4j-nop-2.0.17.jar;c:\Users\Legion_5\.vscode\extensions\ltex-plus.vscode-ltex-plus-15.6.1\lib\ltex-ls-plus-18.6.1\lib\spanish-pos-dict-2.5.jar;c:\Users\Legion_5\.vscode\extensions\ltex-plus.vscode-ltex-plus-15.6.1\lib\ltex-ls-plus-18.6.1\lib\stax2-api-4.2.2.jar;c:\Users\Legion_5\.vscode\extensions\ltex-plus.vscode-ltex-plus-15.6.1\lib\ltex-ls-plus-18.6.1\lib\txw2-4.0.5.jar;c:\Users\Legion_5\.vscode\extensions\ltex-plus.vscode-ltex-plus-15.6.1\lib\ltex-ls-plus-18.6.1\lib\unit-api-1.0.jar;c:\Users\Legion_5\.vscode\extensions\ltex-plus.vscode-ltex-plus-15.6.1\lib\ltex-ls-plus-18.6.1\lib\uom-lib-common-1.1.jar;c:\Users\Legion_5\.vscode\extensions\ltex-plus.vscode-ltex-plus-15.6.1\lib\ltex-ls-plus-18.6.1\lib\vavr-0.10.2.jar;c:\Users\Legion_5\.vscode\extensions\ltex-plus.vscode-ltex-plus-15.6.1\lib\ltex-ls-plus-18.6.1\lib\vavr-match-0.10.2.jar;c:\Users\Legion_5\.vscode\extensions\ltex-plus.vscode-ltex-plus-15.6.1\lib\ltex-ls-plus-18.6.1\lib\woodstox-core-7.1.1.jar
Launcher Type: SUN_STANDARD

[Global flags]
     intx CICompilerCount                          = 12                                        {product} {ergonomic}
     uint ConcGCThreads                            = 5                                         {product} {ergonomic}
     uint G1ConcRefinementThreads                  = 18                                        {product} {ergonomic}
   size_t G1HeapRegionSize                         = 1048576                                   {product} {ergonomic}
    uintx GCDrainStackTargetSize                   = 64                                        {product} {ergonomic}
   size_t InitialHeapSize                          = 67108864                                  {product} {command line}
   size_t MarkStackSize                            = 4194304                                   {product} {ergonomic}
   size_t MaxHeapSize                              = 2147483648                                {product} {command line}
   size_t MaxNewSize                               = 1287651328                                {product} {ergonomic}
   size_t MinHeapDeltaBytes                        = 1048576                                   {product} {ergonomic}
   size_t MinHeapSize                              = 67108864                                  {product} {command line}
    uintx NonNMethodCodeHeapSize                   = 7602480                                {pd product} {ergonomic}
    uintx NonProfiledCodeHeapSize                  = 122027880                              {pd product} {ergonomic}
    uintx ProfiledCodeHeapSize                     = 122027880                              {pd product} {ergonomic}
    uintx ReservedCodeCacheSize                    = 251658240                              {pd product} {ergonomic}
     bool SegmentedCodeCache                       = true                                      {product} {ergonomic}
   size_t SoftMaxHeapSize                          = 2147483648                             {manageable} {ergonomic}
     bool UseCompressedOops                        = true                           {product lp64_product} {ergonomic}
     bool UseG1GC                                  = true                                      {product} {ergonomic}
     bool UseLargePagesIndividualAllocation        = false                                  {pd product} {ergonomic}

Logging:
Log output configuration:
 #0: stdout all=warning uptime,level,tags foldmultilines=false
 #1: stderr all=off uptime,level,tags foldmultilines=false

Environment Variables:
JAVA_HOME=c:\Users\Legion_5\.vscode\extensions\ltex-plus.vscode-ltex-plus-15.6.1\lib\ltex-ls-plus-18.6.1\jdk-21.0.8+9
CLASSPATH="c:\Users\Legion_5\.vscode\extensions\ltex-plus.vscode-ltex-plus-15.6.1\lib\ltex-ls-plus-18.6.1"\etc;"c:\Users\Legion_5\.vscode\extensions\ltex-plus.vscode-ltex-plus-15.6.1\lib\ltex-ls-plus-18.6.1\lib"\*
PATH=D:\program_files\bin;C:\Python314\Scripts\;C:\Python314\;C:\msys64\ucrt64\bin;C:\Python313\Scripts\;C:\Python313\;C:\WINDOWS\system32;C:\WINDOWS;C:\WINDOWS\System32\Wbem;C:\WINDOWS\System32\WindowsPowerShell\v1.0\;C:\WINDOWS\System32\OpenSSH\;C:\Program Files\NVIDIA Corporation\NVIDIA App\NvDLISR;C:\Program Files (x86)\NVIDIA Corporation\PhysX\Common;C:\Program Files (x86)\Windows Kits\10\Windows Performance Toolkit\;C:\ProgramData\chocolatey\bin;C:\Program Files\WireGuard\;C:\Program Files\Wolfram Research\WolframScript\;C:\Program Files\doxygen\bin;C:\msys64\ucrt64\bin;C:\Program Files\dotnet\;C:\Program Files\nodejs\;C:\Program Files\cursor\resources\app\bin;C:\Program Files\RuDesktop\;C:\Tools\clangd-windows-21.1.0\clangd_21.1.0\bin;C:\Program Files\Git\cmd;C:\Program Files\PowerShell\7\;C:\Program Files\Docker\Docker\resources\bin;C:\Users\Legion_5\AppData\Local\Microsoft\WindowsApps;C:\msys64\ucrt64\bin;C:\Users\Legion_5\AppData\Local\Programs\Microsoft VS Code\bin;C:\Users\Legion_5\AppData\Roaming\npm;D:\Antigravity\bin;C:\texlive\2025\bin\windows;C:\Users\Legion_5\AppData\Local\Programs\cursor\resources\app\bin;C:\Users\Legion_5\.local\bin;C:\Users\Legion_5\AppData\Local\PowerToys\DSCModules\;D:\program_files\pandoc-3.9.0.2-windows-x86_64\pandoc-3.9.0.2\;
USERNAME=Legion_5
OS=Windows_NT
PROCESSOR_IDENTIFIER=Intel64 Family 6 Model 183 Stepping 1, GenuineIntel
TMP=C:\Users\Legion_5\AppData\Local\Temp
TEMP=C:\Users\Legion_5\AppData\Local\Temp




Periodic native trim disabled

---------------  S Y S T E M  ---------------

OS:
 Windows 11 , 64 bit Build 26100 (10.0.26100.8328)
OS uptime: 0 days 10:45 hours
Hyper-V role detected

CPU: total 24 (initial active 24) (12 cores per cpu, 2 threads per core) family 6 model 183 stepping 1 microcode 0x133, cx8, cmov, fxsr, ht, mmx, 3dnowpref, sse, sse2, sse3, ssse3, sse4.1, sse4.2, popcnt, lzcnt, tsc, tscinvbit, avx, avx2, aes, erms, clmul, bmi1, bmi2, adx, sha, fma, vzeroupper, clflush, clflushopt, clwb, hv, serialize, rdtscp, rdpid, fsrm, f16c, cet_ibt, cet_ss
Processor Information for processor 0
  Max Mhz: 2200, Current Mhz: 2200, Mhz Limit: 2200
Processor Information for processor 1
  Max Mhz: 2200, Current Mhz: 2200, Mhz Limit: 2200
Processor Information for processor 2
  Max Mhz: 2200, Current Mhz: 1466, Mhz Limit: 2200
Processor Information for processor 3
  Max Mhz: 2200, Current Mhz: 2200, Mhz Limit: 2200
Processor Information for processor 4
  Max Mhz: 2200, Current Mhz: 2200, Mhz Limit: 2200
Processor Information for processor 5
  Max Mhz: 2200, Current Mhz: 2200, Mhz Limit: 2200
Processor Information for processor 6
  Max Mhz: 2200, Current Mhz: 2200, Mhz Limit: 2200
Processor Information for processor 7
  Max Mhz: 2200, Current Mhz: 2200, Mhz Limit: 2200
Processor Information for processor 8
  Max Mhz: 2200, Current Mhz: 2200, Mhz Limit: 2200
Processor Information for processor 9
  Max Mhz: 2200, Current Mhz: 2200, Mhz Limit: 2200
Processor Information for processor 10
  Max Mhz: 2200, Current Mhz: 2200, Mhz Limit: 2200
Processor Information for processor 11
  Max Mhz: 2200, Current Mhz: 2200, Mhz Limit: 2200
Processor Information for processor 12
  Max Mhz: 2200, Current Mhz: 2200, Mhz Limit: 2200
Processor Information for processor 13
  Max Mhz: 2200, Current Mhz: 2200, Mhz Limit: 2200
Processor Information for processor 14
  Max Mhz: 2200, Current Mhz: 2200, Mhz Limit: 2200
Processor Information for processor 15
  Max Mhz: 2200, Current Mhz: 2200, Mhz Limit: 2200
Processor Information for processor 16
  Max Mhz: 2200, Current Mhz: 2200, Mhz Limit: 2200
Processor Information for processor 17
  Max Mhz: 2200, Current Mhz: 2200, Mhz Limit: 2200
Processor Information for processor 18
  Max Mhz: 2200, Current Mhz: 1512, Mhz Limit: 2200
Processor Information for processor 19
  Max Mhz: 2200, Current Mhz: 1512, Mhz Limit: 2200
Processor Information for processor 20
  Max Mhz: 2200, Current Mhz: 1512, Mhz Limit: 2200
Processor Information for processor 21
  Max Mhz: 2200, Current Mhz: 1512, Mhz Limit: 2200
Processor Information for processor 22
  Max Mhz: 2200, Current Mhz: 1512, Mhz Limit: 2200
Processor Information for processor 23
  Max Mhz: 2200, Current Mhz: 1512, Mhz Limit: 2200

Memory: 4k page, system-wide physical 16091M (1342M free)
TotalPageFile size 24283M (AvailPageFile size 4M)
current process WorkingSet (physical memory assigned to process): 855M, peak: 934M
current process commit charge ("private bytes"): 919M, peak: 1003M

vm_info: OpenJDK 64-Bit Server VM (21.0.8+9-LTS) for windows-amd64 JRE (21.0.8+9-LTS), built on 2025-07-15T00:00:00Z by "admin" with MS VC++ 17.7 (VS2022)

END.
